run_id,status,RL1_value,C1_value,raw_file,log_file,plot_file,manual_behavior_label,manual_notes,error
0,ok,7000.0,2.0000000000000004e-08,C:\Users\vchat\Downloads\Vaishnavi_s_Thesis\automation\results_behavior_windows\refractory\coupling_rl1_c1\raw_runs\map_0000.raw,C:\Users\vchat\Downloads\Vaishnavi_s_Thesis\automation\results_behavior_windows\refractory\coupling_rl1_c1\raw_runs\map_0000.log,C:\Users\vchat\Downloads\Vaishnavi_s_Thesis\automation\results_behavior_windows\refractory\coupling_rl1_c1\plots\map_0000.png,,,
1,ok,7000.0,2.0155895493221232e-08,C:\Users\vchat\Downloads\Vaishnavi_s_Thesis\automation\results_behavior_windows\refractory\coupling_rl1_c1\raw_runs\map_0001.raw,C:\Users\vchat\Downloads\Vaishnavi_s_Thesis\automation\results_behavior_windows\refractory\coupling_rl1_c1\raw_runs\map_0001.log,C:\Users\vchat\Downloads\Vaishnavi_s_Thesis\automation\results_behavior_windows\refractory\coupling_rl1_c1\plots\map_0001.png,,,
2,ok,7000.0,2.0313006156682795e-08,C:\Users\vchat\Downloads\Vaishnavi_s_Thesis\automation\results_behavior_windows\refractory\coupling_rl1_c1\raw_runs\map_0002.raw,C:\Users\vchat\Downloads\Vaishnavi_s_Thesis\automation\results_behavior_windows\refractory\coupling_rl1_c1\raw_runs\map_0002.log,C:\Users\vchat\Downloads\Vaishnavi_s_Thesis\automation\results_behavior_windows\refractory\coupling_rl1_c1\plots\map_0002.png,,,
3,ok,7000.0,2.047134146236293e-08,C:\Users\vchat\Downloads\Vaishnavi_s_Thesis\automation\results_behavior_windows\refractory\coupling_rl1_c1\raw_runs\map_0003.raw,C:\Users\vchat\Downloads\Vaishnavi_s_Thesis\automation\results_behavior_windows\refractory\coupling_rl1_c1\raw_runs\map_0003.log,C:\Users\vchat\Downloads\Vaishnavi_s_Thesis\automation\results_behavior_windows\refractory\coupling_rl1_c1\plots\map_0003.png,,,
4,ok,7000.0,2.0630910956071693e-08,C:\Users\vchat\Downloads\Vaishnavi_s_Thesis\automation\results_behavior_windows\refractory\coupling_rl1_c1\raw_runs\map_0004.raw,C:\Users\vchat\Downloads\Vaishnavi_s_Thesis\automation\results_behavior_windows\refractory\coupling_rl1_c1\raw_runs\map_0004.log,C:\Users\vchat\Downloads\Vaishnavi_s_Thesis\automation\results_behavior_windows\refractory\coupling_rl1_c1\plots\map_0004.png,,,
5,ok,7000.0,2.0791724258026693e-08,C:\Users\vchat\Downloads\Vaishnavi_s_Thesis\automation\results_behavior_windows\refractory\coupling_rl1_c1\raw_runs\map_0005.raw,C:\Users\vchat\Downloads\Vaishnavi_s_Thesis\automation\results_behavior_windows\refractory\coupling_rl1_c1\raw_runs\map_0005.log,C:\Users\vchat\Downloads\Vaishnavi_s_Thesis\automation\results_behavior_windows\refractory\coupling_rl1_c1\plots\map_0005.png,,,
6,ok,7000.0,2.0953791063432937e-08,C:\Users\vchat\Downloads\Vaishnavi_s_Thesis\automation\results_behavior_windows\refractory\coupling_rl1_c1\raw_runs\map_0006.raw,C:\Users\vchat\Downloads\Vaishnavi_s_Thesis\automation\results_behavior_windows\refractory\coupling_rl1_c1\raw_runs\map_0006.log,C:\Users\vchat\Downloads\Vaishnavi_s_Thesis\automation\results_behavior_windows\refractory\coupling_rl1_c1\plots\map_0006.png,,,
7,ok,7000.0,2.11171211430674e-08,C:\Users\vchat\Downloads\Vaishnavi_s_Thesis\automation\results_behavior_windows\refractory\coupling_rl1_c1\raw_runs\map_0007.raw,C:\Users\vchat\Downloads\Vaishnavi_s_Thesis\automation\results_behavior_windows\refractory\coupling_rl1_c1\raw_runs\map_0007.log,C:\Users\vchat\Downloads\Vaishnavi_s_Thesis\automation\results_behavior_windows\refractory\coupling_rl1_c1\plots\map_0007.png,,,
8,ok,7000.0,2.1281724343867947e-08,C:\Users\vchat\Downloads\Vaishnavi_s_Thesis\automation\results_behavior_windows\refractory\coupling_rl1_c1\raw_runs\map_0008.raw,C:\Users\vchat\Downloads\Vaishnavi_s_Thesis\automation\results_behavior_windows\refractory\coupling_rl1_c1\raw_runs\map_0008.log,C:\Users\vchat\Downloads\Vaishnavi_s_Thesis\automation\results_behavior_windows\refractory\coupling_rl1_c1\plots\map_0008.png,,,
9,ok,7000.0,2.144761058952722e-08,C:\Users\vchat\Downloads\Vaishnavi_s_Thesis\automation\results_behavior_windows\refractory\coupling_rl1_c1\raw_runs\map_0009.raw,C:\Users\vchat\Downloads\Vaishnavi_s_Thesis\automation\results_behavior_windows\refractory\coupling_rl1_c1\raw_runs\map_0009.log,C:\Users\vchat\Downloads\Vaishnavi_s_Thesis\automation\results_behavior_windows\refractory\coupling_rl1_c1\plots\map_0009.png,,,
10,ok,7000.0,2.1614789881090783e-08,C:\Users\vchat\Downloads\Vaishnavi_s_Thesis\automation\results_behavior_windows\refractory\coupling_rl1_c1\raw_runs\map_0010.raw,C:\Users\vchat\Downloads\Vaishnavi_s_Thesis\automation\results_behavior_windows\refractory\coupling_rl1_c1\raw_runs\map_0010.log,C:\Users\vchat\Downloads\Vaishnavi_s_Thesis\automation\results_behavior_windows\refractory\coupling_rl1_c1\plots\map_0010.png,,,
11,ok,7000.0,2.1783272297560075e-08,C:\Users\vchat\Downloads\Vaishnavi_s_Thesis\automation\results_behavior_windows\refractory\coupling_rl1_c1\raw_runs\map_0011.raw,C:\Users\vchat\Downloads\Vaishnavi_s_Thesis\automation\results_behavior_windows\refractory\coupling_rl1_c1\raw_runs\map_0011.log,C:\Users\vchat\Downloads\Vaishnavi_s_Thesis\automation\results_behavior_windows\refractory\coupling_rl1_c1\plots\map_0011.png,,,
12,ok,7000.0,2.1953067996500143e-08,C:\Users\vchat\Downloads\Vaishnavi_s_Thesis\automation\results_behavior_windows\refractory\coupling_rl1_c1\raw_runs\map_0012.raw,C:\Users\vchat\Downloads\Vaishnavi_s_Thesis\automation\results_behavior_windows\refractory\coupling_rl1_c1\raw_runs\map_0012.log,C:\Users\vchat\Downloads\Vaishnavi_s_Thesis\automation\results_behavior_windows\refractory\coupling_rl1_c1\plots\map_0012.png,,,
13,ok,7000.0,2.2124187214651817e-08,C:\Users\vchat\Downloads\Vaishnavi_s_Thesis\automation\results_behavior_windows\refractory\coupling_rl1_c1\raw_runs\map_0013.raw,C:\Users\vchat\Downloads\Vaishnavi_s_Thesis\automation\results_behavior_windows\refractory\coupling_rl1_c1\raw_runs\map_0013.log,C:\Users\vchat\Downloads\Vaishnavi_s_Thesis\automation\results_behavior_windows\refractory\coupling_rl1_c1\plots\map_0013.png,,,
14,ok,7000.0,2.2296640268549164e-08,C:\Users\vchat\Downloads\Vaishnavi_s_Thesis\automation\results_behavior_windows\refractory\coupling_rl1_c1\raw_runs\map_0014.raw,C:\Users\vchat\Downloads\Vaishnavi_s_Thesis\automation\results_behavior_windows\refractory\coupling_rl1_c1\raw_runs\map_0014.log,C:\Users\vchat\Downloads\Vaishnavi_s_Thesis\automation\results_behavior_windows\refractory\coupling_rl1_c1\plots\map_0014.png,,,
15,ok,7000.0,2.2470437555141253e-08,C:\Users\vchat\Downloads\Vaishnavi_s_Thesis\automation\results_behavior_windows\refractory\coupling_rl1_c1\raw_runs\map_0015.raw,C:\Users\vchat\Downloads\Vaishnavi_s_Thesis\automation\results_behavior_windows\refractory\coupling_rl1_c1\raw_runs\map_0015.log,C:\Users\vchat\Downloads\Vaishnavi_s_Thesis\automation\results_behavior_windows\refractory\coupling_rl1_c1\plots\map_0015.png,,,
16,ok,7000.0,2.2645589552419077e-08,C:\Users\vchat\Downloads\Vaishnavi_s_Thesis\automation\results_behavior_windows\refractory\coupling_rl1_c1\raw_runs\map_0016.raw,C:\Users\vchat\Downloads\Vaishnavi_s_Thesis\automation\results_behavior_windows\refractory\coupling_rl1_c1\raw_runs\map_0016.log,C:\Users\vchat\Downloads\Vaishnavi_s_Thesis\automation\results_behavior_windows\refractory\coupling_rl1_c1\plots\map_0016.png,,,
17,ok,7000.0,2.282210682004707e-08,C:\Users\vchat\Downloads\Vaishnavi_s_Thesis\automation\results_behavior_windows\refractory\coupling_rl1_c1\raw_runs\map_0017.raw,C:\Users\vchat\Downloads\Vaishnavi_s_Thesis\automation\results_behavior_windows\refractory\coupling_rl1_c1\raw_runs\map_0017.log,C:\Users\vchat\Downloads\Vaishnavi_s_Thesis\automation\results_behavior_windows\refractory\coupling_rl1_c1\plots\map_0017.png,,,
18,ok,7000.0,2.300000000000001e-08,C:\Users\vchat\Downloads\Vaishnavi_s_Thesis\automation\results_behavior_windows\refractory\coupling_rl1_c1\raw_runs\map_0018.raw,C:\Users\vchat\Downloads\Vaishnavi_s_Thesis\automation\results_behavior_windows\refractory\coupling_rl1_c1\raw_runs\map_0018.log,C:\Users\vchat\Downloads\Vaishnavi_s_Thesis\automation\results_behavior_windows\refractory\coupling_rl1_c1\plots\map_0018.png,,,
19,ok,7050.0,2.0000000000000004e-08,C:\Users\vchat\Downloads\Vaishnavi_s_Thesis\automation\results_behavior_windows\refractory\coupling_rl1_c1\raw_runs\map_0019.raw,C:\Users\vchat\Downloads\Vaishnavi_s_Thesis\automation\results_behavior_windows\refractory\coupling_rl1_c1\raw_runs\map_0019.log,C:\Users\vchat\Downloads\Vaishnavi_s_Thesis\automation\results_behavior_windows\refractory\coupling_rl1_c1\plots\map_0019.png,,,
20,ok,7050.0,2.0155895493221232e-08,C:\Users\vchat\Downloads\Vaishnavi_s_Thesis\automation\results_behavior_windows\refractory\coupling_rl1_c1\raw_runs\map_0020.raw,C:\Users\vchat\Downloads\Vaishnavi_s_Thesis\automation\results_behavior_windows\refractory\coupling_rl1_c1\raw_runs\map_0020.log,C:\Users\vchat\Downloads\Vaishnavi_s_Thesis\automation\results_behavior_windows\refractory\coupling_rl1_c1\plots\map_0020.png,,,
21,ok,7050.0,2.0313006156682795e-08,C:\Users\vchat\Downloads\Vaishnavi_s_Thesis\automation\results_behavior_windows\refractory\coupling_rl1_c1\raw_runs\map_0021.raw,C:\Users\vchat\Downloads\Vaishnavi_s_Thesis\automation\results_behavior_windows\refractory\coupling_rl1_c1\raw_runs\map_0021.log,C:\Users\vchat\Downloads\Vaishnavi_s_Thesis\automation\results_behavior_windows\refractory\coupling_rl1_c1\plots\map_0021.png,,,
22,ok,7050.0,2.047134146236293e-08,C:\Users\vchat\Downloads\Vaishnavi_s_Thesis\automation\results_behavior_windows\refractory\coupling_rl1_c1\raw_runs\map_0022.raw,C:\Users\vchat\Downloads\Vaishnavi_s_Thesis\automation\results_behavior_windows\refractory\coupling_rl1_c1\raw_runs\map_0022.log,C:\Users\vchat\Downloads\Vaishnavi_s_Thesis\automation\results_behavior_windows\refractory\coupling_rl1_c1\plots\map_0022.png,,,
23,ok,7050.0,2.0630910956071693e-08,C:\Users\vchat\Downloads\Vaishnavi_s_Thesis\automation\results_behavior_windows\refractory\coupling_rl1_c1\raw_runs\map_0023.raw,C:\Users\vchat\Downloads\Vaishnavi_s_Thesis\automation\results_behavior_windows\refractory\coupling_rl1_c1\raw_runs\map_0023.log,C:\Users\vchat\Downloads\Vaishnavi_s_Thesis\automation\results_behavior_windows\refractory\coupling_rl1_c1\plots\map_0023.png,,,
24,ok,7050.0,2.0791724258026693e-08,C:\Users\vchat\Downloads\Vaishnavi_s_Thesis\automation\results_behavior_windows\refractory\coupling_rl1_c1\raw_runs\map_0024.raw,C:\Users\vchat\Downloads\Vaishnavi_s_Thesis\automation\results_behavior_windows\refractory\coupling_rl1_c1\raw_runs\map_0024.log,C:\Users\vchat\Downloads\Vaishnavi_s_Thesis\automation\results_behavior_windows\refractory\coupling_rl1_c1\plots\map_0024.png,,,
25,ok,7050.0,2.0953791063432937e-08,C:\Users\vchat\Downloads\Vaishnavi_s_Thesis\automation\results_behavior_windows\refractory\coupling_rl1_c1\raw_runs\map_0025.raw,C:\Users\vchat\Downloads\Vaishnavi_s_Thesis\automation\results_behavior_windows\refractory\coupling_rl1_c1\raw_runs\map_0025.log,C:\Users\vchat\Downloads\Vaishnavi_s_Thesis\automation\results_behavior_windows\refractory\coupling_rl1_c1\plots\map_0025.png,,,
26,ok,7050.0,2.11171211430674e-08,C:\Users\vchat\Downloads\Vaishnavi_s_Thesis\automation\results_behavior_windows\refractory\coupling_rl1_c1\raw_runs\map_0026.raw,C:\Users\vchat\Downloads\Vaishnavi_s_Thesis\automation\results_behavior_windows\refractory\coupling_rl1_c1\raw_runs\map_0026.log,C:\Users\vchat\Downloads\Vaishnavi_s_Thesis\automation\results_behavior_windows\refractory\coupling_rl1_c1\plots\map_0026.png,,,
27,ok,7050.0,2.1281724343867947e-08,C:\Users\vchat\Downloads\Vaishnavi_s_Thesis\automation\results_behavior_windows\refractory\coupling_rl1_c1\raw_runs\map_0027.raw,C:\Users\vchat\Downloads\Vaishnavi_s_Thesis\automation\results_behavior_windows\refractory\coupling_rl1_c1\raw_runs\map_0027.log,C:\Users\vchat\Downloads\Vaishnavi_s_Thesis\automation\results_behavior_windows\refractory\coupling_rl1_c1\plots\map_0027.png,,,
28,ok,7050.0,2.144761058952722e-08,C:\Users\vchat\Downloads\Vaishnavi_s_Thesis\automation\results_behavior_windows\refractory\coupling_rl1_c1\raw_runs\map_0028.raw,C:\Users\vchat\Downloads\Vaishnavi_s_Thesis\automation\results_behavior_windows\refractory\coupling_rl1_c1\raw_runs\map_0028.log,C:\Users\vchat\Downloads\Vaishnavi_s_Thesis\automation\results_behavior_windows\refractory\coupling_rl1_c1\plots\map_0028.png,,,
29,ok,7050.0,2.1614789881090783e-08,C:\Users\vchat\Downloads\Vaishnavi_s_Thesis\automation\results_behavior_windows\refractory\coupling_rl1_c1\raw_runs\map_0029.raw,C:\Users\vchat\Downloads\Vaishnavi_s_Thesis\automation\results_behavior_windows\refractory\coupling_rl1_c1\raw_runs\map_0029.log,C:\Users\vchat\Downloads\Vaishnavi_s_Thesis\automation\results_behavior_windows\refractory\coupling_rl1_c1\plots\map_0029.png,,,
30,ok,7050.0,2.1783272297560075e-08,C:\Users\vchat\Downloads\Vaishnavi_s_Thesis\automation\results_behavior_windows\refractory\coupling_rl1_c1\raw_runs\map_0030.raw,C:\Users\vchat\Downloads\Vaishnavi_s_Thesis\automation\results_behavior_windows\refractory\coupling_rl1_c1\raw_runs\map_0030.log,C:\Users\vchat\Downloads\Vaishnavi_s_Thesis\automation\results_behavior_windows\refractory\coupling_rl1_c1\plots\map_0030.png,,,
31,ok,7050.0,2.1953067996500143e-08,C:\Users\vchat\Downloads\Vaishnavi_s_Thesis\automation\results_behavior_windows\refractory\coupling_rl1_c1\raw_runs\map_0031.raw,C:\Users\vchat\Downloads\Vaishnavi_s_Thesis\automation\results_behavior_windows\refractory\coupling_rl1_c1\raw_runs\map_0031.log,C:\Users\vchat\Downloads\Vaishnavi_s_Thesis\automation\results_behavior_windows\refractory\coupling_rl1_c1\plots\map_0031.png,,,
32,ok,7050.0,2.2124187214651817e-08,C:\Users\vchat\Downloads\Vaishnavi_s_Thesis\automation\results_behavior_windows\refractory\coupling_rl1_c1\raw_runs\map_0032.raw,C:\Users\vchat\Downloads\Vaishnavi_s_Thesis\automation\results_behavior_windows\refractory\coupling_rl1_c1\raw_runs\map_0032.log,C:\Users\vchat\Downloads\Vaishnavi_s_Thesis\automation\results_behavior_windows\refractory\coupling_rl1_c1\plots\map_0032.png,,,
33,ok,7050.0,2.2296640268549164e-08,C:\Users\vchat\Downloads\Vaishnavi_s_Thesis\automation\results_behavior_windows\refractory\coupling_rl1_c1\raw_runs\map_0033.raw,C:\Users\vchat\Downloads\Vaishnavi_s_Thesis\automation\results_behavior_windows\refractory\coupling_rl1_c1\raw_runs\map_0033.log,C:\Users\vchat\Downloads\Vaishnavi_s_Thesis\automation\results_behavior_windows\refractory\coupling_rl1_c1\plots\map_0033.png,,,
34,ok,7050.0,2.2470437555141253e-08,C:\Users\vchat\Downloads\Vaishnavi_s_Thesis\automation\results_behavior_windows\refractory\coupling_rl1_c1\raw_runs\map_0034.raw,C:\Users\vchat\Downloads\Vaishnavi_s_Thesis\automation\results_behavior_windows\refractory\coupling_rl1_c1\raw_runs\map_0034.log,C:\Users\vchat\Downloads\Vaishnavi_s_Thesis\automation\results_behavior_windows\refractory\coupling_rl1_c1\plots\map_0034.png,,,
35,ok,7050.0,2.2645589552419077e-08,C:\Users\vchat\Downloads\Vaishnavi_s_Thesis\automation\results_behavior_windows\refractory\coupling_rl1_c1\raw_runs\map_0035.raw,C:\Users\vchat\Downloads\Vaishnavi_s_Thesis\automation\results_behavior_windows\refractory\coupling_rl1_c1\raw_runs\map_0035.log,C:\Users\vchat\Downloads\Vaishnavi_s_Thesis\automation\results_behavior_windows\refractory\coupling_rl1_c1\plots\map_0035.png,,,
36,ok,7050.0,2.282210682004707e-08,C:\Users\vchat\Downloads\Vaishnavi_s_Thesis\automation\results_behavior_windows\refractory\coupling_rl1_c1\raw_runs\map_0036.raw,C:\Users\vchat\Downloads\Vaishnavi_s_Thesis\automation\results_behavior_windows\refractory\coupling_rl1_c1\raw_runs\map_0036.log,C:\Users\vchat\Downloads\Vaishnavi_s_Thesis\automation\results_behavior_windows\refractory\coupling_rl1_c1\plots\map_0036.png,,,
37,ok,7050.0,2.300000000000001e-08,C:\Users\vchat\Downloads\Vaishnavi_s_Thesis\automation\results_behavior_windows\refractory\coupling_rl1_c1\raw_runs\map_0037.raw,C:\Users\vchat\Downloads\Vaishnavi_s_Thesis\automation\results_behavior_windows\refractory\coupling_rl1_c1\raw_runs\map_0037.log,C:\Users\vchat\Downloads\Vaishnavi_s_Thesis\automation\results_behavior_windows\refractory\coupling_rl1_c1\plots\map_0037.png,,,
38,ok,7100.0,2.0000000000000004e-08,C:\Users\vchat\Downloads\Vaishnavi_s_Thesis\automation\results_behavior_windows\refractory\coupling_rl1_c1\raw_runs\map_0038.raw,C:\Users\vchat\Downloads\Vaishnavi_s_Thesis\automation\results_behavior_windows\refractory\coupling_rl1_c1\raw_runs\map_0038.log,C:\Users\vchat\Downloads\Vaishnavi_s_Thesis\automation\results_behavior_windows\refractory\coupling_rl1_c1\plots\map_0038.png,,,
39,ok,7100.0,2.0155895493221232e-08,C:\Users\vchat\Downloads\Vaishnavi_s_Thesis\automation\results_behavior_windows\refractory\coupling_rl1_c1\raw_runs\map_0039.raw,C:\Users\vchat\Downloads\Vaishnavi_s_Thesis\automation\results_behavior_windows\refractory\coupling_rl1_c1\raw_runs\map_0039.log,C:\Users\vchat\Downloads\Vaishnavi_s_Thesis\automation\results_behavior_windows\refractory\coupling_rl1_c1\plots\map_0039.png,,,
40,ok,7100.0,2.0313006156682795e-08,C:\Users\vchat\Downloads\Vaishnavi_s_Thesis\automation\results_behavior_windows\refractory\coupling_rl1_c1\raw_runs\map_0040.raw,C:\Users\vchat\Downloads\Vaishnavi_s_Thesis\automation\results_behavior_windows\refractory\coupling_rl1_c1\raw_runs\map_0040.log,C:\Users\vchat\Downloads\Vaishnavi_s_Thesis\automation\results_behavior_windows\refractory\coupling_rl1_c1\plots\map_0040.png,,,
41,ok,7100.0,2.047134146236293e-08,C:\Users\vchat\Downloads\Vaishnavi_s_Thesis\automation\results_behavior_windows\refractory\coupling_rl1_c1\raw_runs\map_0041.raw,C:\Users\vchat\Downloads\Vaishnavi_s_Thesis\automation\results_behavior_windows\refractory\coupling_rl1_c1\raw_runs\map_0041.log,C:\Users\vchat\Downloads\Vaishnavi_s_Thesis\automation\results_behavior_windows\refractory\coupling_rl1_c1\plots\map_0041.png,,,
42,ok,7100.0,2.0630910956071693e-08,C:\Users\vchat\Downloads\Vaishnavi_s_Thesis\automation\results_behavior_windows\refractory\coupling_rl1_c1\raw_runs\map_0042.raw,C:\Users\vchat\Downloads\Vaishnavi_s_Thesis\automation\results_behavior_windows\refractory\coupling_rl1_c1\raw_runs\map_0042.log,C:\Users\vchat\Downloads\Vaishnavi_s_Thesis\automation\results_behavior_windows\refractory\coupling_rl1_c1\plots\map_0042.png,,,
43,ok,7100.0,2.0791724258026693e-08,C:\Users\vchat\Downloads\Vaishnavi_s_Thesis\automation\results_behavior_windows\refractory\coupling_rl1_c1\raw_runs\map_0043.raw,C:\Users\vchat\Downloads\Vaishnavi_s_Thesis\automation\results_behavior_windows\refractory\coupling_rl1_c1\raw_runs\map_0043.log,C:\Users\vchat\Downloads\Vaishnavi_s_Thesis\automation\results_behavior_windows\refractory\coupling_rl1_c1\plots\map_0043.png,,,
44,ok,7100.0,2.0953791063432937e-08,C:\Users\vchat\Downloads\Vaishnavi_s_Thesis\automation\results_behavior_windows\refractory\coupling_rl1_c1\raw_runs\map_0044.raw,C:\Users\vchat\Downloads\Vaishnavi_s_Thesis\automation\results_behavior_windows\refractory\coupling_rl1_c1\raw_runs\map_0044.log,C:\Users\vchat\Downloads\Vaishnavi_s_Thesis\automation\results_behavior_windows\refractory\coupling_rl1_c1\plots\map_0044.png,,,
45,ok,7100.0,2.11171211430674e-08,C:\Users\vchat\Downloads\Vaishnavi_s_Thesis\automation\results_behavior_windows\refractory\coupling_rl1_c1\raw_runs\map_0045.raw,C:\Users\vchat\Downloads\Vaishnavi_s_Thesis\automation\results_behavior_windows\refractory\coupling_rl1_c1\raw_runs\map_0045.log,C:\Users\vchat\Downloads\Vaishnavi_s_Thesis\automation\results_behavior_windows\refractory\coupling_rl1_c1\plots\map_0045.png,,,
46,ok,7100.0,2.1281724343867947e-08,C:\Users\vchat\Downloads\Vaishnavi_s_Thesis\automation\results_behavior_windows\refractory\coupling_rl1_c1\raw_runs\map_0046.raw,C:\Users\vchat\Downloads\Vaishnavi_s_Thesis\automation\results_behavior_windows\refractory\coupling_rl1_c1\raw_runs\map_0046.log,C:\Users\vchat\Downloads\Vaishnavi_s_Thesis\automation\results_behavior_windows\refractory\coupling_rl1_c1\plots\map_0046.png,,,
47,ok,7100.0,2.144761058952722e-08,C:\Users\vchat\Downloads\Vaishnavi_s_Thesis\automation\results_behavior_windows\refractory\coupling_rl1_c1\raw_runs\map_0047.raw,C:\Users\vchat\Downloads\Vaishnavi_s_Thesis\automation\results_behavior_windows\refractory\coupling_rl1_c1\raw_runs\map_0047.log,C:\Users\vchat\Downloads\Vaishnavi_s_Thesis\automation\results_behavior_windows\refractory\coupling_rl1_c1\plots\map_0047.png,,,
48,ok,7100.0,2.1614789881090783e-08,C:\Users\vchat\Downloads\Vaishnavi_s_Thesis\automation\results_behavior_windows\refractory\coupling_rl1_c1\raw_runs\map_0048.raw,C:\Users\vchat\Downloads\Vaishnavi_s_Thesis\automation\results_behavior_windows\refractory\coupling_rl1_c1\raw_runs\map_0048.log,C:\Users\vchat\Downloads\Vaishnavi_s_Thesis\automation\results_behavior_windows\refractory\coupling_rl1_c1\plots\map_0048.png,,,
49,ok,7100.0,2.1783272297560075e-08,C:\Users\vchat\Downloads\Vaishnavi_s_Thesis\automation\results_behavior_windows\refractory\coupling_rl1_c1\raw_runs\map_0049.raw,C:\Users\vchat\Downloads\Vaishnavi_s_Thesis\automation\results_behavior_windows\refractory\coupling_rl1_c1\raw_runs\map_0049.log,C:\Users\vchat\Downloads\Vaishnavi_s_Thesis\automation\results_behavior_windows\refractory\coupling_rl1_c1\plots\map_0049.png,,,
50,ok,7100.0,2.1953067996500143e-08,C:\Users\vchat\Downloads\Vaishnavi_s_Thesis\automation\results_behavior_windows\refractory\coupling_rl1_c1\raw_runs\map_0050.raw,C:\Users\vchat\Downloads\Vaishnavi_s_Thesis\automation\results_behavior_windows\refractory\coupling_rl1_c1\raw_runs\map_0050.log,C:\Users\vchat\Downloads\Vaishnavi_s_Thesis\automation\results_behavior_windows\refractory\coupling_rl1_c1\plots\map_0050.png,,,
51,ok,7100.0,2.2124187214651817e-08,C:\Users\vchat\Downloads\Vaishnavi_s_Thesis\automation\results_behavior_windows\refractory\coupling_rl1_c1\raw_runs\map_0051.raw,C:\Users\vchat\Downloads\Vaishnavi_s_Thesis\automation\results_behavior_windows\refractory\coupling_rl1_c1\raw_runs\map_0051.log,C:\Users\vchat\Downloads\Vaishnavi_s_Thesis\automation\results_behavior_windows\refractory\coupling_rl1_c1\plots\map_0051.png,,,
52,ok,7100.0,2.2296640268549164e-08,C:\Users\vchat\Downloads\Vaishnavi_s_Thesis\automation\results_behavior_windows\refractory\coupling_rl1_c1\raw_runs\map_0052.raw,C:\Users\vchat\Downloads\Vaishnavi_s_Thesis\automation\results_behavior_windows\refractory\coupling_rl1_c1\raw_runs\map_0052.log,C:\Users\vchat\Downloads\Vaishnavi_s_Thesis\automation\results_behavior_windows\refractory\coupling_rl1_c1\plots\map_0052.png,,,
53,ok,7100.0,2.2470437555141253e-08,C:\Users\vchat\Downloads\Vaishnavi_s_Thesis\automation\results_behavior_windows\refractory\coupling_rl1_c1\raw_runs\map_0053.raw,C:\Users\vchat\Downloads\Vaishnavi_s_Thesis\automation\results_behavior_windows\refractory\coupling_rl1_c1\raw_runs\map_0053.log,C:\Users\vchat\Downloads\Vaishnavi_s_Thesis\automation\results_behavior_windows\refractory\coupling_rl1_c1\plots\map_0053.png,,,
54,ok,7100.0,2.2645589552419077e-08,C:\Users\vchat\Downloads\Vaishnavi_s_Thesis\automation\results_behavior_windows\refractory\coupling_rl1_c1\raw_runs\map_0054.raw,C:\Users\vchat\Downloads\Vaishnavi_s_Thesis\automation\results_behavior_windows\refractory\coupling_rl1_c1\raw_runs\map_0054.log,C:\Users\vchat\Downloads\Vaishnavi_s_Thesis\automation\results_behavior_windows\refractory\coupling_rl1_c1\plots\map_0054.png,,,
55,ok,7100.0,2.282210682004707e-08,C:\Users\vchat\Downloads\Vaishnavi_s_Thesis\automation\results_behavior_windows\refractory\coupling_rl1_c1\raw_runs\map_0055.raw,C:\Users\vchat\Downloads\Vaishnavi_s_Thesis\automation\results_behavior_windows\refractory\coupling_rl1_c1\raw_runs\map_0055.log,C:\Users\vchat\Downloads\Vaishnavi_s_Thesis\automation\results_behavior_windows\refractory\coupling_rl1_c1\plots\map_0055.png,,,
56,ok,7100.0,2.300000000000001e-08,C:\Users\vchat\Downloads\Vaishnavi_s_Thesis\automation\results_behavior_windows\refractory\coupling_rl1_c1\raw_runs\map_0056.raw,C:\Users\vchat\Downloads\Vaishnavi_s_Thesis\automation\results_behavior_windows\refractory\coupling_rl1_c1\raw_runs\map_0056.log,C:\Users\vchat\Downloads\Vaishnavi_s_Thesis\automation\results_behavior_windows\refractory\coupling_rl1_c1\plots\map_0056.png,,,
57,ok,7150.0,2.0000000000000004e-08,C:\Users\vchat\Downloads\Vaishnavi_s_Thesis\automation\results_behavior_windows\refractory\coupling_rl1_c1\raw_runs\map_0057.raw,C:\Users\vchat\Downloads\Vaishnavi_s_Thesis\automation\results_behavior_windows\refractory\coupling_rl1_c1\raw_runs\map_0057.log,C:\Users\vchat\Downloads\Vaishnavi_s_Thesis\automation\results_behavior_windows\refractory\coupling_rl1_c1\plots\map_0057.png,,,
58,ok,7150.0,2.0155895493221232e-08,C:\Users\vchat\Downloads\Vaishnavi_s_Thesis\automation\results_behavior_windows\refractory\coupling_rl1_c1\raw_runs\map_0058.raw,C:\Users\vchat\Downloads\Vaishnavi_s_Thesis\automation\results_behavior_windows\refractory\coupling_rl1_c1\raw_runs\map_0058.log,C:\Users\vchat\Downloads\Vaishnavi_s_Thesis\automation\results_behavior_windows\refractory\coupling_rl1_c1\plots\map_0058.png,,,
59,ok,7150.0,2.0313006156682795e-08,C:\Users\vchat\Downloads\Vaishnavi_s_Thesis\automation\results_behavior_windows\refractory\coupling_rl1_c1\raw_runs\map_0059.raw,C:\Users\vchat\Downloads\Vaishnavi_s_Thesis\automation\results_behavior_windows\refractory\coupling_rl1_c1\raw_runs\map_0059.log,C:\Users\vchat\Downloads\Vaishnavi_s_Thesis\automation\results_behavior_windows\refractory\coupling_rl1_c1\plots\map_0059.png,,,
60,ok,7150.0,2.047134146236293e-08,C:\Users\vchat\Downloads\Vaishnavi_s_Thesis\automation\results_behavior_windows\refractory\coupling_rl1_c1\raw_runs\map_0060.raw,C:\Users\vchat\Downloads\Vaishnavi_s_Thesis\automation\results_behavior_windows\refractory\coupling_rl1_c1\raw_runs\map_0060.log,C:\Users\vchat\Downloads\Vaishnavi_s_Thesis\automation\results_behavior_windows\refractory\coupling_rl1_c1\plots\map_0060.png,,,
61,ok,7150.0,2.0630910956071693e-08,C:\Users\vchat\Downloads\Vaishnavi_s_Thesis\automation\results_behavior_windows\refractory\coupling_rl1_c1\raw_runs\map_0061.raw,C:\Users\vchat\Downloads\Vaishnavi_s_Thesis\automation\results_behavior_windows\refractory\coupling_rl1_c1\raw_runs\map_0061.log,C:\Users\vchat\Downloads\Vaishnavi_s_Thesis\automation\results_behavior_windows\refractory\coupling_rl1_c1\plots\map_0061.png,,,
62,ok,7150.0,2.0791724258026693e-08,C:\Users\vchat\Downloads\Vaishnavi_s_Thesis\automation\results_behavior_windows\refractory\coupling_rl1_c1\raw_runs\map_0062.raw,C:\Users\vchat\Downloads\Vaishnavi_s_Thesis\automation\results_behavior_windows\refractory\coupling_rl1_c1\raw_runs\map_0062.log,C:\Users\vchat\Downloads\Vaishnavi_s_Thesis\automation\results_behavior_windows\refractory\coupling_rl1_c1\plots\map_0062.png,,,
63,ok,7150.0,2.0953791063432937e-08,C:\Users\vchat\Downloads\Vaishnavi_s_Thesis\automation\results_behavior_windows\refractory\coupling_rl1_c1\raw_runs\map_0063.raw,C:\Users\vchat\Downloads\Vaishnavi_s_Thesis\automation\results_behavior_windows\refractory\coupling_rl1_c1\raw_runs\map_0063.log,C:\Users\vchat\Downloads\Vaishnavi_s_Thesis\automation\results_behavior_windows\refractory\coupling_rl1_c1\plots\map_0063.png,,,
64,ok,7150.0,2.11171211430674e-08,C:\Users\vchat\Downloads\Vaishnavi_s_Thesis\automation\results_behavior_windows\refractory\coupling_rl1_c1\raw_runs\map_0064.raw,C:\Users\vchat\Downloads\Vaishnavi_s_Thesis\automation\results_behavior_windows\refractory\coupling_rl1_c1\raw_runs\map_0064.log,C:\Users\vchat\Downloads\Vaishnavi_s_Thesis\automation\results_behavior_windows\refractory\coupling_rl1_c1\plots\map_0064.png,,,
65,ok,7150.0,2.1281724343867947e-08,C:\Users\vchat\Downloads\Vaishnavi_s_Thesis\automation\results_behavior_windows\refractory\coupling_rl1_c1\raw_runs\map_0065.raw,C:\Users\vchat\Downloads\Vaishnavi_s_Thesis\automation\results_behavior_windows\refractory\coupling_rl1_c1\raw_runs\map_0065.log,C:\Users\vchat\Downloads\Vaishnavi_s_Thesis\automation\results_behavior_windows\refractory\coupling_rl1_c1\plots\map_0065.png,,,
66,ok,7150.0,2.144761058952722e-08,C:\Users\vchat\Downloads\Vaishnavi_s_Thesis\automation\results_behavior_windows\refractory\coupling_rl1_c1\raw_runs\map_0066.raw,C:\Users\vchat\Downloads\Vaishnavi_s_Thesis\automation\results_behavior_windows\refractory\coupling_rl1_c1\raw_runs\map_0066.log,C:\Users\vchat\Downloads\Vaishnavi_s_Thesis\automation\results_behavior_windows\refractory\coupling_rl1_c1\plots\map_0066.png,,,
67,ok,7150.0,2.1614789881090783e-08,C:\Users\vchat\Downloads\Vaishnavi_s_Thesis\automation\results_behavior_windows\refractory\coupling_rl1_c1\raw_runs\map_0067.raw,C:\Users\vchat\Downloads\Vaishnavi_s_Thesis\automation\results_behavior_windows\refractory\coupling_rl1_c1\raw_runs\map_0067.log,C:\Users\vchat\Downloads\Vaishnavi_s_Thesis\automation\results_behavior_windows\refractory\coupling_rl1_c1\plots\map_0067.png,,,
68,ok,7150.0,2.1783272297560075e-08,C:\Users\vchat\Downloads\Vaishnavi_s_Thesis\automation\results_behavior_windows\refractory\coupling_rl1_c1\raw_runs\map_0068.raw,C:\Users\vchat\Downloads\Vaishnavi_s_Thesis\automation\results_behavior_windows\refractory\coupling_rl1_c1\raw_runs\map_0068.log,C:\Users\vchat\Downloads\Vaishnavi_s_Thesis\automation\results_behavior_windows\refractory\coupling_rl1_c1\plots\map_0068.png,,,
69,ok,7150.0,2.1953067996500143e-08,C:\Users\vchat\Downloads\Vaishnavi_s_Thesis\automation\results_behavior_windows\refractory\coupling_rl1_c1\raw_runs\map_0069.raw,C:\Users\vchat\Downloads\Vaishnavi_s_Thesis\automation\results_behavior_windows\refractory\coupling_rl1_c1\raw_runs\map_0069.log,C:\Users\vchat\Downloads\Vaishnavi_s_Thesis\automation\results_behavior_windows\refractory\coupling_rl1_c1\plots\map_0069.png,,,
70,ok,7150.0,2.2124187214651817e-08,C:\Users\vchat\Downloads\Vaishnavi_s_Thesis\automation\results_behavior_windows\refractory\coupling_rl1_c1\raw_runs\map_0070.raw,C:\Users\vchat\Downloads\Vaishnavi_s_Thesis\automation\results_behavior_windows\refractory\coupling_rl1_c1\raw_runs\map_0070.log,C:\Users\vchat\Downloads\Vaishnavi_s_Thesis\automation\results_behavior_windows\refractory\coupling_rl1_c1\plots\map_0070.png,,,
71,ok,7150.0,2.2296640268549164e-08,C:\Users\vchat\Downloads\Vaishnavi_s_Thesis\automation\results_behavior_windows\refractory\coupling_rl1_c1\raw_runs\map_0071.raw,C:\Users\vchat\Downloads\Vaishnavi_s_Thesis\automation\results_behavior_windows\refractory\coupling_rl1_c1\raw_runs\map_0071.log,C:\Users\vchat\Downloads\Vaishnavi_s_Thesis\automation\results_behavior_windows\refractory\coupling_rl1_c1\plots\map_0071.png,,,
72,ok,7150.0,2.2470437555141253e-08,C:\Users\vchat\Downloads\Vaishnavi_s_Thesis\automation\results_behavior_windows\refractory\coupling_rl1_c1\raw_runs\map_0072.raw,C:\Users\vchat\Downloads\Vaishnavi_s_Thesis\automation\results_behavior_windows\refractory\coupling_rl1_c1\raw_runs\map_0072.log,C:\Users\vchat\Downloads\Vaishnavi_s_Thesis\automation\results_behavior_windows\refractory\coupling_rl1_c1\plots\map_0072.png,,,
73,ok,7150.0,2.2645589552419077e-08,C:\Users\vchat\Downloads\Vaishnavi_s_Thesis\automation\results_behavior_windows\refractory\coupling_rl1_c1\raw_runs\map_0073.raw,C:\Users\vchat\Downloads\Vaishnavi_s_Thesis\automation\results_behavior_windows\refractory\coupling_rl1_c1\raw_runs\map_0073.log,C:\Users\vchat\Downloads\Vaishnavi_s_Thesis\automation\results_behavior_windows\refractory\coupling_rl1_c1\plots\map_0073.png,,,
74,ok,7150.0,2.282210682004707e-08,C:\Users\vchat\Downloads\Vaishnavi_s_Thesis\automation\results_behavior_windows\refractory\coupling_rl1_c1\raw_runs\map_0074.raw,C:\Users\vchat\Downloads\Vaishnavi_s_Thesis\automation\results_behavior_windows\refractory\coupling_rl1_c1\raw_runs\map_0074.log,C:\Users\vchat\Downloads\Vaishnavi_s_Thesis\automation\results_behavior_windows\refractory\coupling_rl1_c1\plots\map_0074.png,,,
75,ok,7150.0,2.300000000000001e-08,C:\Users\vchat\Downloads\Vaishnavi_s_Thesis\automation\results_behavior_windows\refractory\coupling_rl1_c1\raw_runs\map_0075.raw,C:\Users\vchat\Downloads\Vaishnavi_s_Thesis\automation\results_behavior_windows\refractory\coupling_rl1_c1\raw_runs\map_0075.log,C:\Users\vchat\Downloads\Vaishnavi_s_Thesis\automation\results_behavior_windows\refractory\coupling_rl1_c1\plots\map_0075.png,,,
76,ok,7200.0,2.0000000000000004e-08,C:\Users\vchat\Downloads\Vaishnavi_s_Thesis\automation\results_behavior_windows\refractory\coupling_rl1_c1\raw_runs\map_0076.raw,C:\Users\vchat\Downloads\Vaishnavi_s_Thesis\automation\results_behavior_windows\refractory\coupling_rl1_c1\raw_runs\map_0076.log,C:\Users\vchat\Downloads\Vaishnavi_s_Thesis\automation\results_behavior_windows\refractory\coupling_rl1_c1\plots\map_0076.png,,,
77,ok,7200.0,2.0155895493221232e-08,C:\Users\vchat\Downloads\Vaishnavi_s_Thesis\automation\results_behavior_windows\refractory\coupling_rl1_c1\raw_runs\map_0077.raw,C:\Users\vchat\Downloads\Vaishnavi_s_Thesis\automation\results_behavior_windows\refractory\coupling_rl1_c1\raw_runs\map_0077.log,C:\Users\vchat\Downloads\Vaishnavi_s_Thesis\automation\results_behavior_windows\refractory\coupling_rl1_c1\plots\map_0077.png,,,
78,ok,7200.0,2.0313006156682795e-08,C:\Users\vchat\Downloads\Vaishnavi_s_Thesis\automation\results_behavior_windows\refractory\coupling_rl1_c1\raw_runs\map_0078.raw,C:\Users\vchat\Downloads\Vaishnavi_s_Thesis\automation\results_behavior_windows\refractory\coupling_rl1_c1\raw_runs\map_0078.log,C:\Users\vchat\Downloads\Vaishnavi_s_Thesis\automation\results_behavior_windows\refractory\coupling_rl1_c1\plots\map_0078.png,,,
79,ok,7200.0,2.047134146236293e-08,C:\Users\vchat\Downloads\Vaishnavi_s_Thesis\automation\results_behavior_windows\refractory\coupling_rl1_c1\raw_runs\map_0079.raw,C:\Users\vchat\Downloads\Vaishnavi_s_Thesis\automation\results_behavior_windows\refractory\coupling_rl1_c1\raw_runs\map_0079.log,C:\Users\vchat\Downloads\Vaishnavi_s_Thesis\automation\results_behavior_windows\refractory\coupling_rl1_c1\plots\map_0079.png,,,
80,ok,7200.0,2.0630910956071693e-08,C:\Users\vchat\Downloads\Vaishnavi_s_Thesis\automation\results_behavior_windows\refractory\coupling_rl1_c1\raw_runs\map_0080.raw,C:\Users\vchat\Downloads\Vaishnavi_s_Thesis\automation\results_behavior_windows\refractory\coupling_rl1_c1\raw_runs\map_0080.log,C:\Users\vchat\Downloads\Vaishnavi_s_Thesis\automation\results_behavior_windows\refractory\coupling_rl1_c1\plots\map_0080.png,,,
81,ok,7200.0,2.0791724258026693e-08,C:\Users\vchat\Downloads\Vaishnavi_s_Thesis\automation\results_behavior_windows\refractory\coupling_rl1_c1\raw_runs\map_0081.raw,C:\Users\vchat\Downloads\Vaishnavi_s_Thesis\automation\results_behavior_windows\refractory\coupling_rl1_c1\raw_runs\map_0081.log,C:\Users\vchat\Downloads\Vaishnavi_s_Thesis\automation\results_behavior_windows\refractory\coupling_rl1_c1\plots\map_0081.png,,,
82,ok,7200.0,2.0953791063432937e-08,C:\Users\vchat\Downloads\Vaishnavi_s_Thesis\automation\results_behavior_windows\refractory\coupling_rl1_c1\raw_runs\map_0082.raw,C:\Users\vchat\Downloads\Vaishnavi_s_Thesis\automation\results_behavior_windows\refractory\coupling_rl1_c1\raw_runs\map_0082.log,C:\Users\vchat\Downloads\Vaishnavi_s_Thesis\automation\results_behavior_windows\refractory\coupling_rl1_c1\plots\map_0082.png,,,
83,ok,7200.0,2.11171211430674e-08,C:\Users\vchat\Downloads\Vaishnavi_s_Thesis\automation\results_behavior_windows\refractory\coupling_rl1_c1\raw_runs\map_0083.raw,C:\Users\vchat\Downloads\Vaishnavi_s_Thesis\automation\results_behavior_windows\refractory\coupling_rl1_c1\raw_runs\map_0083.log,C:\Users\vchat\Downloads\Vaishnavi_s_Thesis\automation\results_behavior_windows\refractory\coupling_rl1_c1\plots\map_0083.png,,,
84,ok,7200.0,2.1281724343867947e-08,C:\Users\vchat\Downloads\Vaishnavi_s_Thesis\automation\results_behavior_windows\refractory\coupling_rl1_c1\raw_runs\map_0084.raw,C:\Users\vchat\Downloads\Vaishnavi_s_Thesis\automation\results_behavior_windows\refractory\coupling_rl1_c1\raw_runs\map_0084.log,C:\Users\vchat\Downloads\Vaishnavi_s_Thesis\automation\results_behavior_windows\refractory\coupling_rl1_c1\plots\map_0084.png,,,
85,ok,7200.0,2.144761058952722e-08,C:\Users\vchat\Downloads\Vaishnavi_s_Thesis\automation\results_behavior_windows\refractory\coupling_rl1_c1\raw_runs\map_0085.raw,C:\Users\vchat\Downloads\Vaishnavi_s_Thesis\automation\results_behavior_windows\refractory\coupling_rl1_c1\raw_runs\map_0085.log,C:\Users\vchat\Downloads\Vaishnavi_s_Thesis\automation\results_behavior_windows\refractory\coupling_rl1_c1\plots\map_0085.png,,,
86,ok,7200.0,2.1614789881090783e-08,C:\Users\vchat\Downloads\Vaishnavi_s_Thesis\automation\results_behavior_windows\refractory\coupling_rl1_c1\raw_runs\map_0086.raw,C:\Users\vchat\Downloads\Vaishnavi_s_Thesis\automation\results_behavior_windows\refractory\coupling_rl1_c1\raw_runs\map_0086.log,C:\Users\vchat\Downloads\Vaishnavi_s_Thesis\automation\results_behavior_windows\refractory\coupling_rl1_c1\plots\map_0086.png,,,
87,ok,7200.0,2.1783272297560075e-08,C:\Users\vchat\Downloads\Vaishnavi_s_Thesis\automation\results_behavior_windows\refractory\coupling_rl1_c1\raw_runs\map_0087.raw,C:\Users\vchat\Downloads\Vaishnavi_s_Thesis\automation\results_behavior_windows\refractory\coupling_rl1_c1\raw_runs\map_0087.log,C:\Users\vchat\Downloads\Vaishnavi_s_Thesis\automation\results_behavior_windows\refractory\coupling_rl1_c1\plots\map_0087.png,,,
88,ok,7200.0,2.1953067996500143e-08,C:\Users\vchat\Downloads\Vaishnavi_s_Thesis\automation\results_behavior_windows\refractory\coupling_rl1_c1\raw_runs\map_0088.raw,C:\Users\vchat\Downloads\Vaishnavi_s_Thesis\automation\results_behavior_windows\refractory\coupling_rl1_c1\raw_runs\map_0088.log,C:\Users\vchat\Downloads\Vaishnavi_s_Thesis\automation\results_behavior_windows\refractory\coupling_rl1_c1\plots\map_0088.png,,,
89,ok,7200.0,2.2124187214651817e-08,C:\Users\vchat\Downloads\Vaishnavi_s_Thesis\automation\results_behavior_windows\refractory\coupling_rl1_c1\raw_runs\map_0089.raw,C:\Users\vchat\Downloads\Vaishnavi_s_Thesis\automation\results_behavior_windows\refractory\coupling_rl1_c1\raw_runs\map_0089.log,C:\Users\vchat\Downloads\Vaishnavi_s_Thesis\automation\results_behavior_windows\refractory\coupling_rl1_c1\plots\map_0089.png,,,
90,ok,7200.0,2.2296640268549164e-08,C:\Users\vchat\Downloads\Vaishnavi_s_Thesis\automation\results_behavior_windows\refractory\coupling_rl1_c1\raw_runs\map_0090.raw,C:\Users\vchat\Downloads\Vaishnavi_s_Thesis\automation\results_behavior_windows\refractory\coupling_rl1_c1\raw_runs\map_0090.log,C:\Users\vchat\Downloads\Vaishnavi_s_Thesis\automation\results_behavior_windows\refractory\coupling_rl1_c1\plots\map_0090.png,,,
91,ok,7200.0,2.2470437555141253e-08,C:\Users\vchat\Downloads\Vaishnavi_s_Thesis\automation\results_behavior_windows\refractory\coupling_rl1_c1\raw_runs\map_0091.raw,C:\Users\vchat\Downloads\Vaishnavi_s_Thesis\automation\results_behavior_windows\refractory\coupling_rl1_c1\raw_runs\map_0091.log,C:\Users\vchat\Downloads\Vaishnavi_s_Thesis\automation\results_behavior_windows\refractory\coupling_rl1_c1\plots\map_0091.png,,,
92,ok,7200.0,2.2645589552419077e-08,C:\Users\vchat\Downloads\Vaishnavi_s_Thesis\automation\results_behavior_windows\refractory\coupling_rl1_c1\raw_runs\map_0092.raw,C:\Users\vchat\Downloads\Vaishnavi_s_Thesis\automation\results_behavior_windows\refractory\coupling_rl1_c1\raw_runs\map_0092.log,C:\Users\vchat\Downloads\Vaishnavi_s_Thesis\automation\results_behavior_windows\refractory\coupling_rl1_c1\plots\map_0092.png,,,
93,ok,7200.0,2.282210682004707e-08,C:\Users\vchat\Downloads\Vaishnavi_s_Thesis\automation\results_behavior_windows\refractory\coupling_rl1_c1\raw_runs\map_0093.raw,C:\Users\vchat\Downloads\Vaishnavi_s_Thesis\automation\results_behavior_windows\refractory\coupling_rl1_c1\raw_runs\map_0093.log,C:\Users\vchat\Downloads\Vaishnavi_s_Thesis\automation\results_behavior_windows\refractory\coupling_rl1_c1\plots\map_0093.png,,,
94,ok,7200.0,2.300000000000001e-08,C:\Users\vchat\Downloads\Vaishnavi_s_Thesis\automation\results_behavior_windows\refractory\coupling_rl1_c1\raw_runs\map_0094.raw,C:\Users\vchat\Downloads\Vaishnavi_s_Thesis\automation\results_behavior_windows\refractory\coupling_rl1_c1\raw_runs\map_0094.log,C:\Users\vchat\Downloads\Vaishnavi_s_Thesis\automation\results_behavior_windows\refractory\coupling_rl1_c1\plots\map_0094.png,,,
95,ok,7250.0,2.0000000000000004e-08,C:\Users\vchat\Downloads\Vaishnavi_s_Thesis\automation\results_behavior_windows\refractory\coupling_rl1_c1\raw_runs\map_0095.raw,C:\Users\vchat\Downloads\Vaishnavi_s_Thesis\automation\results_behavior_windows\refractory\coupling_rl1_c1\raw_runs\map_0095.log,C:\Users\vchat\Downloads\Vaishnavi_s_Thesis\automation\results_behavior_windows\refractory\coupling_rl1_c1\plots\map_0095.png,,,
96,ok,7250.0,2.0155895493221232e-08,C:\Users\vchat\Downloads\Vaishnavi_s_Thesis\automation\results_behavior_windows\refractory\coupling_rl1_c1\raw_runs\map_0096.raw,C:\Users\vchat\Downloads\Vaishnavi_s_Thesis\automation\results_behavior_windows\refractory\coupling_rl1_c1\raw_runs\map_0096.log,C:\Users\vchat\Downloads\Vaishnavi_s_Thesis\automation\results_behavior_windows\refractory\coupling_rl1_c1\plots\map_0096.png,,,
97,ok,7250.0,2.0313006156682795e-08,C:\Users\vchat\Downloads\Vaishnavi_s_Thesis\automation\results_behavior_windows\refractory\coupling_rl1_c1\raw_runs\map_0097.raw,C:\Users\vchat\Downloads\Vaishnavi_s_Thesis\automation\results_behavior_windows\refractory\coupling_rl1_c1\raw_runs\map_0097.log,C:\Users\vchat\Downloads\Vaishnavi_s_Thesis\automation\results_behavior_windows\refractory\coupling_rl1_c1\plots\map_0097.png,,,
98,ok,7250.0,2.047134146236293e-08,C:\Users\vchat\Downloads\Vaishnavi_s_Thesis\automation\results_behavior_windows\refractory\coupling_rl1_c1\raw_runs\map_0098.raw,C:\Users\vchat\Downloads\Vaishnavi_s_Thesis\automation\results_behavior_windows\refractory\coupling_rl1_c1\raw_runs\map_0098.log,C:\Users\vchat\Downloads\Vaishnavi_s_Thesis\automation\results_behavior_windows\refractory\coupling_rl1_c1\plots\map_0098.png,,,
99,ok,7250.0,2.0630910956071693e-08,C:\Users\vchat\Downloads\Vaishnavi_s_Thesis\automation\results_behavior_windows\refractory\coupling_rl1_c1\raw_runs\map_0099.raw,C:\Users\vchat\Downloads\Vaishnavi_s_Thesis\automation\results_behavior_windows\refractory\coupling_rl1_c1\raw_runs\map_0099.log,C:\Users\vchat\Downloads\Vaishnavi_s_Thesis\automation\results_behavior_windows\refractory\coupling_rl1_c1\plots\map_0099.png,,,
100,ok,7250.0,2.0791724258026693e-08,C:\Users\vchat\Downloads\Vaishnavi_s_Thesis\automation\results_behavior_windows\refractory\coupling_rl1_c1\raw_runs\map_0100.raw,C:\Users\vchat\Downloads\Vaishnavi_s_Thesis\automation\results_behavior_windows\refractory\coupling_rl1_c1\raw_runs\map_0100.log,C:\Users\vchat\Downloads\Vaishnavi_s_Thesis\automation\results_behavior_windows\refractory\coupling_rl1_c1\plots\map_0100.png,,,
101,ok,7250.0,2.0953791063432937e-08,C:\Users\vchat\Downloads\Vaishnavi_s_Thesis\automation\results_behavior_windows\refractory\coupling_rl1_c1\raw_runs\map_0101.raw,C:\Users\vchat\Downloads\Vaishnavi_s_Thesis\automation\results_behavior_windows\refractory\coupling_rl1_c1\raw_runs\map_0101.log,C:\Users\vchat\Downloads\Vaishnavi_s_Thesis\automation\results_behavior_windows\refractory\coupling_rl1_c1\plots\map_0101.png,,,
102,ok,7250.0,2.11171211430674e-08,C:\Users\vchat\Downloads\Vaishnavi_s_Thesis\automation\results_behavior_windows\refractory\coupling_rl1_c1\raw_runs\map_0102.raw,C:\Users\vchat\Downloads\Vaishnavi_s_Thesis\automation\results_behavior_windows\refractory\coupling_rl1_c1\raw_runs\map_0102.log,C:\Users\vchat\Downloads\Vaishnavi_s_Thesis\automation\results_behavior_windows\refractory\coupling_rl1_c1\plots\map_0102.png,,,
103,ok,7250.0,2.1281724343867947e-08,C:\Users\vchat\Downloads\Vaishnavi_s_Thesis\automation\results_behavior_windows\refractory\coupling_rl1_c1\raw_runs\map_0103.raw,C:\Users\vchat\Downloads\Vaishnavi_s_Thesis\automation\results_behavior_windows\refractory\coupling_rl1_c1\raw_runs\map_0103.log,C:\Users\vchat\Downloads\Vaishnavi_s_Thesis\automation\results_behavior_windows\refractory\coupling_rl1_c1\plots\map_0103.png,,,
104,ok,7250.0,2.144761058952722e-08,C:\Users\vchat\Downloads\Vaishnavi_s_Thesis\automation\results_behavior_windows\refractory\coupling_rl1_c1\raw_runs\map_0104.raw,C:\Users\vchat\Downloads\Vaishnavi_s_Thesis\automation\results_behavior_windows\refractory\coupling_rl1_c1\raw_runs\map_0104.log,C:\Users\vchat\Downloads\Vaishnavi_s_Thesis\automation\results_behavior_windows\refractory\coupling_rl1_c1\plots\map_0104.png,,,
105,ok,7250.0,2.1614789881090783e-08,C:\Users\vchat\Downloads\Vaishnavi_s_Thesis\automation\results_behavior_windows\refractory\coupling_rl1_c1\raw_runs\map_0105.raw,C:\Users\vchat\Downloads\Vaishnavi_s_Thesis\automation\results_behavior_windows\refractory\coupling_rl1_c1\raw_runs\map_0105.log,C:\Users\vchat\Downloads\Vaishnavi_s_Thesis\automation\results_behavior_windows\refractory\coupling_rl1_c1\plots\map_0105.png,,,
106,ok,7250.0,2.1783272297560075e-08,C:\Users\vchat\Downloads\Vaishnavi_s_Thesis\automation\results_behavior_windows\refractory\coupling_rl1_c1\raw_runs\map_0106.raw,C:\Users\vchat\Downloads\Vaishnavi_s_Thesis\automation\results_behavior_windows\refractory\coupling_rl1_c1\raw_runs\map_0106.log,C:\Users\vchat\Downloads\Vaishnavi_s_Thesis\automation\results_behavior_windows\refractory\coupling_rl1_c1\plots\map_0106.png,,,
107,ok,7250.0,2.1953067996500143e-08,C:\Users\vchat\Downloads\Vaishnavi_s_Thesis\automation\results_behavior_windows\refractory\coupling_rl1_c1\raw_runs\map_0107.raw,C:\Users\vchat\Downloads\Vaishnavi_s_Thesis\automation\results_behavior_windows\refractory\coupling_rl1_c1\raw_runs\map_0107.log,C:\Users\vchat\Downloads\Vaishnavi_s_Thesis\automation\results_behavior_windows\refractory\coupling_rl1_c1\plots\map_0107.png,,,
108,ok,7250.0,2.2124187214651817e-08,C:\Users\vchat\Downloads\Vaishnavi_s_Thesis\automation\results_behavior_windows\refractory\coupling_rl1_c1\raw_runs\map_0108.raw,C:\Users\vchat\Downloads\Vaishnavi_s_Thesis\automation\results_behavior_windows\refractory\coupling_rl1_c1\raw_runs\map_0108.log,C:\Users\vchat\Downloads\Vaishnavi_s_Thesis\automation\results_behavior_windows\refractory\coupling_rl1_c1\plots\map_0108.png,,,
109,ok,7250.0,2.2296640268549164e-08,C:\Users\vchat\Downloads\Vaishnavi_s_Thesis\automation\results_behavior_windows\refractory\coupling_rl1_c1\raw_runs\map_0109.raw,C:\Users\vchat\Downloads\Vaishnavi_s_Thesis\automation\results_behavior_windows\refractory\coupling_rl1_c1\raw_runs\map_0109.log,C:\Users\vchat\Downloads\Vaishnavi_s_Thesis\automation\results_behavior_windows\refractory\coupling_rl1_c1\plots\map_0109.png,,,
110,ok,7250.0,2.2470437555141253e-08,C:\Users\vchat\Downloads\Vaishnavi_s_Thesis\automation\results_behavior_windows\refractory\coupling_rl1_c1\raw_runs\map_0110.raw,C:\Users\vchat\Downloads\Vaishnavi_s_Thesis\automation\results_behavior_windows\refractory\coupling_rl1_c1\raw_runs\map_0110.log,C:\Users\vchat\Downloads\Vaishnavi_s_Thesis\automation\results_behavior_windows\refractory\coupling_rl1_c1\plots\map_0110.png,,,
111,ok,7250.0,2.2645589552419077e-08,C:\Users\vchat\Downloads\Vaishnavi_s_Thesis\automation\results_behavior_windows\refractory\coupling_rl1_c1\raw_runs\map_0111.raw,C:\Users\vchat\Downloads\Vaishnavi_s_Thesis\automation\results_behavior_windows\refractory\coupling_rl1_c1\raw_runs\map_0111.log,C:\Users\vchat\Downloads\Vaishnavi_s_Thesis\automation\results_behavior_windows\refractory\coupling_rl1_c1\plots\map_0111.png,,,
112,ok,7250.0,2.282210682004707e-08,C:\Users\vchat\Downloads\Vaishnavi_s_Thesis\automation\results_behavior_windows\refractory\coupling_rl1_c1\raw_runs\map_0112.raw,C:\Users\vchat\Downloads\Vaishnavi_s_Thesis\automation\results_behavior_windows\refractory\coupling_rl1_c1\raw_runs\map_0112.log,C:\Users\vchat\Downloads\Vaishnavi_s_Thesis\automation\results_behavior_windows\refractory\coupling_rl1_c1\plots\map_0112.png,,,
113,ok,7250.0,2.300000000000001e-08,C:\Users\vchat\Downloads\Vaishnavi_s_Thesis\automation\results_behavior_windows\refractory\coupling_rl1_c1\raw_runs\map_0113.raw,C:\Users\vchat\Downloads\Vaishnavi_s_Thesis\automation\results_behavior_windows\refractory\coupling_rl1_c1\raw_runs\map_0113.log,C:\Users\vchat\Downloads\Vaishnavi_s_Thesis\automation\results_behavior_windows\refractory\coupling_rl1_c1\plots\map_0113.png,,,
114,ok,7300.0,2.0000000000000004e-08,C:\Users\vchat\Downloads\Vaishnavi_s_Thesis\automation\results_behavior_windows\refractory\coupling_rl1_c1\raw_runs\map_0114.raw,C:\Users\vchat\Downloads\Vaishnavi_s_Thesis\automation\results_behavior_windows\refractory\coupling_rl1_c1\raw_runs\map_0114.log,C:\Users\vchat\Downloads\Vaishnavi_s_Thesis\automation\results_behavior_windows\refractory\coupling_rl1_c1\plots\map_0114.png,,,
115,ok,7300.0,2.0155895493221232e-08,C:\Users\vchat\Downloads\Vaishnavi_s_Thesis\automation\results_behavior_windows\refractory\coupling_rl1_c1\raw_runs\map_0115.raw,C:\Users\vchat\Downloads\Vaishnavi_s_Thesis\automation\results_behavior_windows\refractory\coupling_rl1_c1\raw_runs\map_0115.log,C:\Users\vchat\Downloads\Vaishnavi_s_Thesis\automation\results_behavior_windows\refractory\coupling_rl1_c1\plots\map_0115.png,,,
116,ok,7300.0,2.0313006156682795e-08,C:\Users\vchat\Downloads\Vaishnavi_s_Thesis\automation\results_behavior_windows\refractory\coupling_rl1_c1\raw_runs\map_0116.raw,C:\Users\vchat\Downloads\Vaishnavi_s_Thesis\automation\results_behavior_windows\refractory\coupling_rl1_c1\raw_runs\map_0116.log,C:\Users\vchat\Downloads\Vaishnavi_s_Thesis\automation\results_behavior_windows\refractory\coupling_rl1_c1\plots\map_0116.png,,,
117,ok,7300.0,2.047134146236293e-08,C:\Users\vchat\Downloads\Vaishnavi_s_Thesis\automation\results_behavior_windows\refractory\coupling_rl1_c1\raw_runs\map_0117.raw,C:\Users\vchat\Downloads\Vaishnavi_s_Thesis\automation\results_behavior_windows\refractory\coupling_rl1_c1\raw_runs\map_0117.log,C:\Users\vchat\Downloads\Vaishnavi_s_Thesis\automation\results_behavior_windows\refractory\coupling_rl1_c1\plots\map_0117.png,,,
118,ok,7300.0,2.0630910956071693e-08,C:\Users\vchat\Downloads\Vaishnavi_s_Thesis\automation\results_behavior_windows\refractory\coupling_rl1_c1\raw_runs\map_0118.raw,C:\Users\vchat\Downloads\Vaishnavi_s_Thesis\automation\results_behavior_windows\refractory\coupling_rl1_c1\raw_runs\map_0118.log,C:\Users\vchat\Downloads\Vaishnavi_s_Thesis\automation\results_behavior_windows\refractory\coupling_rl1_c1\plots\map_0118.png,,,
119,ok,7300.0,2.0791724258026693e-08,C:\Users\vchat\Downloads\Vaishnavi_s_Thesis\automation\results_behavior_windows\refractory\coupling_rl1_c1\raw_runs\map_0119.raw,C:\Users\vchat\Downloads\Vaishnavi_s_Thesis\automation\results_behavior_windows\refractory\coupling_rl1_c1\raw_runs\map_0119.log,C:\Users\vchat\Downloads\Vaishnavi_s_Thesis\automation\results_behavior_windows\refractory\coupling_rl1_c1\plots\map_0119.png,,,
120,ok,7300.0,2.0953791063432937e-08,C:\Users\vchat\Downloads\Vaishnavi_s_Thesis\automation\results_behavior_windows\refractory\coupling_rl1_c1\raw_runs\map_0120.raw,C:\Users\vchat\Downloads\Vaishnavi_s_Thesis\automation\results_behavior_windows\refractory\coupling_rl1_c1\raw_runs\map_0120.log,C:\Users\vchat\Downloads\Vaishnavi_s_Thesis\automation\results_behavior_windows\refractory\coupling_rl1_c1\plots\map_0120.png,,,
121,ok,7300.0,2.11171211430674e-08,C:\Users\vchat\Downloads\Vaishnavi_s_Thesis\automation\results_behavior_windows\refractory\coupling_rl1_c1\raw_runs\map_0121.raw,C:\Users\vchat\Downloads\Vaishnavi_s_Thesis\automation\results_behavior_windows\refractory\coupling_rl1_c1\raw_runs\map_0121.log,C:\Users\vchat\Downloads\Vaishnavi_s_Thesis\automation\results_behavior_windows\refractory\coupling_rl1_c1\plots\map_0121.png,,,
122,ok,7300.0,2.1281724343867947e-08,C:\Users\vchat\Downloads\Vaishnavi_s_Thesis\automation\results_behavior_windows\refractory\coupling_rl1_c1\raw_runs\map_0122.raw,C:\Users\vchat\Downloads\Vaishnavi_s_Thesis\automation\results_behavior_windows\refractory\coupling_rl1_c1\raw_runs\map_0122.log,C:\Users\vchat\Downloads\Vaishnavi_s_Thesis\automation\results_behavior_windows\refractory\coupling_rl1_c1\plots\map_0122.png,,,
123,ok,7300.0,2.144761058952722e-08,C:\Users\vchat\Downloads\Vaishnavi_s_Thesis\automation\results_behavior_windows\refractory\coupling_rl1_c1\raw_runs\map_0123.raw,C:\Users\vchat\Downloads\Vaishnavi_s_Thesis\automation\results_behavior_windows\refractory\coupling_rl1_c1\raw_runs\map_0123.log,C:\Users\vchat\Downloads\Vaishnavi_s_Thesis\automation\results_behavior_windows\refractory\coupling_rl1_c1\plots\map_0123.png,,,
124,ok,7300.0,2.1614789881090783e-08,C:\Users\vchat\Downloads\Vaishnavi_s_Thesis\automation\results_behavior_windows\refractory\coupling_rl1_c1\raw_runs\map_0124.raw,C:\Users\vchat\Downloads\Vaishnavi_s_Thesis\automation\results_behavior_windows\refractory\coupling_rl1_c1\raw_runs\map_0124.log,C:\Users\vchat\Downloads\Vaishnavi_s_Thesis\automation\results_behavior_windows\refractory\coupling_rl1_c1\plots\map_0124.png,,,
125,ok,7300.0,2.1783272297560075e-08,C:\Users\vchat\Downloads\Vaishnavi_s_Thesis\automation\results_behavior_windows\refractory\coupling_rl1_c1\raw_runs\map_0125.raw,C:\Users\vchat\Downloads\Vaishnavi_s_Thesis\automation\results_behavior_windows\refractory\coupling_rl1_c1\raw_runs\map_0125.log,C:\Users\vchat\Downloads\Vaishnavi_s_Thesis\automation\results_behavior_windows\refractory\coupling_rl1_c1\plots\map_0125.png,,,
126,ok,7300.0,2.1953067996500143e-08,C:\Users\vchat\Downloads\Vaishnavi_s_Thesis\automation\results_behavior_windows\refractory\coupling_rl1_c1\raw_runs\map_0126.raw,C:\Users\vchat\Downloads\Vaishnavi_s_Thesis\automation\results_behavior_windows\refractory\coupling_rl1_c1\raw_runs\map_0126.log,C:\Users\vchat\Downloads\Vaishnavi_s_Thesis\automation\results_behavior_windows\refractory\coupling_rl1_c1\plots\map_0126.png,,,
127,ok,7300.0,2.2124187214651817e-08,C:\Users\vchat\Downloads\Vaishnavi_s_Thesis\automation\results_behavior_windows\refractory\coupling_rl1_c1\raw_runs\map_0127.raw,C:\Users\vchat\Downloads\Vaishnavi_s_Thesis\automation\results_behavior_windows\refractory\coupling_rl1_c1\raw_runs\map_0127.log,C:\Users\vchat\Downloads\Vaishnavi_s_Thesis\automation\results_behavior_windows\refractory\coupling_rl1_c1\plots\map_0127.png,,,
128,ok,7300.0,2.2296640268549164e-08,C:\Users\vchat\Downloads\Vaishnavi_s_Thesis\automation\results_behavior_windows\refractory\coupling_rl1_c1\raw_runs\map_0128.raw,C:\Users\vchat\Downloads\Vaishnavi_s_Thesis\automation\results_behavior_windows\refractory\coupling_rl1_c1\raw_runs\map_0128.log,C:\Users\vchat\Downloads\Vaishnavi_s_Thesis\automation\results_behavior_windows\refractory\coupling_rl1_c1\plots\map_0128.png,,,
129,ok,7300.0,2.2470437555141253e-08,C:\Users\vchat\Downloads\Vaishnavi_s_Thesis\automation\results_behavior_windows\refractory\coupling_rl1_c1\raw_runs\map_0129.raw,C:\Users\vchat\Downloads\Vaishnavi_s_Thesis\automation\results_behavior_windows\refractory\coupling_rl1_c1\raw_runs\map_0129.log,C:\Users\vchat\Downloads\Vaishnavi_s_Thesis\automation\results_behavior_windows\refractory\coupling_rl1_c1\plots\map_0129.png,,,
130,ok,7300.0,2.2645589552419077e-08,C:\Users\vchat\Downloads\Vaishnavi_s_Thesis\automation\results_behavior_windows\refractory\coupling_rl1_c1\raw_runs\map_0130.raw,C:\Users\vchat\Downloads\Vaishnavi_s_Thesis\automation\results_behavior_windows\refractory\coupling_rl1_c1\raw_runs\map_0130.log,C:\Users\vchat\Downloads\Vaishnavi_s_Thesis\automation\results_behavior_windows\refractory\coupling_rl1_c1\plots\map_0130.png,,,
131,ok,7300.0,2.282210682004707e-08,C:\Users\vchat\Downloads\Vaishnavi_s_Thesis\automation\results_behavior_windows\refractory\coupling_rl1_c1\raw_runs\map_0131.raw,C:\Users\vchat\Downloads\Vaishnavi_s_Thesis\automation\results_behavior_windows\refractory\coupling_rl1_c1\raw_runs\map_0131.log,C:\Users\vchat\Downloads\Vaishnavi_s_Thesis\automation\results_behavior_windows\refractory\coupling_rl1_c1\plots\map_0131.png,,,
132,ok,7300.0,2.300000000000001e-08,C:\Users\vchat\Downloads\Vaishnavi_s_Thesis\automation\results_behavior_windows\refractory\coupling_rl1_c1\raw_runs\map_0132.raw,C:\Users\vchat\Downloads\Vaishnavi_s_Thesis\automation\results_behavior_windows\refractory\coupling_rl1_c1\raw_runs\map_0132.log,C:\Users\vchat\Downloads\Vaishnavi_s_Thesis\automation\results_behavior_windows\refractory\coupling_rl1_c1\plots\map_0132.png,,,
133,ok,7350.0,2.0000000000000004e-08,C:\Users\vchat\Downloads\Vaishnavi_s_Thesis\automation\results_behavior_windows\refractory\coupling_rl1_c1\raw_runs\map_0133.raw,C:\Users\vchat\Downloads\Vaishnavi_s_Thesis\automation\results_behavior_windows\refractory\coupling_rl1_c1\raw_runs\map_0133.log,C:\Users\vchat\Downloads\Vaishnavi_s_Thesis\automation\results_behavior_windows\refractory\coupling_rl1_c1\plots\map_0133.png,,,
134,ok,7350.0,2.0155895493221232e-08,C:\Users\vchat\Downloads\Vaishnavi_s_Thesis\automation\results_behavior_windows\refractory\coupling_rl1_c1\raw_runs\map_0134.raw,C:\Users\vchat\Downloads\Vaishnavi_s_Thesis\automation\results_behavior_windows\refractory\coupling_rl1_c1\raw_runs\map_0134.log,C:\Users\vchat\Downloads\Vaishnavi_s_Thesis\automation\results_behavior_windows\refractory\coupling_rl1_c1\plots\map_0134.png,,,
135,ok,7350.0,2.0313006156682795e-08,C:\Users\vchat\Downloads\Vaishnavi_s_Thesis\automation\results_behavior_windows\refractory\coupling_rl1_c1\raw_runs\map_0135.raw,C:\Users\vchat\Downloads\Vaishnavi_s_Thesis\automation\results_behavior_windows\refractory\coupling_rl1_c1\raw_runs\map_0135.log,C:\Users\vchat\Downloads\Vaishnavi_s_Thesis\automation\results_behavior_windows\refractory\coupling_rl1_c1\plots\map_0135.png,,,
136,ok,7350.0,2.047134146236293e-08,C:\Users\vchat\Downloads\Vaishnavi_s_Thesis\automation\results_behavior_windows\refractory\coupling_rl1_c1\raw_runs\map_0136.raw,C:\Users\vchat\Downloads\Vaishnavi_s_Thesis\automation\results_behavior_windows\refractory\coupling_rl1_c1\raw_runs\map_0136.log,C:\Users\vchat\Downloads\Vaishnavi_s_Thesis\automation\results_behavior_windows\refractory\coupling_rl1_c1\plots\map_0136.png,,,
137,ok,7350.0,2.0630910956071693e-08,C:\Users\vchat\Downloads\Vaishnavi_s_Thesis\automation\results_behavior_windows\refractory\coupling_rl1_c1\raw_runs\map_0137.raw,C:\Users\vchat\Downloads\Vaishnavi_s_Thesis\automation\results_behavior_windows\refractory\coupling_rl1_c1\raw_runs\map_0137.log,C:\Users\vchat\Downloads\Vaishnavi_s_Thesis\automation\results_behavior_windows\refractory\coupling_rl1_c1\plots\map_0137.png,,,
138,ok,7350.0,2.0791724258026693e-08,C:\Users\vchat\Downloads\Vaishnavi_s_Thesis\automation\results_behavior_windows\refractory\coupling_rl1_c1\raw_runs\map_0138.raw,C:\Users\vchat\Downloads\Vaishnavi_s_Thesis\automation\results_behavior_windows\refractory\coupling_rl1_c1\raw_runs\map_0138.log,C:\Users\vchat\Downloads\Vaishnavi_s_Thesis\automation\results_behavior_windows\refractory\coupling_rl1_c1\plots\map_0138.png,,,
139,ok,7350.0,2.0953791063432937e-08,C:\Users\vchat\Downloads\Vaishnavi_s_Thesis\automation\results_behavior_windows\refractory\coupling_rl1_c1\raw_runs\map_0139.raw,C:\Users\vchat\Downloads\Vaishnavi_s_Thesis\automation\results_behavior_windows\refractory\coupling_rl1_c1\raw_runs\map_0139.log,C:\Users\vchat\Downloads\Vaishnavi_s_Thesis\automation\results_behavior_windows\refractory\coupling_rl1_c1\plots\map_0139.png,,,
140,ok,7350.0,2.11171211430674e-08,C:\Users\vchat\Downloads\Vaishnavi_s_Thesis\automation\results_behavior_windows\refractory\coupling_rl1_c1\raw_runs\map_0140.raw,C:\Users\vchat\Downloads\Vaishnavi_s_Thesis\automation\results_behavior_windows\refractory\coupling_rl1_c1\raw_runs\map_0140.log,C:\Users\vchat\Downloads\Vaishnavi_s_Thesis\automation\results_behavior_windows\refractory\coupling_rl1_c1\plots\map_0140.png,,,
141,ok,7350.0,2.1281724343867947e-08,C:\Users\vchat\Downloads\Vaishnavi_s_Thesis\automation\results_behavior_windows\refractory\coupling_rl1_c1\raw_runs\map_0141.raw,C:\Users\vchat\Downloads\Vaishnavi_s_Thesis\automation\results_behavior_windows\refractory\coupling_rl1_c1\raw_runs\map_0141.log,C:\Users\vchat\Downloads\Vaishnavi_s_Thesis\automation\results_behavior_windows\refractory\coupling_rl1_c1\plots\map_0141.png,,,
142,ok,7350.0,2.144761058952722e-08,C:\Users\vchat\Downloads\Vaishnavi_s_Thesis\automation\results_behavior_windows\refractory\coupling_rl1_c1\raw_runs\map_0142.raw,C:\Users\vchat\Downloads\Vaishnavi_s_Thesis\automation\results_behavior_windows\refractory\coupling_rl1_c1\raw_runs\map_0142.log,C:\Users\vchat\Downloads\Vaishnavi_s_Thesis\automation\results_behavior_windows\refractory\coupling_rl1_c1\plots\map_0142.png,,,
143,ok,7350.0,2.1614789881090783e-08,C:\Users\vchat\Downloads\Vaishnavi_s_Thesis\automation\results_behavior_windows\refractory\coupling_rl1_c1\raw_runs\map_0143.raw,C:\Users\vchat\Downloads\Vaishnavi_s_Thesis\automation\results_behavior_windows\refractory\coupling_rl1_c1\raw_runs\map_0143.log,C:\Users\vchat\Downloads\Vaishnavi_s_Thesis\automation\results_behavior_windows\refractory\coupling_rl1_c1\plots\map_0143.png,,,
144,ok,7350.0,2.1783272297560075e-08,C:\Users\vchat\Downloads\Vaishnavi_s_Thesis\automation\results_behavior_windows\refractory\coupling_rl1_c1\raw_runs\map_0144.raw,C:\Users\vchat\Downloads\Vaishnavi_s_Thesis\automation\results_behavior_windows\refractory\coupling_rl1_c1\raw_runs\map_0144.log,C:\Users\vchat\Downloads\Vaishnavi_s_Thesis\automation\results_behavior_windows\refractory\coupling_rl1_c1\plots\map_0144.png,,,
145,ok,7350.0,2.1953067996500143e-08,C:\Users\vchat\Downloads\Vaishnavi_s_Thesis\automation\results_behavior_windows\refractory\coupling_rl1_c1\raw_runs\map_0145.raw,C:\Users\vchat\Downloads\Vaishnavi_s_Thesis\automation\results_behavior_windows\refractory\coupling_rl1_c1\raw_runs\map_0145.log,C:\Users\vchat\Downloads\Vaishnavi_s_Thesis\automation\results_behavior_windows\refractory\coupling_rl1_c1\plots\map_0145.png,,,
146,ok,7350.0,2.2124187214651817e-08,C:\Users\vchat\Downloads\Vaishnavi_s_Thesis\automation\results_behavior_windows\refractory\coupling_rl1_c1\raw_runs\map_0146.raw,C:\Users\vchat\Downloads\Vaishnavi_s_Thesis\automation\results_behavior_windows\refractory\coupling_rl1_c1\raw_runs\map_0146.log,C:\Users\vchat\Downloads\Vaishnavi_s_Thesis\automation\results_behavior_windows\refractory\coupling_rl1_c1\plots\map_0146.png,,,
147,ok,7350.0,2.2296640268549164e-08,C:\Users\vchat\Downloads\Vaishnavi_s_Thesis\automation\results_behavior_windows\refractory\coupling_rl1_c1\raw_runs\map_0147.raw,C:\Users\vchat\Downloads\Vaishnavi_s_Thesis\automation\results_behavior_windows\refractory\coupling_rl1_c1\raw_runs\map_0147.log,C:\Users\vchat\Downloads\Vaishnavi_s_Thesis\automation\results_behavior_windows\refractory\coupling_rl1_c1\plots\map_0147.png,,,
148,ok,7350.0,2.2470437555141253e-08,C:\Users\vchat\Downloads\Vaishnavi_s_Thesis\automation\results_behavior_windows\refractory\coupling_rl1_c1\raw_runs\map_0148.raw,C:\Users\vchat\Downloads\Vaishnavi_s_Thesis\automation\results_behavior_windows\refractory\coupling_rl1_c1\raw_runs\map_0148.log,C:\Users\vchat\Downloads\Vaishnavi_s_Thesis\automation\results_behavior_windows\refractory\coupling_rl1_c1\plots\map_0148.png,,,
149,ok,7350.0,2.2645589552419077e-08,C:\Users\vchat\Downloads\Vaishnavi_s_Thesis\automation\results_behavior_windows\refractory\coupling_rl1_c1\raw_runs\map_0149.raw,C:\Users\vchat\Downloads\Vaishnavi_s_Thesis\automation\results_behavior_windows\refractory\coupling_rl1_c1\raw_runs\map_0149.log,C:\Users\vchat\Downloads\Vaishnavi_s_Thesis\automation\results_behavior_windows\refractory\coupling_rl1_c1\plots\map_0149.png,,,
150,ok,7350.0,2.282210682004707e-08,C:\Users\vchat\Downloads\Vaishnavi_s_Thesis\automation\results_behavior_windows\refractory\coupling_rl1_c1\raw_runs\map_0150.raw,C:\Users\vchat\Downloads\Vaishnavi_s_Thesis\automation\results_behavior_windows\refractory\coupling_rl1_c1\raw_runs\map_0150.log,C:\Users\vchat\Downloads\Vaishnavi_s_Thesis\automation\results_behavior_windows\refractory\coupling_rl1_c1\plots\map_0150.png,,,
151,ok,7350.0,2.300000000000001e-08,C:\Users\vchat\Downloads\Vaishnavi_s_Thesis\automation\results_behavior_windows\refractory\coupling_rl1_c1\raw_runs\map_0151.raw,C:\Users\vchat\Downloads\Vaishnavi_s_Thesis\automation\results_behavior_windows\refractory\coupling_rl1_c1\raw_runs\map_0151.log,C:\Users\vchat\Downloads\Vaishnavi_s_Thesis\automation\results_behavior_windows\refractory\coupling_rl1_c1\plots\map_0151.png,,,
152,ok,7400.0,2.0000000000000004e-08,C:\Users\vchat\Downloads\Vaishnavi_s_Thesis\automation\results_behavior_windows\refractory\coupling_rl1_c1\raw_runs\map_0152.raw,C:\Users\vchat\Downloads\Vaishnavi_s_Thesis\automation\results_behavior_windows\refractory\coupling_rl1_c1\raw_runs\map_0152.log,C:\Users\vchat\Downloads\Vaishnavi_s_Thesis\automation\results_behavior_windows\refractory\coupling_rl1_c1\plots\map_0152.png,,,
153,ok,7400.0,2.0155895493221232e-08,C:\Users\vchat\Downloads\Vaishnavi_s_Thesis\automation\results_behavior_windows\refractory\coupling_rl1_c1\raw_runs\map_0153.raw,C:\Users\vchat\Downloads\Vaishnavi_s_Thesis\automation\results_behavior_windows\refractory\coupling_rl1_c1\raw_runs\map_0153.log,C:\Users\vchat\Downloads\Vaishnavi_s_Thesis\automation\results_behavior_windows\refractory\coupling_rl1_c1\plots\map_0153.png,,,
154,ok,7400.0,2.0313006156682795e-08,C:\Users\vchat\Downloads\Vaishnavi_s_Thesis\automation\results_behavior_windows\refractory\coupling_rl1_c1\raw_runs\map_0154.raw,C:\Users\vchat\Downloads\Vaishnavi_s_Thesis\automation\results_behavior_windows\refractory\coupling_rl1_c1\raw_runs\map_0154.log,C:\Users\vchat\Downloads\Vaishnavi_s_Thesis\automation\results_behavior_windows\refractory\coupling_rl1_c1\plots\map_0154.png,,,
155,ok,7400.0,2.047134146236293e-08,C:\Users\vchat\Downloads\Vaishnavi_s_Thesis\automation\results_behavior_windows\refractory\coupling_rl1_c1\raw_runs\map_0155.raw,C:\Users\vchat\Downloads\Vaishnavi_s_Thesis\automation\results_behavior_windows\refractory\coupling_rl1_c1\raw_runs\map_0155.log,C:\Users\vchat\Downloads\Vaishnavi_s_Thesis\automation\results_behavior_windows\refractory\coupling_rl1_c1\plots\map_0155.png,,,
156,ok,7400.0,2.0630910956071693e-08,C:\Users\vchat\Downloads\Vaishnavi_s_Thesis\automation\results_behavior_windows\refractory\coupling_rl1_c1\raw_runs\map_0156.raw,C:\Users\vchat\Downloads\Vaishnavi_s_Thesis\automation\results_behavior_windows\refractory\coupling_rl1_c1\raw_runs\map_0156.log,C:\Users\vchat\Downloads\Vaishnavi_s_Thesis\automation\results_behavior_windows\refractory\coupling_rl1_c1\plots\map_0156.png,,,
157,ok,7400.0,2.0791724258026693e-08,C:\Users\vchat\Downloads\Vaishnavi_s_Thesis\automation\results_behavior_windows\refractory\coupling_rl1_c1\raw_runs\map_0157.raw,C:\Users\vchat\Downloads\Vaishnavi_s_Thesis\automation\results_behavior_windows\refractory\coupling_rl1_c1\raw_runs\map_0157.log,C:\Users\vchat\Downloads\Vaishnavi_s_Thesis\automation\results_behavior_windows\refractory\coupling_rl1_c1\plots\map_0157.png,,,
158,ok,7400.0,2.0953791063432937e-08,C:\Users\vchat\Downloads\Vaishnavi_s_Thesis\automation\results_behavior_windows\refractory\coupling_rl1_c1\raw_runs\map_0158.raw,C:\Users\vchat\Downloads\Vaishnavi_s_Thesis\automation\results_behavior_windows\refractory\coupling_rl1_c1\raw_runs\map_0158.log,C:\Users\vchat\Downloads\Vaishnavi_s_Thesis\automation\results_behavior_windows\refractory\coupling_rl1_c1\plots\map_0158.png,,,
159,ok,7400.0,2.11171211430674e-08,C:\Users\vchat\Downloads\Vaishnavi_s_Thesis\automation\results_behavior_windows\refractory\coupling_rl1_c1\raw_runs\map_0159.raw,C:\Users\vchat\Downloads\Vaishnavi_s_Thesis\automation\results_behavior_windows\refractory\coupling_rl1_c1\raw_runs\map_0159.log,C:\Users\vchat\Downloads\Vaishnavi_s_Thesis\automation\results_behavior_windows\refractory\coupling_rl1_c1\plots\map_0159.png,,,
160,ok,7400.0,2.1281724343867947e-08,C:\Users\vchat\Downloads\Vaishnavi_s_Thesis\automation\results_behavior_windows\refractory\coupling_rl1_c1\raw_runs\map_0160.raw,C:\Users\vchat\Downloads\Vaishnavi_s_Thesis\automation\results_behavior_windows\refractory\coupling_rl1_c1\raw_runs\map_0160.log,C:\Users\vchat\Downloads\Vaishnavi_s_Thesis\automation\results_behavior_windows\refractory\coupling_rl1_c1\plots\map_0160.png,,,
161,ok,7400.0,2.144761058952722e-08,C:\Users\vchat\Downloads\Vaishnavi_s_Thesis\automation\results_behavior_windows\refractory\coupling_rl1_c1\raw_runs\map_0161.raw,C:\Users\vchat\Downloads\Vaishnavi_s_Thesis\automation\results_behavior_windows\refractory\coupling_rl1_c1\raw_runs\map_0161.log,C:\Users\vchat\Downloads\Vaishnavi_s_Thesis\automation\results_behavior_windows\refractory\coupling_rl1_c1\plots\map_0161.png,,,
162,ok,7400.0,2.1614789881090783e-08,C:\Users\vchat\Downloads\Vaishnavi_s_Thesis\automation\results_behavior_windows\refractory\coupling_rl1_c1\raw_runs\map_0162.raw,C:\Users\vchat\Downloads\Vaishnavi_s_Thesis\automation\results_behavior_windows\refractory\coupling_rl1_c1\raw_runs\map_0162.log,C:\Users\vchat\Downloads\Vaishnavi_s_Thesis\automation\results_behavior_windows\refractory\coupling_rl1_c1\plots\map_0162.png,,,
163,ok,7400.0,2.1783272297560075e-08,C:\Users\vchat\Downloads\Vaishnavi_s_Thesis\automation\results_behavior_windows\refractory\coupling_rl1_c1\raw_runs\map_0163.raw,C:\Users\vchat\Downloads\Vaishnavi_s_Thesis\automation\results_behavior_windows\refractory\coupling_rl1_c1\raw_runs\map_0163.log,C:\Users\vchat\Downloads\Vaishnavi_s_Thesis\automation\results_behavior_windows\refractory\coupling_rl1_c1\plots\map_0163.png,,,
164,ok,7400.0,2.1953067996500143e-08,C:\Users\vchat\Downloads\Vaishnavi_s_Thesis\automation\results_behavior_windows\refractory\coupling_rl1_c1\raw_runs\map_0164.raw,C:\Users\vchat\Downloads\Vaishnavi_s_Thesis\automation\results_behavior_windows\refractory\coupling_rl1_c1\raw_runs\map_0164.log,C:\Users\vchat\Downloads\Vaishnavi_s_Thesis\automation\results_behavior_windows\refractory\coupling_rl1_c1\plots\map_0164.png,,,
165,ok,7400.0,2.2124187214651817e-08,C:\Users\vchat\Downloads\Vaishnavi_s_Thesis\automation\results_behavior_windows\refractory\coupling_rl1_c1\raw_runs\map_0165.raw,C:\Users\vchat\Downloads\Vaishnavi_s_Thesis\automation\results_behavior_windows\refractory\coupling_rl1_c1\raw_runs\map_0165.log,C:\Users\vchat\Downloads\Vaishnavi_s_Thesis\automation\results_behavior_windows\refractory\coupling_rl1_c1\plots\map_0165.png,,,
166,ok,7400.0,2.2296640268549164e-08,C:\Users\vchat\Downloads\Vaishnavi_s_Thesis\automation\results_behavior_windows\refractory\coupling_rl1_c1\raw_runs\map_0166.raw,C:\Users\vchat\Downloads\Vaishnavi_s_Thesis\automation\results_behavior_windows\refractory\coupling_rl1_c1\raw_runs\map_0166.log,C:\Users\vchat\Downloads\Vaishnavi_s_Thesis\automation\results_behavior_windows\refractory\coupling_rl1_c1\plots\map_0166.png,,,
167,ok,7400.0,2.2470437555141253e-08,C:\Users\vchat\Downloads\Vaishnavi_s_Thesis\automation\results_behavior_windows\refractory\coupling_rl1_c1\raw_runs\map_0167.raw,C:\Users\vchat\Downloads\Vaishnavi_s_Thesis\automation\results_behavior_windows\refractory\coupling_rl1_c1\raw_runs\map_0167.log,C:\Users\vchat\Downloads\Vaishnavi_s_Thesis\automation\results_behavior_windows\refractory\coupling_rl1_c1\plots\map_0167.png,,,
168,ok,7400.0,2.2645589552419077e-08,C:\Users\vchat\Downloads\Vaishnavi_s_Thesis\automation\results_behavior_windows\refractory\coupling_rl1_c1\raw_runs\map_0168.raw,C:\Users\vchat\Downloads\Vaishnavi_s_Thesis\automation\results_behavior_windows\refractory\coupling_rl1_c1\raw_runs\map_0168.log,C:\Users\vchat\Downloads\Vaishnavi_s_Thesis\automation\results_behavior_windows\refractory\coupling_rl1_c1\plots\map_0168.png,,,
169,ok,7400.0,2.282210682004707e-08,C:\Users\vchat\Downloads\Vaishnavi_s_Thesis\automation\results_behavior_windows\refractory\coupling_rl1_c1\raw_runs\map_0169.raw,C:\Users\vchat\Downloads\Vaishnavi_s_Thesis\automation\results_behavior_windows\refractory\coupling_rl1_c1\raw_runs\map_0169.log,C:\Users\vchat\Downloads\Vaishnavi_s_Thesis\automation\results_behavior_windows\refractory\coupling_rl1_c1\plots\map_0169.png,,,
170,ok,7400.0,2.300000000000001e-08,C:\Users\vchat\Downloads\Vaishnavi_s_Thesis\automation\results_behavior_windows\refractory\coupling_rl1_c1\raw_runs\map_0170.raw,C:\Users\vchat\Downloads\Vaishnavi_s_Thesis\automation\results_behavior_windows\refractory\coupling_rl1_c1\raw_runs\map_0170.log,C:\Users\vchat\Downloads\Vaishnavi_s_Thesis\automation\results_behavior_windows\refractory\coupling_rl1_c1\plots\map_0170.png,,,
171,ok,7450.0,2.0000000000000004e-08,C:\Users\vchat\Downloads\Vaishnavi_s_Thesis\automation\results_behavior_windows\refractory\coupling_rl1_c1\raw_runs\map_0171.raw,C:\Users\vchat\Downloads\Vaishnavi_s_Thesis\automation\results_behavior_windows\refractory\coupling_rl1_c1\raw_runs\map_0171.log,C:\Users\vchat\Downloads\Vaishnavi_s_Thesis\automation\results_behavior_windows\refractory\coupling_rl1_c1\plots\map_0171.png,,,
172,ok,7450.0,2.0155895493221232e-08,C:\Users\vchat\Downloads\Vaishnavi_s_Thesis\automation\results_behavior_windows\refractory\coupling_rl1_c1\raw_runs\map_0172.raw,C:\Users\vchat\Downloads\Vaishnavi_s_Thesis\automation\results_behavior_windows\refractory\coupling_rl1_c1\raw_runs\map_0172.log,C:\Users\vchat\Downloads\Vaishnavi_s_Thesis\automation\results_behavior_windows\refractory\coupling_rl1_c1\plots\map_0172.png,,,
173,ok,7450.0,2.0313006156682795e-08,C:\Users\vchat\Downloads\Vaishnavi_s_Thesis\automation\results_behavior_windows\refractory\coupling_rl1_c1\raw_runs\map_0173.raw,C:\Users\vchat\Downloads\Vaishnavi_s_Thesis\automation\results_behavior_windows\refractory\coupling_rl1_c1\raw_runs\map_0173.log,C:\Users\vchat\Downloads\Vaishnavi_s_Thesis\automation\results_behavior_windows\refractory\coupling_rl1_c1\plots\map_0173.png,,,
174,ok,7450.0,2.047134146236293e-08,C:\Users\vchat\Downloads\Vaishnavi_s_Thesis\automation\results_behavior_windows\refractory\coupling_rl1_c1\raw_runs\map_0174.raw,C:\Users\vchat\Downloads\Vaishnavi_s_Thesis\automation\results_behavior_windows\refractory\coupling_rl1_c1\raw_runs\map_0174.log,C:\Users\vchat\Downloads\Vaishnavi_s_Thesis\automation\results_behavior_windows\refractory\coupling_rl1_c1\plots\map_0174.png,,,
175,ok,7450.0,2.0630910956071693e-08,C:\Users\vchat\Downloads\Vaishnavi_s_Thesis\automation\results_behavior_windows\refractory\coupling_rl1_c1\raw_runs\map_0175.raw,C:\Users\vchat\Downloads\Vaishnavi_s_Thesis\automation\results_behavior_windows\refractory\coupling_rl1_c1\raw_runs\map_0175.log,C:\Users\vchat\Downloads\Vaishnavi_s_Thesis\automation\results_behavior_windows\refractory\coupling_rl1_c1\plots\map_0175.png,,,
176,ok,7450.0,2.0791724258026693e-08,C:\Users\vchat\Downloads\Vaishnavi_s_Thesis\automation\results_behavior_windows\refractory\coupling_rl1_c1\raw_runs\map_0176.raw,C:\Users\vchat\Downloads\Vaishnavi_s_Thesis\automation\results_behavior_windows\refractory\coupling_rl1_c1\raw_runs\map_0176.log,C:\Users\vchat\Downloads\Vaishnavi_s_Thesis\automation\results_behavior_windows\refractory\coupling_rl1_c1\plots\map_0176.png,,,
177,ok,7450.0,2.0953791063432937e-08,C:\Users\vchat\Downloads\Vaishnavi_s_Thesis\automation\results_behavior_windows\refractory\coupling_rl1_c1\raw_runs\map_0177.raw,C:\Users\vchat\Downloads\Vaishnavi_s_Thesis\automation\results_behavior_windows\refractory\coupling_rl1_c1\raw_runs\map_0177.log,C:\Users\vchat\Downloads\Vaishnavi_s_Thesis\automation\results_behavior_windows\refractory\coupling_rl1_c1\plots\map_0177.png,,,
178,ok,7450.0,2.11171211430674e-08,C:\Users\vchat\Downloads\Vaishnavi_s_Thesis\automation\results_behavior_windows\refractory\coupling_rl1_c1\raw_runs\map_0178.raw,C:\Users\vchat\Downloads\Vaishnavi_s_Thesis\automation\results_behavior_windows\refractory\coupling_rl1_c1\raw_runs\map_0178.log,C:\Users\vchat\Downloads\Vaishnavi_s_Thesis\automation\results_behavior_windows\refractory\coupling_rl1_c1\plots\map_0178.png,,,
179,ok,7450.0,2.1281724343867947e-08,C:\Users\vchat\Downloads\Vaishnavi_s_Thesis\automation\results_behavior_windows\refractory\coupling_rl1_c1\raw_runs\map_0179.raw,C:\Users\vchat\Downloads\Vaishnavi_s_Thesis\automation\results_behavior_windows\refractory\coupling_rl1_c1\raw_runs\map_0179.log,C:\Users\vchat\Downloads\Vaishnavi_s_Thesis\automation\results_behavior_windows\refractory\coupling_rl1_c1\plots\map_0179.png,,,
180,ok,7450.0,2.144761058952722e-08,C:\Users\vchat\Downloads\Vaishnavi_s_Thesis\automation\results_behavior_windows\refractory\coupling_rl1_c1\raw_runs\map_0180.raw,C:\Users\vchat\Downloads\Vaishnavi_s_Thesis\automation\results_behavior_windows\refractory\coupling_rl1_c1\raw_runs\map_0180.log,C:\Users\vchat\Downloads\Vaishnavi_s_Thesis\automation\results_behavior_windows\refractory\coupling_rl1_c1\plots\map_0180.png,,,
181,ok,7450.0,2.1614789881090783e-08,C:\Users\vchat\Downloads\Vaishnavi_s_Thesis\automation\results_behavior_windows\refractory\coupling_rl1_c1\raw_runs\map_0181.raw,C:\Users\vchat\Downloads\Vaishnavi_s_Thesis\automation\results_behavior_windows\refractory\coupling_rl1_c1\raw_runs\map_0181.log,C:\Users\vchat\Downloads\Vaishnavi_s_Thesis\automation\results_behavior_windows\refractory\coupling_rl1_c1\plots\map_0181.png,,,
182,ok,7450.0,2.1783272297560075e-08,C:\Users\vchat\Downloads\Vaishnavi_s_Thesis\automation\results_behavior_windows\refractory\coupling_rl1_c1\raw_runs\map_0182.raw,C:\Users\vchat\Downloads\Vaishnavi_s_Thesis\automation\results_behavior_windows\refractory\coupling_rl1_c1\raw_runs\map_0182.log,C:\Users\vchat\Downloads\Vaishnavi_s_Thesis\automation\results_behavior_windows\refractory\coupling_rl1_c1\plots\map_0182.png,,,
183,ok,7450.0,2.1953067996500143e-08,C:\Users\vchat\Downloads\Vaishnavi_s_Thesis\automation\results_behavior_windows\refractory\coupling_rl1_c1\raw_runs\map_0183.raw,C:\Users\vchat\Downloads\Vaishnavi_s_Thesis\automation\results_behavior_windows\refractory\coupling_rl1_c1\raw_runs\map_0183.log,C:\Users\vchat\Downloads\Vaishnavi_s_Thesis\automation\results_behavior_windows\refractory\coupling_rl1_c1\plots\map_0183.png,,,
184,ok,7450.0,2.2124187214651817e-08,C:\Users\vchat\Downloads\Vaishnavi_s_Thesis\automation\results_behavior_windows\refractory\coupling_rl1_c1\raw_runs\map_0184.raw,C:\Users\vchat\Downloads\Vaishnavi_s_Thesis\automation\results_behavior_windows\refractory\coupling_rl1_c1\raw_runs\map_0184.log,C:\Users\vchat\Downloads\Vaishnavi_s_Thesis\automation\results_behavior_windows\refractory\coupling_rl1_c1\plots\map_0184.png,,,
185,ok,7450.0,2.2296640268549164e-08,C:\Users\vchat\Downloads\Vaishnavi_s_Thesis\automation\results_behavior_windows\refractory\coupling_rl1_c1\raw_runs\map_0185.raw,C:\Users\vchat\Downloads\Vaishnavi_s_Thesis\automation\results_behavior_windows\refractory\coupling_rl1_c1\raw_runs\map_0185.log,C:\Users\vchat\Downloads\Vaishnavi_s_Thesis\automation\results_behavior_windows\refractory\coupling_rl1_c1\plots\map_0185.png,,,
186,ok,7450.0,2.2470437555141253e-08,C:\Users\vchat\Downloads\Vaishnavi_s_Thesis\automation\results_behavior_windows\refractory\coupling_rl1_c1\raw_runs\map_0186.raw,C:\Users\vchat\Downloads\Vaishnavi_s_Thesis\automation\results_behavior_windows\refractory\coupling_rl1_c1\raw_runs\map_0186.log,C:\Users\vchat\Downloads\Vaishnavi_s_Thesis\automation\results_behavior_windows\refractory\coupling_rl1_c1\plots\map_0186.png,,,
187,ok,7450.0,2.2645589552419077e-08,C:\Users\vchat\Downloads\Vaishnavi_s_Thesis\automation\results_behavior_windows\refractory\coupling_rl1_c1\raw_runs\map_0187.raw,C:\Users\vchat\Downloads\Vaishnavi_s_Thesis\automation\results_behavior_windows\refractory\coupling_rl1_c1\raw_runs\map_0187.log,C:\Users\vchat\Downloads\Vaishnavi_s_Thesis\automation\results_behavior_windows\refractory\coupling_rl1_c1\plots\map_0187.png,,,
188,ok,7450.0,2.282210682004707e-08,C:\Users\vchat\Downloads\Vaishnavi_s_Thesis\automation\results_behavior_windows\refractory\coupling_rl1_c1\raw_runs\map_0188.raw,C:\Users\vchat\Downloads\Vaishnavi_s_Thesis\automation\results_behavior_windows\refractory\coupling_rl1_c1\raw_runs\map_0188.log,C:\Users\vchat\Downloads\Vaishnavi_s_Thesis\automation\results_behavior_windows\refractory\coupling_rl1_c1\plots\map_0188.png,,,
189,ok,7450.0,2.300000000000001e-08,C:\Users\vchat\Downloads\Vaishnavi_s_Thesis\automation\results_behavior_windows\refractory\coupling_rl1_c1\raw_runs\map_0189.raw,C:\Users\vchat\Downloads\Vaishnavi_s_Thesis\automation\results_behavior_windows\refractory\coupling_rl1_c1\raw_runs\map_0189.log,C:\Users\vchat\Downloads\Vaishnavi_s_Thesis\automation\results_behavior_windows\refractory\coupling_rl1_c1\plots\map_0189.png,,,
190,ok,7500.0,2.0000000000000004e-08,C:\Users\vchat\Downloads\Vaishnavi_s_Thesis\automation\results_behavior_windows\refractory\coupling_rl1_c1\raw_runs\map_0190.raw,C:\Users\vchat\Downloads\Vaishnavi_s_Thesis\automation\results_behavior_windows\refractory\coupling_rl1_c1\raw_runs\map_0190.log,C:\Users\vchat\Downloads\Vaishnavi_s_Thesis\automation\results_behavior_windows\refractory\coupling_rl1_c1\plots\map_0190.png,,,
191,ok,7500.0,2.0155895493221232e-08,C:\Users\vchat\Downloads\Vaishnavi_s_Thesis\automation\results_behavior_windows\refractory\coupling_rl1_c1\raw_runs\map_0191.raw,C:\Users\vchat\Downloads\Vaishnavi_s_Thesis\automation\results_behavior_windows\refractory\coupling_rl1_c1\raw_runs\map_0191.log,C:\Users\vchat\Downloads\Vaishnavi_s_Thesis\automation\results_behavior_windows\refractory\coupling_rl1_c1\plots\map_0191.png,,,
192,ok,7500.0,2.0313006156682795e-08,C:\Users\vchat\Downloads\Vaishnavi_s_Thesis\automation\results_behavior_windows\refractory\coupling_rl1_c1\raw_runs\map_0192.raw,C:\Users\vchat\Downloads\Vaishnavi_s_Thesis\automation\results_behavior_windows\refractory\coupling_rl1_c1\raw_runs\map_0192.log,C:\Users\vchat\Downloads\Vaishnavi_s_Thesis\automation\results_behavior_windows\refractory\coupling_rl1_c1\plots\map_0192.png,,,
193,ok,7500.0,2.047134146236293e-08,C:\Users\vchat\Downloads\Vaishnavi_s_Thesis\automation\results_behavior_windows\refractory\coupling_rl1_c1\raw_runs\map_0193.raw,C:\Users\vchat\Downloads\Vaishnavi_s_Thesis\automation\results_behavior_windows\refractory\coupling_rl1_c1\raw_runs\map_0193.log,C:\Users\vchat\Downloads\Vaishnavi_s_Thesis\automation\results_behavior_windows\refractory\coupling_rl1_c1\plots\map_0193.png,,,
194,ok,7500.0,2.0630910956071693e-08,C:\Users\vchat\Downloads\Vaishnavi_s_Thesis\automation\results_behavior_windows\refractory\coupling_rl1_c1\raw_runs\map_0194.raw,C:\Users\vchat\Downloads\Vaishnavi_s_Thesis\automation\results_behavior_windows\refractory\coupling_rl1_c1\raw_runs\map_0194.log,C:\Users\vchat\Downloads\Vaishnavi_s_Thesis\automation\results_behavior_windows\refractory\coupling_rl1_c1\plots\map_0194.png,,,
195,ok,7500.0,2.0791724258026693e-08,C:\Users\vchat\Downloads\Vaishnavi_s_Thesis\automation\results_behavior_windows\refractory\coupling_rl1_c1\raw_runs\map_0195.raw,C:\Users\vchat\Downloads\Vaishnavi_s_Thesis\automation\results_behavior_windows\refractory\coupling_rl1_c1\raw_runs\map_0195.log,C:\Users\vchat\Downloads\Vaishnavi_s_Thesis\automation\results_behavior_windows\refractory\coupling_rl1_c1\plots\map_0195.png,,,
196,ok,7500.0,2.0953791063432937e-08,C:\Users\vchat\Downloads\Vaishnavi_s_Thesis\automation\results_behavior_windows\refractory\coupling_rl1_c1\raw_runs\map_0196.raw,C:\Users\vchat\Downloads\Vaishnavi_s_Thesis\automation\results_behavior_windows\refractory\coupling_rl1_c1\raw_runs\map_0196.log,C:\Users\vchat\Downloads\Vaishnavi_s_Thesis\automation\results_behavior_windows\refractory\coupling_rl1_c1\plots\map_0196.png,,,
197,ok,7500.0,2.11171211430674e-08,C:\Users\vchat\Downloads\Vaishnavi_s_Thesis\automation\results_behavior_windows\refractory\coupling_rl1_c1\raw_runs\map_0197.raw,C:\Users\vchat\Downloads\Vaishnavi_s_Thesis\automation\results_behavior_windows\refractory\coupling_rl1_c1\raw_runs\map_0197.log,C:\Users\vchat\Downloads\Vaishnavi_s_Thesis\automation\results_behavior_windows\refractory\coupling_rl1_c1\plots\map_0197.png,,,
198,ok,7500.0,2.1281724343867947e-08,C:\Users\vchat\Downloads\Vaishnavi_s_Thesis\automation\results_behavior_windows\refractory\coupling_rl1_c1\raw_runs\map_0198.raw,C:\Users\vchat\Downloads\Vaishnavi_s_Thesis\automation\results_behavior_windows\refractory\coupling_rl1_c1\raw_runs\map_0198.log,C:\Users\vchat\Downloads\Vaishnavi_s_Thesis\automation\results_behavior_windows\refractory\coupling_rl1_c1\plots\map_0198.png,,,
199,ok,7500.0,2.144761058952722e-08,C:\Users\vchat\Downloads\Vaishnavi_s_Thesis\automation\results_behavior_windows\refractory\coupling_rl1_c1\raw_runs\map_0199.raw,C:\Users\vchat\Downloads\Vaishnavi_s_Thesis\automation\results_behavior_windows\refractory\coupling_rl1_c1\raw_runs\map_0199.log,C:\Users\vchat\Downloads\Vaishnavi_s_Thesis\automation\results_behavior_windows\refractory\coupling_rl1_c1\plots\map_0199.png,,,
200,ok,7500.0,2.1614789881090783e-08,C:\Users\vchat\Downloads\Vaishnavi_s_Thesis\automation\results_behavior_windows\refractory\coupling_rl1_c1\raw_runs\map_0200.raw,C:\Users\vchat\Downloads\Vaishnavi_s_Thesis\automation\results_behavior_windows\refractory\coupling_rl1_c1\raw_runs\map_0200.log,C:\Users\vchat\Downloads\Vaishnavi_s_Thesis\automation\results_behavior_windows\refractory\coupling_rl1_c1\plots\map_0200.png,,,
201,ok,7500.0,2.1783272297560075e-08,C:\Users\vchat\Downloads\Vaishnavi_s_Thesis\automation\results_behavior_windows\refractory\coupling_rl1_c1\raw_runs\map_0201.raw,C:\Users\vchat\Downloads\Vaishnavi_s_Thesis\automation\results_behavior_windows\refractory\coupling_rl1_c1\raw_runs\map_0201.log,C:\Users\vchat\Downloads\Vaishnavi_s_Thesis\automation\results_behavior_windows\refractory\coupling_rl1_c1\plots\map_0201.png,,,
202,ok,7500.0,2.1953067996500143e-08,C:\Users\vchat\Downloads\Vaishnavi_s_Thesis\automation\results_behavior_windows\refractory\coupling_rl1_c1\raw_runs\map_0202.raw,C:\Users\vchat\Downloads\Vaishnavi_s_Thesis\automation\results_behavior_windows\refractory\coupling_rl1_c1\raw_runs\map_0202.log,C:\Users\vchat\Downloads\Vaishnavi_s_Thesis\automation\results_behavior_windows\refractory\coupling_rl1_c1\plots\map_0202.png,,,
203,ok,7500.0,2.2124187214651817e-08,C:\Users\vchat\Downloads\Vaishnavi_s_Thesis\automation\results_behavior_windows\refractory\coupling_rl1_c1\raw_runs\map_0203.raw,C:\Users\vchat\Downloads\Vaishnavi_s_Thesis\automation\results_behavior_windows\refractory\coupling_rl1_c1\raw_runs\map_0203.log,C:\Users\vchat\Downloads\Vaishnavi_s_Thesis\automation\results_behavior_windows\refractory\coupling_rl1_c1\plots\map_0203.png,,,
204,ok,7500.0,2.2296640268549164e-08,C:\Users\vchat\Downloads\Vaishnavi_s_Thesis\automation\results_behavior_windows\refractory\coupling_rl1_c1\raw_runs\map_0204.raw,C:\Users\vchat\Downloads\Vaishnavi_s_Thesis\automation\results_behavior_windows\refractory\coupling_rl1_c1\raw_runs\map_0204.log,C:\Users\vchat\Downloads\Vaishnavi_s_Thesis\automation\results_behavior_windows\refractory\coupling_rl1_c1\plots\map_0204.png,,,
205,ok,7500.0,2.2470437555141253e-08,C:\Users\vchat\Downloads\Vaishnavi_s_Thesis\automation\results_behavior_windows\refractory\coupling_rl1_c1\raw_runs\map_0205.raw,C:\Users\vchat\Downloads\Vaishnavi_s_Thesis\automation\results_behavior_windows\refractory\coupling_rl1_c1\raw_runs\map_0205.log,C:\Users\vchat\Downloads\Vaishnavi_s_Thesis\automation\results_behavior_windows\refractory\coupling_rl1_c1\plots\map_0205.png,,,
206,ok,7500.0,2.2645589552419077e-08,C:\Users\vchat\Downloads\Vaishnavi_s_Thesis\automation\results_behavior_windows\refractory\coupling_rl1_c1\raw_runs\map_0206.raw,C:\Users\vchat\Downloads\Vaishnavi_s_Thesis\automation\results_behavior_windows\refractory\coupling_rl1_c1\raw_runs\map_0206.log,C:\Users\vchat\Downloads\Vaishnavi_s_Thesis\automation\results_behavior_windows\refractory\coupling_rl1_c1\plots\map_0206.png,,,
207,ok,7500.0,2.282210682004707e-08,C:\Users\vchat\Downloads\Vaishnavi_s_Thesis\automation\results_behavior_windows\refractory\coupling_rl1_c1\raw_runs\map_0207.raw,C:\Users\vchat\Downloads\Vaishnavi_s_Thesis\automation\results_behavior_windows\refractory\coupling_rl1_c1\raw_runs\map_0207.log,C:\Users\vchat\Downloads\Vaishnavi_s_Thesis\automation\results_behavior_windows\refractory\coupling_rl1_c1\plots\map_0207.png,,,
208,ok,7500.0,2.300000000000001e-08,C:\Users\vchat\Downloads\Vaishnavi_s_Thesis\automation\results_behavior_windows\refractory\coupling_rl1_c1\raw_runs\map_0208.raw,C:\Users\vchat\Downloads\Vaishnavi_s_Thesis\automation\results_behavior_windows\refractory\coupling_rl1_c1\raw_runs\map_0208.log,C:\Users\vchat\Downloads\Vaishnavi_s_Thesis\automation\results_behavior_windows\refractory\coupling_rl1_c1\plots\map_0208.png,,,
209,ok,7550.0,2.0000000000000004e-08,C:\Users\vchat\Downloads\Vaishnavi_s_Thesis\automation\results_behavior_windows\refractory\coupling_rl1_c1\raw_runs\map_0209.raw,C:\Users\vchat\Downloads\Vaishnavi_s_Thesis\automation\results_behavior_windows\refractory\coupling_rl1_c1\raw_runs\map_0209.log,C:\Users\vchat\Downloads\Vaishnavi_s_Thesis\automation\results_behavior_windows\refractory\coupling_rl1_c1\plots\map_0209.png,,,
210,ok,7550.0,2.0155895493221232e-08,C:\Users\vchat\Downloads\Vaishnavi_s_Thesis\automation\results_behavior_windows\refractory\coupling_rl1_c1\raw_runs\map_0210.raw,C:\Users\vchat\Downloads\Vaishnavi_s_Thesis\automation\results_behavior_windows\refractory\coupling_rl1_c1\raw_runs\map_0210.log,C:\Users\vchat\Downloads\Vaishnavi_s_Thesis\automation\results_behavior_windows\refractory\coupling_rl1_c1\plots\map_0210.png,,,
211,ok,7550.0,2.0313006156682795e-08,C:\Users\vchat\Downloads\Vaishnavi_s_Thesis\automation\results_behavior_windows\refractory\coupling_rl1_c1\raw_runs\map_0211.raw,C:\Users\vchat\Downloads\Vaishnavi_s_Thesis\automation\results_behavior_windows\refractory\coupling_rl1_c1\raw_runs\map_0211.log,C:\Users\vchat\Downloads\Vaishnavi_s_Thesis\automation\results_behavior_windows\refractory\coupling_rl1_c1\plots\map_0211.png,,,
212,ok,7550.0,2.047134146236293e-08,C:\Users\vchat\Downloads\Vaishnavi_s_Thesis\automation\results_behavior_windows\refractory\coupling_rl1_c1\raw_runs\map_0212.raw,C:\Users\vchat\Downloads\Vaishnavi_s_Thesis\automation\results_behavior_windows\refractory\coupling_rl1_c1\raw_runs\map_0212.log,C:\Users\vchat\Downloads\Vaishnavi_s_Thesis\automation\results_behavior_windows\refractory\coupling_rl1_c1\plots\map_0212.png,,,
213,ok,7550.0,2.0630910956071693e-08,C:\Users\vchat\Downloads\Vaishnavi_s_Thesis\automation\results_behavior_windows\refractory\coupling_rl1_c1\raw_runs\map_0213.raw,C:\Users\vchat\Downloads\Vaishnavi_s_Thesis\automation\results_behavior_windows\refractory\coupling_rl1_c1\raw_runs\map_0213.log,C:\Users\vchat\Downloads\Vaishnavi_s_Thesis\automation\results_behavior_windows\refractory\coupling_rl1_c1\plots\map_0213.png,,,
214,ok,7550.0,2.0791724258026693e-08,C:\Users\vchat\Downloads\Vaishnavi_s_Thesis\automation\results_behavior_windows\refractory\coupling_rl1_c1\raw_runs\map_0214.raw,C:\Users\vchat\Downloads\Vaishnavi_s_Thesis\automation\results_behavior_windows\refractory\coupling_rl1_c1\raw_runs\map_0214.log,C:\Users\vchat\Downloads\Vaishnavi_s_Thesis\automation\results_behavior_windows\refractory\coupling_rl1_c1\plots\map_0214.png,,,
215,ok,7550.0,2.0953791063432937e-08,C:\Users\vchat\Downloads\Vaishnavi_s_Thesis\automation\results_behavior_windows\refractory\coupling_rl1_c1\raw_runs\map_0215.raw,C:\Users\vchat\Downloads\Vaishnavi_s_Thesis\automation\results_behavior_windows\refractory\coupling_rl1_c1\raw_runs\map_0215.log,C:\Users\vchat\Downloads\Vaishnavi_s_Thesis\automation\results_behavior_windows\refractory\coupling_rl1_c1\plots\map_0215.png,,,
216,ok,7550.0,2.11171211430674e-08,C:\Users\vchat\Downloads\Vaishnavi_s_Thesis\automation\results_behavior_windows\refractory\coupling_rl1_c1\raw_runs\map_0216.raw,C:\Users\vchat\Downloads\Vaishnavi_s_Thesis\automation\results_behavior_windows\refractory\coupling_rl1_c1\raw_runs\map_0216.log,C:\Users\vchat\Downloads\Vaishnavi_s_Thesis\automation\results_behavior_windows\refractory\coupling_rl1_c1\plots\map_0216.png,,,
217,ok,7550.0,2.1281724343867947e-08,C:\Users\vchat\Downloads\Vaishnavi_s_Thesis\automation\results_behavior_windows\refractory\coupling_rl1_c1\raw_runs\map_0217.raw,C:\Users\vchat\Downloads\Vaishnavi_s_Thesis\automation\results_behavior_windows\refractory\coupling_rl1_c1\raw_runs\map_0217.log,C:\Users\vchat\Downloads\Vaishnavi_s_Thesis\automation\results_behavior_windows\refractory\coupling_rl1_c1\plots\map_0217.png,,,
218,ok,7550.0,2.144761058952722e-08,C:\Users\vchat\Downloads\Vaishnavi_s_Thesis\automation\results_behavior_windows\refractory\coupling_rl1_c1\raw_runs\map_0218.raw,C:\Users\vchat\Downloads\Vaishnavi_s_Thesis\automation\results_behavior_windows\refractory\coupling_rl1_c1\raw_runs\map_0218.log,C:\Users\vchat\Downloads\Vaishnavi_s_Thesis\automation\results_behavior_windows\refractory\coupling_rl1_c1\plots\map_0218.png,,,
219,ok,7550.0,2.1614789881090783e-08,C:\Users\vchat\Downloads\Vaishnavi_s_Thesis\automation\results_behavior_windows\refractory\coupling_rl1_c1\raw_runs\map_0219.raw,C:\Users\vchat\Downloads\Vaishnavi_s_Thesis\automation\results_behavior_windows\refractory\coupling_rl1_c1\raw_runs\map_0219.log,C:\Users\vchat\Downloads\Vaishnavi_s_Thesis\automation\results_behavior_windows\refractory\coupling_rl1_c1\plots\map_0219.png,,,
220,ok,7550.0,2.1783272297560075e-08,C:\Users\vchat\Downloads\Vaishnavi_s_Thesis\automation\results_behavior_windows\refractory\coupling_rl1_c1\raw_runs\map_0220.raw,C:\Users\vchat\Downloads\Vaishnavi_s_Thesis\automation\results_behavior_windows\refractory\coupling_rl1_c1\raw_runs\map_0220.log,C:\Users\vchat\Downloads\Vaishnavi_s_Thesis\automation\results_behavior_windows\refractory\coupling_rl1_c1\plots\map_0220.png,,,
221,ok,7550.0,2.1953067996500143e-08,C:\Users\vchat\Downloads\Vaishnavi_s_Thesis\automation\results_behavior_windows\refractory\coupling_rl1_c1\raw_runs\map_0221.raw,C:\Users\vchat\Downloads\Vaishnavi_s_Thesis\automation\results_behavior_windows\refractory\coupling_rl1_c1\raw_runs\map_0221.log,C:\Users\vchat\Downloads\Vaishnavi_s_Thesis\automation\results_behavior_windows\refractory\coupling_rl1_c1\plots\map_0221.png,,,
222,ok,7550.0,2.2124187214651817e-08,C:\Users\vchat\Downloads\Vaishnavi_s_Thesis\automation\results_behavior_windows\refractory\coupling_rl1_c1\raw_runs\map_0222.raw,C:\Users\vchat\Downloads\Vaishnavi_s_Thesis\automation\results_behavior_windows\refractory\coupling_rl1_c1\raw_runs\map_0222.log,C:\Users\vchat\Downloads\Vaishnavi_s_Thesis\automation\results_behavior_windows\refractory\coupling_rl1_c1\plots\map_0222.png,,,
223,ok,7550.0,2.2296640268549164e-08,C:\Users\vchat\Downloads\Vaishnavi_s_Thesis\automation\results_behavior_windows\refractory\coupling_rl1_c1\raw_runs\map_0223.raw,C:\Users\vchat\Downloads\Vaishnavi_s_Thesis\automation\results_behavior_windows\refractory\coupling_rl1_c1\raw_runs\map_0223.log,C:\Users\vchat\Downloads\Vaishnavi_s_Thesis\automation\results_behavior_windows\refractory\coupling_rl1_c1\plots\map_0223.png,,,
224,ok,7550.0,2.2470437555141253e-08,C:\Users\vchat\Downloads\Vaishnavi_s_Thesis\automation\results_behavior_windows\refractory\coupling_rl1_c1\raw_runs\map_0224.raw,C:\Users\vchat\Downloads\Vaishnavi_s_Thesis\automation\results_behavior_windows\refractory\coupling_rl1_c1\raw_runs\map_0224.log,C:\Users\vchat\Downloads\Vaishnavi_s_Thesis\automation\results_behavior_windows\refractory\coupling_rl1_c1\plots\map_0224.png,,,
225,ok,7550.0,2.2645589552419077e-08,C:\Users\vchat\Downloads\Vaishnavi_s_Thesis\automation\results_behavior_windows\refractory\coupling_rl1_c1\raw_runs\map_0225.raw,C:\Users\vchat\Downloads\Vaishnavi_s_Thesis\automation\results_behavior_windows\refractory\coupling_rl1_c1\raw_runs\map_0225.log,C:\Users\vchat\Downloads\Vaishnavi_s_Thesis\automation\results_behavior_windows\refractory\coupling_rl1_c1\plots\map_0225.png,,,
226,ok,7550.0,2.282210682004707e-08,C:\Users\vchat\Downloads\Vaishnavi_s_Thesis\automation\results_behavior_windows\refractory\coupling_rl1_c1\raw_runs\map_0226.raw,C:\Users\vchat\Downloads\Vaishnavi_s_Thesis\automation\results_behavior_windows\refractory\coupling_rl1_c1\raw_runs\map_0226.log,C:\Users\vchat\Downloads\Vaishnavi_s_Thesis\automation\results_behavior_windows\refractory\coupling_rl1_c1\plots\map_0226.png,,,
227,ok,7550.0,2.300000000000001e-08,C:\Users\vchat\Downloads\Vaishnavi_s_Thesis\automation\results_behavior_windows\refractory\coupling_rl1_c1\raw_runs\map_0227.raw,C:\Users\vchat\Downloads\Vaishnavi_s_Thesis\automation\results_behavior_windows\refractory\coupling_rl1_c1\raw_runs\map_0227.log,C:\Users\vchat\Downloads\Vaishnavi_s_Thesis\automation\results_behavior_windows\refractory\coupling_rl1_c1\plots\map_0227.png,,,
228,ok,7600.0,2.0000000000000004e-08,C:\Users\vchat\Downloads\Vaishnavi_s_Thesis\automation\results_behavior_windows\refractory\coupling_rl1_c1\raw_runs\map_0228.raw,C:\Users\vchat\Downloads\Vaishnavi_s_Thesis\automation\results_behavior_windows\refractory\coupling_rl1_c1\raw_runs\map_0228.log,C:\Users\vchat\Downloads\Vaishnavi_s_Thesis\automation\results_behavior_windows\refractory\coupling_rl1_c1\plots\map_0228.png,,,
229,ok,7600.0,2.0155895493221232e-08,C:\Users\vchat\Downloads\Vaishnavi_s_Thesis\automation\results_behavior_windows\refractory\coupling_rl1_c1\raw_runs\map_0229.raw,C:\Users\vchat\Downloads\Vaishnavi_s_Thesis\automation\results_behavior_windows\refractory\coupling_rl1_c1\raw_runs\map_0229.log,C:\Users\vchat\Downloads\Vaishnavi_s_Thesis\automation\results_behavior_windows\refractory\coupling_rl1_c1\plots\map_0229.png,,,
230,ok,7600.0,2.0313006156682795e-08,C:\Users\vchat\Downloads\Vaishnavi_s_Thesis\automation\results_behavior_windows\refractory\coupling_rl1_c1\raw_runs\map_0230.raw,C:\Users\vchat\Downloads\Vaishnavi_s_Thesis\automation\results_behavior_windows\refractory\coupling_rl1_c1\raw_runs\map_0230.log,C:\Users\vchat\Downloads\Vaishnavi_s_Thesis\automation\results_behavior_windows\refractory\coupling_rl1_c1\plots\map_0230.png,,,
231,ok,7600.0,2.047134146236293e-08,C:\Users\vchat\Downloads\Vaishnavi_s_Thesis\automation\results_behavior_windows\refractory\coupling_rl1_c1\raw_runs\map_0231.raw,C:\Users\vchat\Downloads\Vaishnavi_s_Thesis\automation\results_behavior_windows\refractory\coupling_rl1_c1\raw_runs\map_0231.log,C:\Users\vchat\Downloads\Vaishnavi_s_Thesis\automation\results_behavior_windows\refractory\coupling_rl1_c1\plots\map_0231.png,,,
232,ok,7600.0,2.0630910956071693e-08,C:\Users\vchat\Downloads\Vaishnavi_s_Thesis\automation\results_behavior_windows\refractory\coupling_rl1_c1\raw_runs\map_0232.raw,C:\Users\vchat\Downloads\Vaishnavi_s_Thesis\automation\results_behavior_windows\refractory\coupling_rl1_c1\raw_runs\map_0232.log,C:\Users\vchat\Downloads\Vaishnavi_s_Thesis\automation\results_behavior_windows\refractory\coupling_rl1_c1\plots\map_0232.png,,,
233,ok,7600.0,2.0791724258026693e-08,C:\Users\vchat\Downloads\Vaishnavi_s_Thesis\automation\results_behavior_windows\refractory\coupling_rl1_c1\raw_runs\map_0233.raw,C:\Users\vchat\Downloads\Vaishnavi_s_Thesis\automation\results_behavior_windows\refractory\coupling_rl1_c1\raw_runs\map_0233.log,C:\Users\vchat\Downloads\Vaishnavi_s_Thesis\automation\results_behavior_windows\refractory\coupling_rl1_c1\plots\map_0233.png,,,
234,ok,7600.0,2.0953791063432937e-08,C:\Users\vchat\Downloads\Vaishnavi_s_Thesis\automation\results_behavior_windows\refractory\coupling_rl1_c1\raw_runs\map_0234.raw,C:\Users\vchat\Downloads\Vaishnavi_s_Thesis\automation\results_behavior_windows\refractory\coupling_rl1_c1\raw_runs\map_0234.log,C:\Users\vchat\Downloads\Vaishnavi_s_Thesis\automation\results_behavior_windows\refractory\coupling_rl1_c1\plots\map_0234.png,,,
235,ok,7600.0,2.11171211430674e-08,C:\Users\vchat\Downloads\Vaishnavi_s_Thesis\automation\results_behavior_windows\refractory\coupling_rl1_c1\raw_runs\map_0235.raw,C:\Users\vchat\Downloads\Vaishnavi_s_Thesis\automation\results_behavior_windows\refractory\coupling_rl1_c1\raw_runs\map_0235.log,C:\Users\vchat\Downloads\Vaishnavi_s_Thesis\automation\results_behavior_windows\refractory\coupling_rl1_c1\plots\map_0235.png,,,
236,ok,7600.0,2.1281724343867947e-08,C:\Users\vchat\Downloads\Vaishnavi_s_Thesis\automation\results_behavior_windows\refractory\coupling_rl1_c1\raw_runs\map_0236.raw,C:\Users\vchat\Downloads\Vaishnavi_s_Thesis\automation\results_behavior_windows\refractory\coupling_rl1_c1\raw_runs\map_0236.log,C:\Users\vchat\Downloads\Vaishnavi_s_Thesis\automation\results_behavior_windows\refractory\coupling_rl1_c1\plots\map_0236.png,,,
237,ok,7600.0,2.144761058952722e-08,C:\Users\vchat\Downloads\Vaishnavi_s_Thesis\automation\results_behavior_windows\refractory\coupling_rl1_c1\raw_runs\map_0237.raw,C:\Users\vchat\Downloads\Vaishnavi_s_Thesis\automation\results_behavior_windows\refractory\coupling_rl1_c1\raw_runs\map_0237.log,C:\Users\vchat\Downloads\Vaishnavi_s_Thesis\automation\results_behavior_windows\refractory\coupling_rl1_c1\plots\map_0237.png,,,
238,ok,7600.0,2.1614789881090783e-08,C:\Users\vchat\Downloads\Vaishnavi_s_Thesis\automation\results_behavior_windows\refractory\coupling_rl1_c1\raw_runs\map_0238.raw,C:\Users\vchat\Downloads\Vaishnavi_s_Thesis\automation\results_behavior_windows\refractory\coupling_rl1_c1\raw_runs\map_0238.log,C:\Users\vchat\Downloads\Vaishnavi_s_Thesis\automation\results_behavior_windows\refractory\coupling_rl1_c1\plots\map_0238.png,,,
239,ok,7600.0,2.1783272297560075e-08,C:\Users\vchat\Downloads\Vaishnavi_s_Thesis\automation\results_behavior_windows\refractory\coupling_rl1_c1\raw_runs\map_0239.raw,C:\Users\vchat\Downloads\Vaishnavi_s_Thesis\automation\results_behavior_windows\refractory\coupling_rl1_c1\raw_runs\map_0239.log,C:\Users\vchat\Downloads\Vaishnavi_s_Thesis\automation\results_behavior_windows\refractory\coupling_rl1_c1\plots\map_0239.png,,,
240,ok,7600.0,2.1953067996500143e-08,C:\Users\vchat\Downloads\Vaishnavi_s_Thesis\automation\results_behavior_windows\refractory\coupling_rl1_c1\raw_runs\map_0240.raw,C:\Users\vchat\Downloads\Vaishnavi_s_Thesis\automation\results_behavior_windows\refractory\coupling_rl1_c1\raw_runs\map_0240.log,C:\Users\vchat\Downloads\Vaishnavi_s_Thesis\automation\results_behavior_windows\refractory\coupling_rl1_c1\plots\map_0240.png,,,
241,ok,7600.0,2.2124187214651817e-08,C:\Users\vchat\Downloads\Vaishnavi_s_Thesis\automation\results_behavior_windows\refractory\coupling_rl1_c1\raw_runs\map_0241.raw,C:\Users\vchat\Downloads\Vaishnavi_s_Thesis\automation\results_behavior_windows\refractory\coupling_rl1_c1\raw_runs\map_0241.log,C:\Users\vchat\Downloads\Vaishnavi_s_Thesis\automation\results_behavior_windows\refractory\coupling_rl1_c1\plots\map_0241.png,,,
242,ok,7600.0,2.2296640268549164e-08,C:\Users\vchat\Downloads\Vaishnavi_s_Thesis\automation\results_behavior_windows\refractory\coupling_rl1_c1\raw_runs\map_0242.raw,C:\Users\vchat\Downloads\Vaishnavi_s_Thesis\automation\results_behavior_windows\refractory\coupling_rl1_c1\raw_runs\map_0242.log,C:\Users\vchat\Downloads\Vaishnavi_s_Thesis\automation\results_behavior_windows\refractory\coupling_rl1_c1\plots\map_0242.png,,,
243,ok,7600.0,2.2470437555141253e-08,C:\Users\vchat\Downloads\Vaishnavi_s_Thesis\automation\results_behavior_windows\refractory\coupling_rl1_c1\raw_runs\map_0243.raw,C:\Users\vchat\Downloads\Vaishnavi_s_Thesis\automation\results_behavior_windows\refractory\coupling_rl1_c1\raw_runs\map_0243.log,C:\Users\vchat\Downloads\Vaishnavi_s_Thesis\automation\results_behavior_windows\refractory\coupling_rl1_c1\plots\map_0243.png,,,
244,ok,7600.0,2.2645589552419077e-08,C:\Users\vchat\Downloads\Vaishnavi_s_Thesis\automation\results_behavior_windows\refractory\coupling_rl1_c1\raw_runs\map_0244.raw,C:\Users\vchat\Downloads\Vaishnavi_s_Thesis\automation\results_behavior_windows\refractory\coupling_rl1_c1\raw_runs\map_0244.log,C:\Users\vchat\Downloads\Vaishnavi_s_Thesis\automation\results_behavior_windows\refractory\coupling_rl1_c1\plots\map_0244.png,,,
245,ok,7600.0,2.282210682004707e-08,C:\Users\vchat\Downloads\Vaishnavi_s_Thesis\automation\results_behavior_windows\refractory\coupling_rl1_c1\raw_runs\map_0245.raw,C:\Users\vchat\Downloads\Vaishnavi_s_Thesis\automation\results_behavior_windows\refractory\coupling_rl1_c1\raw_runs\map_0245.log,C:\Users\vchat\Downloads\Vaishnavi_s_Thesis\automation\results_behavior_windows\refractory\coupling_rl1_c1\plots\map_0245.png,,,
246,ok,7600.0,2.300000000000001e-08,C:\Users\vchat\Downloads\Vaishnavi_s_Thesis\automation\results_behavior_windows\refractory\coupling_rl1_c1\raw_runs\map_0246.raw,C:\Users\vchat\Downloads\Vaishnavi_s_Thesis\automation\results_behavior_windows\refractory\coupling_rl1_c1\raw_runs\map_0246.log,C:\Users\vchat\Downloads\Vaishnavi_s_Thesis\automation\results_behavior_windows\refractory\coupling_rl1_c1\plots\map_0246.png,,,
247,ok,7650.0,2.0000000000000004e-08,C:\Users\vchat\Downloads\Vaishnavi_s_Thesis\automation\results_behavior_windows\refractory\coupling_rl1_c1\raw_runs\map_0247.raw,C:\Users\vchat\Downloads\Vaishnavi_s_Thesis\automation\results_behavior_windows\refractory\coupling_rl1_c1\raw_runs\map_0247.log,C:\Users\vchat\Downloads\Vaishnavi_s_Thesis\automation\results_behavior_windows\refractory\coupling_rl1_c1\plots\map_0247.png,,,
248,ok,7650.0,2.0155895493221232e-08,C:\Users\vchat\Downloads\Vaishnavi_s_Thesis\automation\results_behavior_windows\refractory\coupling_rl1_c1\raw_runs\map_0248.raw,C:\Users\vchat\Downloads\Vaishnavi_s_Thesis\automation\results_behavior_windows\refractory\coupling_rl1_c1\raw_runs\map_0248.log,C:\Users\vchat\Downloads\Vaishnavi_s_Thesis\automation\results_behavior_windows\refractory\coupling_rl1_c1\plots\map_0248.png,,,
249,ok,7650.0,2.0313006156682795e-08,C:\Users\vchat\Downloads\Vaishnavi_s_Thesis\automation\results_behavior_windows\refractory\coupling_rl1_c1\raw_runs\map_0249.raw,C:\Users\vchat\Downloads\Vaishnavi_s_Thesis\automation\results_behavior_windows\refractory\coupling_rl1_c1\raw_runs\map_0249.log,C:\Users\vchat\Downloads\Vaishnavi_s_Thesis\automation\results_behavior_windows\refractory\coupling_rl1_c1\plots\map_0249.png,,,
250,ok,7650.0,2.047134146236293e-08,C:\Users\vchat\Downloads\Vaishnavi_s_Thesis\automation\results_behavior_windows\refractory\coupling_rl1_c1\raw_runs\map_0250.raw,C:\Users\vchat\Downloads\Vaishnavi_s_Thesis\automation\results_behavior_windows\refractory\coupling_rl1_c1\raw_runs\map_0250.log,C:\Users\vchat\Downloads\Vaishnavi_s_Thesis\automation\results_behavior_windows\refractory\coupling_rl1_c1\plots\map_0250.png,,,
251,ok,7650.0,2.0630910956071693e-08,C:\Users\vchat\Downloads\Vaishnavi_s_Thesis\automation\results_behavior_windows\refractory\coupling_rl1_c1\raw_runs\map_0251.raw,C:\Users\vchat\Downloads\Vaishnavi_s_Thesis\automation\results_behavior_windows\refractory\coupling_rl1_c1\raw_runs\map_0251.log,C:\Users\vchat\Downloads\Vaishnavi_s_Thesis\automation\results_behavior_windows\refractory\coupling_rl1_c1\plots\map_0251.png,,,
252,ok,7650.0,2.0791724258026693e-08,C:\Users\vchat\Downloads\Vaishnavi_s_Thesis\automation\results_behavior_windows\refractory\coupling_rl1_c1\raw_runs\map_0252.raw,C:\Users\vchat\Downloads\Vaishnavi_s_Thesis\automation\results_behavior_windows\refractory\coupling_rl1_c1\raw_runs\map_0252.log,C:\Users\vchat\Downloads\Vaishnavi_s_Thesis\automation\results_behavior_windows\refractory\coupling_rl1_c1\plots\map_0252.png,,,
253,ok,7650.0,2.0953791063432937e-08,C:\Users\vchat\Downloads\Vaishnavi_s_Thesis\automation\results_behavior_windows\refractory\coupling_rl1_c1\raw_runs\map_0253.raw,C:\Users\vchat\Downloads\Vaishnavi_s_Thesis\automation\results_behavior_windows\refractory\coupling_rl1_c1\raw_runs\map_0253.log,C:\Users\vchat\Downloads\Vaishnavi_s_Thesis\automation\results_behavior_windows\refractory\coupling_rl1_c1\plots\map_0253.png,,,
254,ok,7650.0,2.11171211430674e-08,C:\Users\vchat\Downloads\Vaishnavi_s_Thesis\automation\results_behavior_windows\refractory\coupling_rl1_c1\raw_runs\map_0254.raw,C:\Users\vchat\Downloads\Vaishnavi_s_Thesis\automation\results_behavior_windows\refractory\coupling_rl1_c1\raw_runs\map_0254.log,C:\Users\vchat\Downloads\Vaishnavi_s_Thesis\automation\results_behavior_windows\refractory\coupling_rl1_c1\plots\map_0254.png,,,
255,ok,7650.0,2.1281724343867947e-08,C:\Users\vchat\Downloads\Vaishnavi_s_Thesis\automation\results_behavior_windows\refractory\coupling_rl1_c1\raw_runs\map_0255.raw,C:\Users\vchat\Downloads\Vaishnavi_s_Thesis\automation\results_behavior_windows\refractory\coupling_rl1_c1\raw_runs\map_0255.log,C:\Users\vchat\Downloads\Vaishnavi_s_Thesis\automation\results_behavior_windows\refractory\coupling_rl1_c1\plots\map_0255.png,,,
256,ok,7650.0,2.144761058952722e-08,C:\Users\vchat\Downloads\Vaishnavi_s_Thesis\automation\results_behavior_windows\refractory\coupling_rl1_c1\raw_runs\map_0256.raw,C:\Users\vchat\Downloads\Vaishnavi_s_Thesis\automation\results_behavior_windows\refractory\coupling_rl1_c1\raw_runs\map_0256.log,C:\Users\vchat\Downloads\Vaishnavi_s_Thesis\automation\results_behavior_windows\refractory\coupling_rl1_c1\plots\map_0256.png,,,
257,ok,7650.0,2.1614789881090783e-08,C:\Users\vchat\Downloads\Vaishnavi_s_Thesis\automation\results_behavior_windows\refractory\coupling_rl1_c1\raw_runs\map_0257.raw,C:\Users\vchat\Downloads\Vaishnavi_s_Thesis\automation\results_behavior_windows\refractory\coupling_rl1_c1\raw_runs\map_0257.log,C:\Users\vchat\Downloads\Vaishnavi_s_Thesis\automation\results_behavior_windows\refractory\coupling_rl1_c1\plots\map_0257.png,,,
258,ok,7650.0,2.1783272297560075e-08,C:\Users\vchat\Downloads\Vaishnavi_s_Thesis\automation\results_behavior_windows\refractory\coupling_rl1_c1\raw_runs\map_0258.raw,C:\Users\vchat\Downloads\Vaishnavi_s_Thesis\automation\results_behavior_windows\refractory\coupling_rl1_c1\raw_runs\map_0258.log,C:\Users\vchat\Downloads\Vaishnavi_s_Thesis\automation\results_behavior_windows\refractory\coupling_rl1_c1\plots\map_0258.png,,,
259,ok,7650.0,2.1953067996500143e-08,C:\Users\vchat\Downloads\Vaishnavi_s_Thesis\automation\results_behavior_windows\refractory\coupling_rl1_c1\raw_runs\map_0259.raw,C:\Users\vchat\Downloads\Vaishnavi_s_Thesis\automation\results_behavior_windows\refractory\coupling_rl1_c1\raw_runs\map_0259.log,C:\Users\vchat\Downloads\Vaishnavi_s_Thesis\automation\results_behavior_windows\refractory\coupling_rl1_c1\plots\map_0259.png,,,
260,ok,7650.0,2.2124187214651817e-08,C:\Users\vchat\Downloads\Vaishnavi_s_Thesis\automation\results_behavior_windows\refractory\coupling_rl1_c1\raw_runs\map_0260.raw,C:\Users\vchat\Downloads\Vaishnavi_s_Thesis\automation\results_behavior_windows\refractory\coupling_rl1_c1\raw_runs\map_0260.log,C:\Users\vchat\Downloads\Vaishnavi_s_Thesis\automation\results_behavior_windows\refractory\coupling_rl1_c1\plots\map_0260.png,,,
261,ok,7650.0,2.2296640268549164e-08,C:\Users\vchat\Downloads\Vaishnavi_s_Thesis\automation\results_behavior_windows\refractory\coupling_rl1_c1\raw_runs\map_0261.raw,C:\Users\vchat\Downloads\Vaishnavi_s_Thesis\automation\results_behavior_windows\refractory\coupling_rl1_c1\raw_runs\map_0261.log,C:\Users\vchat\Downloads\Vaishnavi_s_Thesis\automation\results_behavior_windows\refractory\coupling_rl1_c1\plots\map_0261.png,,,
262,ok,7650.0,2.2470437555141253e-08,C:\Users\vchat\Downloads\Vaishnavi_s_Thesis\automation\results_behavior_windows\refractory\coupling_rl1_c1\raw_runs\map_0262.raw,C:\Users\vchat\Downloads\Vaishnavi_s_Thesis\automation\results_behavior_windows\refractory\coupling_rl1_c1\raw_runs\map_0262.log,C:\Users\vchat\Downloads\Vaishnavi_s_Thesis\automation\results_behavior_windows\refractory\coupling_rl1_c1\plots\map_0262.png,,,
263,ok,7650.0,2.2645589552419077e-08,C:\Users\vchat\Downloads\Vaishnavi_s_Thesis\automation\results_behavior_windows\refractory\coupling_rl1_c1\raw_runs\map_0263.raw,C:\Users\vchat\Downloads\Vaishnavi_s_Thesis\automation\results_behavior_windows\refractory\coupling_rl1_c1\raw_runs\map_0263.log,C:\Users\vchat\Downloads\Vaishnavi_s_Thesis\automation\results_behavior_windows\refractory\coupling_rl1_c1\plots\map_0263.png,,,
264,ok,7650.0,2.282210682004707e-08,C:\Users\vchat\Downloads\Vaishnavi_s_Thesis\automation\results_behavior_windows\refractory\coupling_rl1_c1\raw_runs\map_0264.raw,C:\Users\vchat\Downloads\Vaishnavi_s_Thesis\automation\results_behavior_windows\refractory\coupling_rl1_c1\raw_runs\map_0264.log,C:\Users\vchat\Downloads\Vaishnavi_s_Thesis\automation\results_behavior_windows\refractory\coupling_rl1_c1\plots\map_0264.png,,,
265,ok,7650.0,2.300000000000001e-08,C:\Users\vchat\Downloads\Vaishnavi_s_Thesis\automation\results_behavior_windows\refractory\coupling_rl1_c1\raw_runs\map_0265.raw,C:\Users\vchat\Downloads\Vaishnavi_s_Thesis\automation\results_behavior_windows\refractory\coupling_rl1_c1\raw_runs\map_0265.log,C:\Users\vchat\Downloads\Vaishnavi_s_Thesis\automation\results_behavior_windows\refractory\coupling_rl1_c1\plots\map_0265.png,,,
266,ok,7700.0,2.0000000000000004e-08,C:\Users\vchat\Downloads\Vaishnavi_s_Thesis\automation\results_behavior_windows\refractory\coupling_rl1_c1\raw_runs\map_0266.raw,C:\Users\vchat\Downloads\Vaishnavi_s_Thesis\automation\results_behavior_windows\refractory\coupling_rl1_c1\raw_runs\map_0266.log,C:\Users\vchat\Downloads\Vaishnavi_s_Thesis\automation\results_behavior_windows\refractory\coupling_rl1_c1\plots\map_0266.png,,,
267,ok,7700.0,2.0155895493221232e-08,C:\Users\vchat\Downloads\Vaishnavi_s_Thesis\automation\results_behavior_windows\refractory\coupling_rl1_c1\raw_runs\map_0267.raw,C:\Users\vchat\Downloads\Vaishnavi_s_Thesis\automation\results_behavior_windows\refractory\coupling_rl1_c1\raw_runs\map_0267.log,C:\Users\vchat\Downloads\Vaishnavi_s_Thesis\automation\results_behavior_windows\refractory\coupling_rl1_c1\plots\map_0267.png,,,
268,ok,7700.0,2.0313006156682795e-08,C:\Users\vchat\Downloads\Vaishnavi_s_Thesis\automation\results_behavior_windows\refractory\coupling_rl1_c1\raw_runs\map_0268.raw,C:\Users\vchat\Downloads\Vaishnavi_s_Thesis\automation\results_behavior_windows\refractory\coupling_rl1_c1\raw_runs\map_0268.log,C:\Users\vchat\Downloads\Vaishnavi_s_Thesis\automation\results_behavior_windows\refractory\coupling_rl1_c1\plots\map_0268.png,,,
269,ok,7700.0,2.047134146236293e-08,C:\Users\vchat\Downloads\Vaishnavi_s_Thesis\automation\results_behavior_windows\refractory\coupling_rl1_c1\raw_runs\map_0269.raw,C:\Users\vchat\Downloads\Vaishnavi_s_Thesis\automation\results_behavior_windows\refractory\coupling_rl1_c1\raw_runs\map_0269.log,C:\Users\vchat\Downloads\Vaishnavi_s_Thesis\automation\results_behavior_windows\refractory\coupling_rl1_c1\plots\map_0269.png,,,
270,ok,7700.0,2.0630910956071693e-08,C:\Users\vchat\Downloads\Vaishnavi_s_Thesis\automation\results_behavior_windows\refractory\coupling_rl1_c1\raw_runs\map_0270.raw,C:\Users\vchat\Downloads\Vaishnavi_s_Thesis\automation\results_behavior_windows\refractory\coupling_rl1_c1\raw_runs\map_0270.log,C:\Users\vchat\Downloads\Vaishnavi_s_Thesis\automation\results_behavior_windows\refractory\coupling_rl1_c1\plots\map_0270.png,,,
271,ok,7700.0,2.0791724258026693e-08,C:\Users\vchat\Downloads\Vaishnavi_s_Thesis\automation\results_behavior_windows\refractory\coupling_rl1_c1\raw_runs\map_0271.raw,C:\Users\vchat\Downloads\Vaishnavi_s_Thesis\automation\results_behavior_windows\refractory\coupling_rl1_c1\raw_runs\map_0271.log,C:\Users\vchat\Downloads\Vaishnavi_s_Thesis\automation\results_behavior_windows\refractory\coupling_rl1_c1\plots\map_0271.png,,,
272,ok,7700.0,2.0953791063432937e-08,C:\Users\vchat\Downloads\Vaishnavi_s_Thesis\automation\results_behavior_windows\refractory\coupling_rl1_c1\raw_runs\map_0272.raw,C:\Users\vchat\Downloads\Vaishnavi_s_Thesis\automation\results_behavior_windows\refractory\coupling_rl1_c1\raw_runs\map_0272.log,C:\Users\vchat\Downloads\Vaishnavi_s_Thesis\automation\results_behavior_windows\refractory\coupling_rl1_c1\plots\map_0272.png,,,
273,ok,7700.0,2.11171211430674e-08,C:\Users\vchat\Downloads\Vaishnavi_s_Thesis\automation\results_behavior_windows\refractory\coupling_rl1_c1\raw_runs\map_0273.raw,C:\Users\vchat\Downloads\Vaishnavi_s_Thesis\automation\results_behavior_windows\refractory\coupling_rl1_c1\raw_runs\map_0273.log,C:\Users\vchat\Downloads\Vaishnavi_s_Thesis\automation\results_behavior_windows\refractory\coupling_rl1_c1\plots\map_0273.png,,,
274,ok,7700.0,2.1281724343867947e-08,C:\Users\vchat\Downloads\Vaishnavi_s_Thesis\automation\results_behavior_windows\refractory\coupling_rl1_c1\raw_runs\map_0274.raw,C:\Users\vchat\Downloads\Vaishnavi_s_Thesis\automation\results_behavior_windows\refractory\coupling_rl1_c1\raw_runs\map_0274.log,C:\Users\vchat\Downloads\Vaishnavi_s_Thesis\automation\results_behavior_windows\refractory\coupling_rl1_c1\plots\map_0274.png,,,
275,ok,7700.0,2.144761058952722e-08,C:\Users\vchat\Downloads\Vaishnavi_s_Thesis\automation\results_behavior_windows\refractory\coupling_rl1_c1\raw_runs\map_0275.raw,C:\Users\vchat\Downloads\Vaishnavi_s_Thesis\automation\results_behavior_windows\refractory\coupling_rl1_c1\raw_runs\map_0275.log,C:\Users\vchat\Downloads\Vaishnavi_s_Thesis\automation\results_behavior_windows\refractory\coupling_rl1_c1\plots\map_0275.png,,,
276,ok,7700.0,2.1614789881090783e-08,C:\Users\vchat\Downloads\Vaishnavi_s_Thesis\automation\results_behavior_windows\refractory\coupling_rl1_c1\raw_runs\map_0276.raw,C:\Users\vchat\Downloads\Vaishnavi_s_Thesis\automation\results_behavior_windows\refractory\coupling_rl1_c1\raw_runs\map_0276.log,C:\Users\vchat\Downloads\Vaishnavi_s_Thesis\automation\results_behavior_windows\refractory\coupling_rl1_c1\plots\map_0276.png,,,
277,ok,7700.0,2.1783272297560075e-08,C:\Users\vchat\Downloads\Vaishnavi_s_Thesis\automation\results_behavior_windows\refractory\coupling_rl1_c1\raw_runs\map_0277.raw,C:\Users\vchat\Downloads\Vaishnavi_s_Thesis\automation\results_behavior_windows\refractory\coupling_rl1_c1\raw_runs\map_0277.log,C:\Users\vchat\Downloads\Vaishnavi_s_Thesis\automation\results_behavior_windows\refractory\coupling_rl1_c1\plots\map_0277.png,,,
278,ok,7700.0,2.1953067996500143e-08,C:\Users\vchat\Downloads\Vaishnavi_s_Thesis\automation\results_behavior_windows\refractory\coupling_rl1_c1\raw_runs\map_0278.raw,C:\Users\vchat\Downloads\Vaishnavi_s_Thesis\automation\results_behavior_windows\refractory\coupling_rl1_c1\raw_runs\map_0278.log,C:\Users\vchat\Downloads\Vaishnavi_s_Thesis\automation\results_behavior_windows\refractory\coupling_rl1_c1\plots\map_0278.png,,,
279,ok,7700.0,2.2124187214651817e-08,C:\Users\vchat\Downloads\Vaishnavi_s_Thesis\automation\results_behavior_windows\refractory\coupling_rl1_c1\raw_runs\map_0279.raw,C:\Users\vchat\Downloads\Vaishnavi_s_Thesis\automation\results_behavior_windows\refractory\coupling_rl1_c1\raw_runs\map_0279.log,C:\Users\vchat\Downloads\Vaishnavi_s_Thesis\automation\results_behavior_windows\refractory\coupling_rl1_c1\plots\map_0279.png,,,
280,ok,7700.0,2.2296640268549164e-08,C:\Users\vchat\Downloads\Vaishnavi_s_Thesis\automation\results_behavior_windows\refractory\coupling_rl1_c1\raw_runs\map_0280.raw,C:\Users\vchat\Downloads\Vaishnavi_s_Thesis\automation\results_behavior_windows\refractory\coupling_rl1_c1\raw_runs\map_0280.log,C:\Users\vchat\Downloads\Vaishnavi_s_Thesis\automation\results_behavior_windows\refractory\coupling_rl1_c1\plots\map_0280.png,,,
281,ok,7700.0,2.2470437555141253e-08,C:\Users\vchat\Downloads\Vaishnavi_s_Thesis\automation\results_behavior_windows\refractory\coupling_rl1_c1\raw_runs\map_0281.raw,C:\Users\vchat\Downloads\Vaishnavi_s_Thesis\automation\results_behavior_windows\refractory\coupling_rl1_c1\raw_runs\map_0281.log,C:\Users\vchat\Downloads\Vaishnavi_s_Thesis\automation\results_behavior_windows\refractory\coupling_rl1_c1\plots\map_0281.png,,,
282,ok,7700.0,2.2645589552419077e-08,C:\Users\vchat\Downloads\Vaishnavi_s_Thesis\automation\results_behavior_windows\refractory\coupling_rl1_c1\raw_runs\map_0282.raw,C:\Users\vchat\Downloads\Vaishnavi_s_Thesis\automation\results_behavior_windows\refractory\coupling_rl1_c1\raw_runs\map_0282.log,C:\Users\vchat\Downloads\Vaishnavi_s_Thesis\automation\results_behavior_windows\refractory\coupling_rl1_c1\plots\map_0282.png,,,
283,ok,7700.0,2.282210682004707e-08,C:\Users\vchat\Downloads\Vaishnavi_s_Thesis\automation\results_behavior_windows\refractory\coupling_rl1_c1\raw_runs\map_0283.raw,C:\Users\vchat\Downloads\Vaishnavi_s_Thesis\automation\results_behavior_windows\refractory\coupling_rl1_c1\raw_runs\map_0283.log,C:\Users\vchat\Downloads\Vaishnavi_s_Thesis\automation\results_behavior_windows\refractory\coupling_rl1_c1\plots\map_0283.png,,,
284,ok,7700.0,2.300000000000001e-08,C:\Users\vchat\Downloads\Vaishnavi_s_Thesis\automation\results_behavior_windows\refractory\coupling_rl1_c1\raw_runs\map_0284.raw,C:\Users\vchat\Downloads\Vaishnavi_s_Thesis\automation\results_behavior_windows\refractory\coupling_rl1_c1\raw_runs\map_0284.log,C:\Users\vchat\Downloads\Vaishnavi_s_Thesis\automation\results_behavior_windows\refractory\coupling_rl1_c1\plots\map_0284.png,,,
285,ok,7750.0,2.0000000000000004e-08,C:\Users\vchat\Downloads\Vaishnavi_s_Thesis\automation\results_behavior_windows\refractory\coupling_rl1_c1\raw_runs\map_0285.raw,C:\Users\vchat\Downloads\Vaishnavi_s_Thesis\automation\results_behavior_windows\refractory\coupling_rl1_c1\raw_runs\map_0285.log,C:\Users\vchat\Downloads\Vaishnavi_s_Thesis\automation\results_behavior_windows\refractory\coupling_rl1_c1\plots\map_0285.png,,,
286,ok,7750.0,2.0155895493221232e-08,C:\Users\vchat\Downloads\Vaishnavi_s_Thesis\automation\results_behavior_windows\refractory\coupling_rl1_c1\raw_runs\map_0286.raw,C:\Users\vchat\Downloads\Vaishnavi_s_Thesis\automation\results_behavior_windows\refractory\coupling_rl1_c1\raw_runs\map_0286.log,C:\Users\vchat\Downloads\Vaishnavi_s_Thesis\automation\results_behavior_windows\refractory\coupling_rl1_c1\plots\map_0286.png,,,
287,ok,7750.0,2.0313006156682795e-08,C:\Users\vchat\Downloads\Vaishnavi_s_Thesis\automation\results_behavior_windows\refractory\coupling_rl1_c1\raw_runs\map_0287.raw,C:\Users\vchat\Downloads\Vaishnavi_s_Thesis\automation\results_behavior_windows\refractory\coupling_rl1_c1\raw_runs\map_0287.log,C:\Users\vchat\Downloads\Vaishnavi_s_Thesis\automation\results_behavior_windows\refractory\coupling_rl1_c1\plots\map_0287.png,,,
288,ok,7750.0,2.047134146236293e-08,C:\Users\vchat\Downloads\Vaishnavi_s_Thesis\automation\results_behavior_windows\refractory\coupling_rl1_c1\raw_runs\map_0288.raw,C:\Users\vchat\Downloads\Vaishnavi_s_Thesis\automation\results_behavior_windows\refractory\coupling_rl1_c1\raw_runs\map_0288.log,C:\Users\vchat\Downloads\Vaishnavi_s_Thesis\automation\results_behavior_windows\refractory\coupling_rl1_c1\plots\map_0288.png,,,
289,ok,7750.0,2.0630910956071693e-08,C:\Users\vchat\Downloads\Vaishnavi_s_Thesis\automation\results_behavior_windows\refractory\coupling_rl1_c1\raw_runs\map_0289.raw,C:\Users\vchat\Downloads\Vaishnavi_s_Thesis\automation\results_behavior_windows\refractory\coupling_rl1_c1\raw_runs\map_0289.log,C:\Users\vchat\Downloads\Vaishnavi_s_Thesis\automation\results_behavior_windows\refractory\coupling_rl1_c1\plots\map_0289.png,,,
290,ok,7750.0,2.0791724258026693e-08,C:\Users\vchat\Downloads\Vaishnavi_s_Thesis\automation\results_behavior_windows\refractory\coupling_rl1_c1\raw_runs\map_0290.raw,C:\Users\vchat\Downloads\Vaishnavi_s_Thesis\automation\results_behavior_windows\refractory\coupling_rl1_c1\raw_runs\map_0290.log,C:\Users\vchat\Downloads\Vaishnavi_s_Thesis\automation\results_behavior_windows\refractory\coupling_rl1_c1\plots\map_0290.png,,,
291,ok,7750.0,2.0953791063432937e-08,C:\Users\vchat\Downloads\Vaishnavi_s_Thesis\automation\results_behavior_windows\refractory\coupling_rl1_c1\raw_runs\map_0291.raw,C:\Users\vchat\Downloads\Vaishnavi_s_Thesis\automation\results_behavior_windows\refractory\coupling_rl1_c1\raw_runs\map_0291.log,C:\Users\vchat\Downloads\Vaishnavi_s_Thesis\automation\results_behavior_windows\refractory\coupling_rl1_c1\plots\map_0291.png,,,
292,ok,7750.0,2.11171211430674e-08,C:\Users\vchat\Downloads\Vaishnavi_s_Thesis\automation\results_behavior_windows\refractory\coupling_rl1_c1\raw_runs\map_0292.raw,C:\Users\vchat\Downloads\Vaishnavi_s_Thesis\automation\results_behavior_windows\refractory\coupling_rl1_c1\raw_runs\map_0292.log,C:\Users\vchat\Downloads\Vaishnavi_s_Thesis\automation\results_behavior_windows\refractory\coupling_rl1_c1\plots\map_0292.png,,,
293,ok,7750.0,2.1281724343867947e-08,C:\Users\vchat\Downloads\Vaishnavi_s_Thesis\automation\results_behavior_windows\refractory\coupling_rl1_c1\raw_runs\map_0293.raw,C:\Users\vchat\Downloads\Vaishnavi_s_Thesis\automation\results_behavior_windows\refractory\coupling_rl1_c1\raw_runs\map_0293.log,C:\Users\vchat\Downloads\Vaishnavi_s_Thesis\automation\results_behavior_windows\refractory\coupling_rl1_c1\plots\map_0293.png,,,
294,ok,7750.0,2.144761058952722e-08,C:\Users\vchat\Downloads\Vaishnavi_s_Thesis\automation\results_behavior_windows\refractory\coupling_rl1_c1\raw_runs\map_0294.raw,C:\Users\vchat\Downloads\Vaishnavi_s_Thesis\automation\results_behavior_windows\refractory\coupling_rl1_c1\raw_runs\map_0294.log,C:\Users\vchat\Downloads\Vaishnavi_s_Thesis\automation\results_behavior_windows\refractory\coupling_rl1_c1\plots\map_0294.png,,,
295,ok,7750.0,2.1614789881090783e-08,C:\Users\vchat\Downloads\Vaishnavi_s_Thesis\automation\results_behavior_windows\refractory\coupling_rl1_c1\raw_runs\map_0295.raw,C:\Users\vchat\Downloads\Vaishnavi_s_Thesis\automation\results_behavior_windows\refractory\coupling_rl1_c1\raw_runs\map_0295.log,C:\Users\vchat\Downloads\Vaishnavi_s_Thesis\automation\results_behavior_windows\refractory\coupling_rl1_c1\plots\map_0295.png,,,
296,ok,7750.0,2.1783272297560075e-08,C:\Users\vchat\Downloads\Vaishnavi_s_Thesis\automation\results_behavior_windows\refractory\coupling_rl1_c1\raw_runs\map_0296.raw,C:\Users\vchat\Downloads\Vaishnavi_s_Thesis\automation\results_behavior_windows\refractory\coupling_rl1_c1\raw_runs\map_0296.log,C:\Users\vchat\Downloads\Vaishnavi_s_Thesis\automation\results_behavior_windows\refractory\coupling_rl1_c1\plots\map_0296.png,,,
297,ok,7750.0,2.1953067996500143e-08,C:\Users\vchat\Downloads\Vaishnavi_s_Thesis\automation\results_behavior_windows\refractory\coupling_rl1_c1\raw_runs\map_0297.raw,C:\Users\vchat\Downloads\Vaishnavi_s_Thesis\automation\results_behavior_windows\refractory\coupling_rl1_c1\raw_runs\map_0297.log,C:\Users\vchat\Downloads\Vaishnavi_s_Thesis\automation\results_behavior_windows\refractory\coupling_rl1_c1\plots\map_0297.png,,,
298,ok,7750.0,2.2124187214651817e-08,C:\Users\vchat\Downloads\Vaishnavi_s_Thesis\automation\results_behavior_windows\refractory\coupling_rl1_c1\raw_runs\map_0298.raw,C:\Users\vchat\Downloads\Vaishnavi_s_Thesis\automation\results_behavior_windows\refractory\coupling_rl1_c1\raw_runs\map_0298.log,C:\Users\vchat\Downloads\Vaishnavi_s_Thesis\automation\results_behavior_windows\refractory\coupling_rl1_c1\plots\map_0298.png,,,
299,ok,7750.0,2.2296640268549164e-08,C:\Users\vchat\Downloads\Vaishnavi_s_Thesis\automation\results_behavior_windows\refractory\coupling_rl1_c1\raw_runs\map_0299.raw,C:\Users\vchat\Downloads\Vaishnavi_s_Thesis\automation\results_behavior_windows\refractory\coupling_rl1_c1\raw_runs\map_0299.log,C:\Users\vchat\Downloads\Vaishnavi_s_Thesis\automation\results_behavior_windows\refractory\coupling_rl1_c1\plots\map_0299.png,,,
300,ok,7750.0,2.2470437555141253e-08,C:\Users\vchat\Downloads\Vaishnavi_s_Thesis\automation\results_behavior_windows\refractory\coupling_rl1_c1\raw_runs\map_0300.raw,C:\Users\vchat\Downloads\Vaishnavi_s_Thesis\automation\results_behavior_windows\refractory\coupling_rl1_c1\raw_runs\map_0300.log,C:\Users\vchat\Downloads\Vaishnavi_s_Thesis\automation\results_behavior_windows\refractory\coupling_rl1_c1\plots\map_0300.png,,,
301,ok,7750.0,2.2645589552419077e-08,C:\Users\vchat\Downloads\Vaishnavi_s_Thesis\automation\results_behavior_windows\refractory\coupling_rl1_c1\raw_runs\map_0301.raw,C:\Users\vchat\Downloads\Vaishnavi_s_Thesis\automation\results_behavior_windows\refractory\coupling_rl1_c1\raw_runs\map_0301.log,C:\Users\vchat\Downloads\Vaishnavi_s_Thesis\automation\results_behavior_windows\refractory\coupling_rl1_c1\plots\map_0301.png,,,
302,ok,7750.0,2.282210682004707e-08,C:\Users\vchat\Downloads\Vaishnavi_s_Thesis\automation\results_behavior_windows\refractory\coupling_rl1_c1\raw_runs\map_0302.raw,C:\Users\vchat\Downloads\Vaishnavi_s_Thesis\automation\results_behavior_windows\refractory\coupling_rl1_c1\raw_runs\map_0302.log,C:\Users\vchat\Downloads\Vaishnavi_s_Thesis\automation\results_behavior_windows\refractory\coupling_rl1_c1\plots\map_0302.png,,,
303,ok,7750.0,2.300000000000001e-08,C:\Users\vchat\Downloads\Vaishnavi_s_Thesis\automation\results_behavior_windows\refractory\coupling_rl1_c1\raw_runs\map_0303.raw,C:\Users\vchat\Downloads\Vaishnavi_s_Thesis\automation\results_behavior_windows\refractory\coupling_rl1_c1\raw_runs\map_0303.log,C:\Users\vchat\Downloads\Vaishnavi_s_Thesis\automation\results_behavior_windows\refractory\coupling_rl1_c1\plots\map_0303.png,,,
304,ok,7800.0,2.0000000000000004e-08,C:\Users\vchat\Downloads\Vaishnavi_s_Thesis\automation\results_behavior_windows\refractory\coupling_rl1_c1\raw_runs\map_0304.raw,C:\Users\vchat\Downloads\Vaishnavi_s_Thesis\automation\results_behavior_windows\refractory\coupling_rl1_c1\raw_runs\map_0304.log,C:\Users\vchat\Downloads\Vaishnavi_s_Thesis\automation\results_behavior_windows\refractory\coupling_rl1_c1\plots\map_0304.png,,,
305,ok,7800.0,2.0155895493221232e-08,C:\Users\vchat\Downloads\Vaishnavi_s_Thesis\automation\results_behavior_windows\refractory\coupling_rl1_c1\raw_runs\map_0305.raw,C:\Users\vchat\Downloads\Vaishnavi_s_Thesis\automation\results_behavior_windows\refractory\coupling_rl1_c1\raw_runs\map_0305.log,C:\Users\vchat\Downloads\Vaishnavi_s_Thesis\automation\results_behavior_windows\refractory\coupling_rl1_c1\plots\map_0305.png,,,
306,ok,7800.0,2.0313006156682795e-08,C:\Users\vchat\Downloads\Vaishnavi_s_Thesis\automation\results_behavior_windows\refractory\coupling_rl1_c1\raw_runs\map_0306.raw,C:\Users\vchat\Downloads\Vaishnavi_s_Thesis\automation\results_behavior_windows\refractory\coupling_rl1_c1\raw_runs\map_0306.log,C:\Users\vchat\Downloads\Vaishnavi_s_Thesis\automation\results_behavior_windows\refractory\coupling_rl1_c1\plots\map_0306.png,,,
307,ok,7800.0,2.047134146236293e-08,C:\Users\vchat\Downloads\Vaishnavi_s_Thesis\automation\results_behavior_windows\refractory\coupling_rl1_c1\raw_runs\map_0307.raw,C:\Users\vchat\Downloads\Vaishnavi_s_Thesis\automation\results_behavior_windows\refractory\coupling_rl1_c1\raw_runs\map_0307.log,C:\Users\vchat\Downloads\Vaishnavi_s_Thesis\automation\results_behavior_windows\refractory\coupling_rl1_c1\plots\map_0307.png,,,
308,ok,7800.0,2.0630910956071693e-08,C:\Users\vchat\Downloads\Vaishnavi_s_Thesis\automation\results_behavior_windows\refractory\coupling_rl1_c1\raw_runs\map_0308.raw,C:\Users\vchat\Downloads\Vaishnavi_s_Thesis\automation\results_behavior_windows\refractory\coupling_rl1_c1\raw_runs\map_0308.log,C:\Users\vchat\Downloads\Vaishnavi_s_Thesis\automation\results_behavior_windows\refractory\coupling_rl1_c1\plots\map_0308.png,,,
309,ok,7800.0,2.0791724258026693e-08,C:\Users\vchat\Downloads\Vaishnavi_s_Thesis\automation\results_behavior_windows\refractory\coupling_rl1_c1\raw_runs\map_0309.raw,C:\Users\vchat\Downloads\Vaishnavi_s_Thesis\automation\results_behavior_windows\refractory\coupling_rl1_c1\raw_runs\map_0309.log,C:\Users\vchat\Downloads\Vaishnavi_s_Thesis\automation\results_behavior_windows\refractory\coupling_rl1_c1\plots\map_0309.png,,,
310,ok,7800.0,2.0953791063432937e-08,C:\Users\vchat\Downloads\Vaishnavi_s_Thesis\automation\results_behavior_windows\refractory\coupling_rl1_c1\raw_runs\map_0310.raw,C:\Users\vchat\Downloads\Vaishnavi_s_Thesis\automation\results_behavior_windows\refractory\coupling_rl1_c1\raw_runs\map_0310.log,C:\Users\vchat\Downloads\Vaishnavi_s_Thesis\automation\results_behavior_windows\refractory\coupling_rl1_c1\plots\map_0310.png,,,
311,ok,7800.0,2.11171211430674e-08,C:\Users\vchat\Downloads\Vaishnavi_s_Thesis\automation\results_behavior_windows\refractory\coupling_rl1_c1\raw_runs\map_0311.raw,C:\Users\vchat\Downloads\Vaishnavi_s_Thesis\automation\results_behavior_windows\refractory\coupling_rl1_c1\raw_runs\map_0311.log,C:\Users\vchat\Downloads\Vaishnavi_s_Thesis\automation\results_behavior_windows\refractory\coupling_rl1_c1\plots\map_0311.png,,,
312,ok,7800.0,2.1281724343867947e-08,C:\Users\vchat\Downloads\Vaishnavi_s_Thesis\automation\results_behavior_windows\refractory\coupling_rl1_c1\raw_runs\map_0312.raw,C:\Users\vchat\Downloads\Vaishnavi_s_Thesis\automation\results_behavior_windows\refractory\coupling_rl1_c1\raw_runs\map_0312.log,C:\Users\vchat\Downloads\Vaishnavi_s_Thesis\automation\results_behavior_windows\refractory\coupling_rl1_c1\plots\map_0312.png,,,
313,ok,7800.0,2.144761058952722e-08,C:\Users\vchat\Downloads\Vaishnavi_s_Thesis\automation\results_behavior_windows\refractory\coupling_rl1_c1\raw_runs\map_0313.raw,C:\Users\vchat\Downloads\Vaishnavi_s_Thesis\automation\results_behavior_windows\refractory\coupling_rl1_c1\raw_runs\map_0313.log,C:\Users\vchat\Downloads\Vaishnavi_s_Thesis\automation\results_behavior_windows\refractory\coupling_rl1_c1\plots\map_0313.png,,,
314,ok,7800.0,2.1614789881090783e-08,C:\Users\vchat\Downloads\Vaishnavi_s_Thesis\automation\results_behavior_windows\refractory\coupling_rl1_c1\raw_runs\map_0314.raw,C:\Users\vchat\Downloads\Vaishnavi_s_Thesis\automation\results_behavior_windows\refractory\coupling_rl1_c1\raw_runs\map_0314.log,C:\Users\vchat\Downloads\Vaishnavi_s_Thesis\automation\results_behavior_windows\refractory\coupling_rl1_c1\plots\map_0314.png,,,
315,ok,7800.0,2.1783272297560075e-08,C:\Users\vchat\Downloads\Vaishnavi_s_Thesis\automation\results_behavior_windows\refractory\coupling_rl1_c1\raw_runs\map_0315.raw,C:\Users\vchat\Downloads\Vaishnavi_s_Thesis\automation\results_behavior_windows\refractory\coupling_rl1_c1\raw_runs\map_0315.log,C:\Users\vchat\Downloads\Vaishnavi_s_Thesis\automation\results_behavior_windows\refractory\coupling_rl1_c1\plots\map_0315.png,,,
316,ok,7800.0,2.1953067996500143e-08,C:\Users\vchat\Downloads\Vaishnavi_s_Thesis\automation\results_behavior_windows\refractory\coupling_rl1_c1\raw_runs\map_0316.raw,C:\Users\vchat\Downloads\Vaishnavi_s_Thesis\automation\results_behavior_windows\refractory\coupling_rl1_c1\raw_runs\map_0316.log,C:\Users\vchat\Downloads\Vaishnavi_s_Thesis\automation\results_behavior_windows\refractory\coupling_rl1_c1\plots\map_0316.png,,,
317,ok,7800.0,2.2124187214651817e-08,C:\Users\vchat\Downloads\Vaishnavi_s_Thesis\automation\results_behavior_windows\refractory\coupling_rl1_c1\raw_runs\map_0317.raw,C:\Users\vchat\Downloads\Vaishnavi_s_Thesis\automation\results_behavior_windows\refractory\coupling_rl1_c1\raw_runs\map_0317.log,C:\Users\vchat\Downloads\Vaishnavi_s_Thesis\automation\results_behavior_windows\refractory\coupling_rl1_c1\plots\map_0317.png,,,
318,failed,7800.0,2.2296640268549164e-08,,,,,,"argument should be a str or an os.PathLike object where __fspath__ returns a str, not 'NoneType'"
319,ok,7800.0,2.2470437555141253e-08,C:\Users\vchat\Downloads\Vaishnavi_s_Thesis\automation\results_behavior_windows\refractory\coupling_rl1_c1\raw_runs\map_0319.raw,C:\Users\vchat\Downloads\Vaishnavi_s_Thesis\automation\results_behavior_windows\refractory\coupling_rl1_c1\raw_runs\map_0319.log,C:\Users\vchat\Downloads\Vaishnavi_s_Thesis\automation\results_behavior_windows\refractory\coupling_rl1_c1\plots\map_0319.png,,,
320,ok,7800.0,2.2645589552419077e-08,C:\Users\vchat\Downloads\Vaishnavi_s_Thesis\automation\results_behavior_windows\refractory\coupling_rl1_c1\raw_runs\map_0320.raw,C:\Users\vchat\Downloads\Vaishnavi_s_Thesis\automation\results_behavior_windows\refractory\coupling_rl1_c1\raw_runs\map_0320.log,C:\Users\vchat\Downloads\Vaishnavi_s_Thesis\automation\results_behavior_windows\refractory\coupling_rl1_c1\plots\map_0320.png,,,
321,ok,7800.0,2.282210682004707e-08,C:\Users\vchat\Downloads\Vaishnavi_s_Thesis\automation\results_behavior_windows\refractory\coupling_rl1_c1\raw_runs\map_0321.raw,C:\Users\vchat\Downloads\Vaishnavi_s_Thesis\automation\results_behavior_windows\refractory\coupling_rl1_c1\raw_runs\map_0321.log,C:\Users\vchat\Downloads\Vaishnavi_s_Thesis\automation\results_behavior_windows\refractory\coupling_rl1_c1\plots\map_0321.png,,,
322,ok,7800.0,2.300000000000001e-08,C:\Users\vchat\Downloads\Vaishnavi_s_Thesis\automation\results_behavior_windows\refractory\coupling_rl1_c1\raw_runs\map_0322.raw,C:\Users\vchat\Downloads\Vaishnavi_s_Thesis\automation\results_behavior_windows\refractory\coupling_rl1_c1\raw_runs\map_0322.log,C:\Users\vchat\Downloads\Vaishnavi_s_Thesis\automation\results_behavior_windows\refractory\coupling_rl1_c1\plots\map_0322.png,,,
323,ok,7850.0,2.0000000000000004e-08,C:\Users\vchat\Downloads\Vaishnavi_s_Thesis\automation\results_behavior_windows\refractory\coupling_rl1_c1\raw_runs\map_0323.raw,C:\Users\vchat\Downloads\Vaishnavi_s_Thesis\automation\results_behavior_windows\refractory\coupling_rl1_c1\raw_runs\map_0323.log,C:\Users\vchat\Downloads\Vaishnavi_s_Thesis\automation\results_behavior_windows\refractory\coupling_rl1_c1\plots\map_0323.png,,,
324,ok,7850.0,2.0155895493221232e-08,C:\Users\vchat\Downloads\Vaishnavi_s_Thesis\automation\results_behavior_windows\refractory\coupling_rl1_c1\raw_runs\map_0324.raw,C:\Users\vchat\Downloads\Vaishnavi_s_Thesis\automation\results_behavior_windows\refractory\coupling_rl1_c1\raw_runs\map_0324.log,C:\Users\vchat\Downloads\Vaishnavi_s_Thesis\automation\results_behavior_windows\refractory\coupling_rl1_c1\plots\map_0324.png,,,
325,ok,7850.0,2.0313006156682795e-08,C:\Users\vchat\Downloads\Vaishnavi_s_Thesis\automation\results_behavior_windows\refractory\coupling_rl1_c1\raw_runs\map_0325.raw,C:\Users\vchat\Downloads\Vaishnavi_s_Thesis\automation\results_behavior_windows\refractory\coupling_rl1_c1\raw_runs\map_0325.log,C:\Users\vchat\Downloads\Vaishnavi_s_Thesis\automation\results_behavior_windows\refractory\coupling_rl1_c1\plots\map_0325.png,,,
326,ok,7850.0,2.047134146236293e-08,C:\Users\vchat\Downloads\Vaishnavi_s_Thesis\automation\results_behavior_windows\refractory\coupling_rl1_c1\raw_runs\map_0326.raw,C:\Users\vchat\Downloads\Vaishnavi_s_Thesis\automation\results_behavior_windows\refractory\coupling_rl1_c1\raw_runs\map_0326.log,C:\Users\vchat\Downloads\Vaishnavi_s_Thesis\automation\results_behavior_windows\refractory\coupling_rl1_c1\plots\map_0326.png,,,
327,ok,7850.0,2.0630910956071693e-08,C:\Users\vchat\Downloads\Vaishnavi_s_Thesis\automation\results_behavior_windows\refractory\coupling_rl1_c1\raw_runs\map_0327.raw,C:\Users\vchat\Downloads\Vaishnavi_s_Thesis\automation\results_behavior_windows\refractory\coupling_rl1_c1\raw_runs\map_0327.log,C:\Users\vchat\Downloads\Vaishnavi_s_Thesis\automation\results_behavior_windows\refractory\coupling_rl1_c1\plots\map_0327.png,,,
328,ok,7850.0,2.0791724258026693e-08,C:\Users\vchat\Downloads\Vaishnavi_s_Thesis\automation\results_behavior_windows\refractory\coupling_rl1_c1\raw_runs\map_0328.raw,C:\Users\vchat\Downloads\Vaishnavi_s_Thesis\automation\results_behavior_windows\refractory\coupling_rl1_c1\raw_runs\map_0328.log,C:\Users\vchat\Downloads\Vaishnavi_s_Thesis\automation\results_behavior_windows\refractory\coupling_rl1_c1\plots\map_0328.png,,,
329,ok,7850.0,2.0953791063432937e-08,C:\Users\vchat\Downloads\Vaishnavi_s_Thesis\automation\results_behavior_windows\refractory\coupling_rl1_c1\raw_runs\map_0329.raw,C:\Users\vchat\Downloads\Vaishnavi_s_Thesis\automation\results_behavior_windows\refractory\coupling_rl1_c1\raw_runs\map_0329.log,C:\Users\vchat\Downloads\Vaishnavi_s_Thesis\automation\results_behavior_windows\refractory\coupling_rl1_c1\plots\map_0329.png,,,
330,ok,7850.0,2.11171211430674e-08,C:\Users\vchat\Downloads\Vaishnavi_s_Thesis\automation\results_behavior_windows\refractory\coupling_rl1_c1\raw_runs\map_0330.raw,C:\Users\vchat\Downloads\Vaishnavi_s_Thesis\automation\results_behavior_windows\refractory\coupling_rl1_c1\raw_runs\map_0330.log,C:\Users\vchat\Downloads\Vaishnavi_s_Thesis\automation\results_behavior_windows\refractory\coupling_rl1_c1\plots\map_0330.png,,,
331,ok,7850.0,2.1281724343867947e-08,C:\Users\vchat\Downloads\Vaishnavi_s_Thesis\automation\results_behavior_windows\refractory\coupling_rl1_c1\raw_runs\map_0331.raw,C:\Users\vchat\Downloads\Vaishnavi_s_Thesis\automation\results_behavior_windows\refractory\coupling_rl1_c1\raw_runs\map_0331.log,C:\Users\vchat\Downloads\Vaishnavi_s_Thesis\automation\results_behavior_windows\refractory\coupling_rl1_c1\plots\map_0331.png,,,
332,ok,7850.0,2.144761058952722e-08,C:\Users\vchat\Downloads\Vaishnavi_s_Thesis\automation\results_behavior_windows\refractory\coupling_rl1_c1\raw_runs\map_0332.raw,C:\Users\vchat\Downloads\Vaishnavi_s_Thesis\automation\results_behavior_windows\refractory\coupling_rl1_c1\raw_runs\map_0332.log,C:\Users\vchat\Downloads\Vaishnavi_s_Thesis\automation\results_behavior_windows\refractory\coupling_rl1_c1\plots\map_0332.png,,,
333,ok,7850.0,2.1614789881090783e-08,C:\Users\vchat\Downloads\Vaishnavi_s_Thesis\automation\results_behavior_windows\refractory\coupling_rl1_c1\raw_runs\map_0333.raw,C:\Users\vchat\Downloads\Vaishnavi_s_Thesis\automation\results_behavior_windows\refractory\coupling_rl1_c1\raw_runs\map_0333.log,C:\Users\vchat\Downloads\Vaishnavi_s_Thesis\automation\results_behavior_windows\refractory\coupling_rl1_c1\plots\map_0333.png,,,
334,ok,7850.0,2.1783272297560075e-08,C:\Users\vchat\Downloads\Vaishnavi_s_Thesis\automation\results_behavior_windows\refractory\coupling_rl1_c1\raw_runs\map_0334.raw,C:\Users\vchat\Downloads\Vaishnavi_s_Thesis\automation\results_behavior_windows\refractory\coupling_rl1_c1\raw_runs\map_0334.log,C:\Users\vchat\Downloads\Vaishnavi_s_Thesis\automation\results_behavior_windows\refractory\coupling_rl1_c1\plots\map_0334.png,,,
335,ok,7850.0,2.1953067996500143e-08,C:\Users\vchat\Downloads\Vaishnavi_s_Thesis\automation\results_behavior_windows\refractory\coupling_rl1_c1\raw_runs\map_0335.raw,C:\Users\vchat\Downloads\Vaishnavi_s_Thesis\automation\results_behavior_windows\refractory\coupling_rl1_c1\raw_runs\map_0335.log,C:\Users\vchat\Downloads\Vaishnavi_s_Thesis\automation\results_behavior_windows\refractory\coupling_rl1_c1\plots\map_0335.png,,,
336,ok,7850.0,2.2124187214651817e-08,C:\Users\vchat\Downloads\Vaishnavi_s_Thesis\automation\results_behavior_windows\refractory\coupling_rl1_c1\raw_runs\map_0336.raw,C:\Users\vchat\Downloads\Vaishnavi_s_Thesis\automation\results_behavior_windows\refractory\coupling_rl1_c1\raw_runs\map_0336.log,C:\Users\vchat\Downloads\Vaishnavi_s_Thesis\automation\results_behavior_windows\refractory\coupling_rl1_c1\plots\map_0336.png,,,
337,ok,7850.0,2.2296640268549164e-08,C:\Users\vchat\Downloads\Vaishnavi_s_Thesis\automation\results_behavior_windows\refractory\coupling_rl1_c1\raw_runs\map_0337.raw,C:\Users\vchat\Downloads\Vaishnavi_s_Thesis\automation\results_behavior_windows\refractory\coupling_rl1_c1\raw_runs\map_0337.log,C:\Users\vchat\Downloads\Vaishnavi_s_Thesis\automation\results_behavior_windows\refractory\coupling_rl1_c1\plots\map_0337.png,,,
338,ok,7850.0,2.2470437555141253e-08,C:\Users\vchat\Downloads\Vaishnavi_s_Thesis\automation\results_behavior_windows\refractory\coupling_rl1_c1\raw_runs\map_0338.raw,C:\Users\vchat\Downloads\Vaishnavi_s_Thesis\automation\results_behavior_windows\refractory\coupling_rl1_c1\raw_runs\map_0338.log,C:\Users\vchat\Downloads\Vaishnavi_s_Thesis\automation\results_behavior_windows\refractory\coupling_rl1_c1\plots\map_0338.png,,,
339,ok,7850.0,2.2645589552419077e-08,C:\Users\vchat\Downloads\Vaishnavi_s_Thesis\automation\results_behavior_windows\refractory\coupling_rl1_c1\raw_runs\map_0339.raw,C:\Users\vchat\Downloads\Vaishnavi_s_Thesis\automation\results_behavior_windows\refractory\coupling_rl1_c1\raw_runs\map_0339.log,C:\Users\vchat\Downloads\Vaishnavi_s_Thesis\automation\results_behavior_windows\refractory\coupling_rl1_c1\plots\map_0339.png,,,
340,ok,7850.0,2.282210682004707e-08,C:\Users\vchat\Downloads\Vaishnavi_s_Thesis\automation\results_behavior_windows\refractory\coupling_rl1_c1\raw_runs\map_0340.raw,C:\Users\vchat\Downloads\Vaishnavi_s_Thesis\automation\results_behavior_windows\refractory\coupling_rl1_c1\raw_runs\map_0340.log,C:\Users\vchat\Downloads\Vaishnavi_s_Thesis\automation\results_behavior_windows\refractory\coupling_rl1_c1\plots\map_0340.png,,,
341,ok,7850.0,2.300000000000001e-08,C:\Users\vchat\Downloads\Vaishnavi_s_Thesis\automation\results_behavior_windows\refractory\coupling_rl1_c1\raw_runs\map_0341.raw,C:\Users\vchat\Downloads\Vaishnavi_s_Thesis\automation\results_behavior_windows\refractory\coupling_rl1_c1\raw_runs\map_0341.log,C:\Users\vchat\Downloads\Vaishnavi_s_Thesis\automation\results_behavior_windows\refractory\coupling_rl1_c1\plots\map_0341.png,,,
342,ok,7900.0,2.0000000000000004e-08,C:\Users\vchat\Downloads\Vaishnavi_s_Thesis\automation\results_behavior_windows\refractory\coupling_rl1_c1\raw_runs\map_0342.raw,C:\Users\vchat\Downloads\Vaishnavi_s_Thesis\automation\results_behavior_windows\refractory\coupling_rl1_c1\raw_runs\map_0342.log,C:\Users\vchat\Downloads\Vaishnavi_s_Thesis\automation\results_behavior_windows\refractory\coupling_rl1_c1\plots\map_0342.png,,,
343,ok,7900.0,2.0155895493221232e-08,C:\Users\vchat\Downloads\Vaishnavi_s_Thesis\automation\results_behavior_windows\refractory\coupling_rl1_c1\raw_runs\map_0343.raw,C:\Users\vchat\Downloads\Vaishnavi_s_Thesis\automation\results_behavior_windows\refractory\coupling_rl1_c1\raw_runs\map_0343.log,C:\Users\vchat\Downloads\Vaishnavi_s_Thesis\automation\results_behavior_windows\refractory\coupling_rl1_c1\plots\map_0343.png,,,
344,ok,7900.0,2.0313006156682795e-08,C:\Users\vchat\Downloads\Vaishnavi_s_Thesis\automation\results_behavior_windows\refractory\coupling_rl1_c1\raw_runs\map_0344.raw,C:\Users\vchat\Downloads\Vaishnavi_s_Thesis\automation\results_behavior_windows\refractory\coupling_rl1_c1\raw_runs\map_0344.log,C:\Users\vchat\Downloads\Vaishnavi_s_Thesis\automation\results_behavior_windows\refractory\coupling_rl1_c1\plots\map_0344.png,,,
345,ok,7900.0,2.047134146236293e-08,C:\Users\vchat\Downloads\Vaishnavi_s_Thesis\automation\results_behavior_windows\refractory\coupling_rl1_c1\raw_runs\map_0345.raw,C:\Users\vchat\Downloads\Vaishnavi_s_Thesis\automation\results_behavior_windows\refractory\coupling_rl1_c1\raw_runs\map_0345.log,C:\Users\vchat\Downloads\Vaishnavi_s_Thesis\automation\results_behavior_windows\refractory\coupling_rl1_c1\plots\map_0345.png,,,
346,ok,7900.0,2.0630910956071693e-08,C:\Users\vchat\Downloads\Vaishnavi_s_Thesis\automation\results_behavior_windows\refractory\coupling_rl1_c1\raw_runs\map_0346.raw,C:\Users\vchat\Downloads\Vaishnavi_s_Thesis\automation\results_behavior_windows\refractory\coupling_rl1_c1\raw_runs\map_0346.log,C:\Users\vchat\Downloads\Vaishnavi_s_Thesis\automation\results_behavior_windows\refractory\coupling_rl1_c1\plots\map_0346.png,,,
347,ok,7900.0,2.0791724258026693e-08,C:\Users\vchat\Downloads\Vaishnavi_s_Thesis\automation\results_behavior_windows\refractory\coupling_rl1_c1\raw_runs\map_0347.raw,C:\Users\vchat\Downloads\Vaishnavi_s_Thesis\automation\results_behavior_windows\refractory\coupling_rl1_c1\raw_runs\map_0347.log,C:\Users\vchat\Downloads\Vaishnavi_s_Thesis\automation\results_behavior_windows\refractory\coupling_rl1_c1\plots\map_0347.png,,,
348,ok,7900.0,2.0953791063432937e-08,C:\Users\vchat\Downloads\Vaishnavi_s_Thesis\automation\results_behavior_windows\refractory\coupling_rl1_c1\raw_runs\map_0348.raw,C:\Users\vchat\Downloads\Vaishnavi_s_Thesis\automation\results_behavior_windows\refractory\coupling_rl1_c1\raw_runs\map_0348.log,C:\Users\vchat\Downloads\Vaishnavi_s_Thesis\automation\results_behavior_windows\refractory\coupling_rl1_c1\plots\map_0348.png,,,
349,ok,7900.0,2.11171211430674e-08,C:\Users\vchat\Downloads\Vaishnavi_s_Thesis\automation\results_behavior_windows\refractory\coupling_rl1_c1\raw_runs\map_0349.raw,C:\Users\vchat\Downloads\Vaishnavi_s_Thesis\automation\results_behavior_windows\refractory\coupling_rl1_c1\raw_runs\map_0349.log,C:\Users\vchat\Downloads\Vaishnavi_s_Thesis\automation\results_behavior_windows\refractory\coupling_rl1_c1\plots\map_0349.png,,,
350,ok,7900.0,2.1281724343867947e-08,C:\Users\vchat\Downloads\Vaishnavi_s_Thesis\automation\results_behavior_windows\refractory\coupling_rl1_c1\raw_runs\map_0350.raw,C:\Users\vchat\Downloads\Vaishnavi_s_Thesis\automation\results_behavior_windows\refractory\coupling_rl1_c1\raw_runs\map_0350.log,C:\Users\vchat\Downloads\Vaishnavi_s_Thesis\automation\results_behavior_windows\refractory\coupling_rl1_c1\plots\map_0350.png,,,
351,ok,7900.0,2.144761058952722e-08,C:\Users\vchat\Downloads\Vaishnavi_s_Thesis\automation\results_behavior_windows\refractory\coupling_rl1_c1\raw_runs\map_0351.raw,C:\Users\vchat\Downloads\Vaishnavi_s_Thesis\automation\results_behavior_windows\refractory\coupling_rl1_c1\raw_runs\map_0351.log,C:\Users\vchat\Downloads\Vaishnavi_s_Thesis\automation\results_behavior_windows\refractory\coupling_rl1_c1\plots\map_0351.png,,,
352,ok,7900.0,2.1614789881090783e-08,C:\Users\vchat\Downloads\Vaishnavi_s_Thesis\automation\results_behavior_windows\refractory\coupling_rl1_c1\raw_runs\map_0352.raw,C:\Users\vchat\Downloads\Vaishnavi_s_Thesis\automation\results_behavior_windows\refractory\coupling_rl1_c1\raw_runs\map_0352.log,C:\Users\vchat\Downloads\Vaishnavi_s_Thesis\automation\results_behavior_windows\refractory\coupling_rl1_c1\plots\map_0352.png,,,
353,ok,7900.0,2.1783272297560075e-08,C:\Users\vchat\Downloads\Vaishnavi_s_Thesis\automation\results_behavior_windows\refractory\coupling_rl1_c1\raw_runs\map_0353.raw,C:\Users\vchat\Downloads\Vaishnavi_s_Thesis\automation\results_behavior_windows\refractory\coupling_rl1_c1\raw_runs\map_0353.log,C:\Users\vchat\Downloads\Vaishnavi_s_Thesis\automation\results_behavior_windows\refractory\coupling_rl1_c1\plots\map_0353.png,,,
354,ok,7900.0,2.1953067996500143e-08,C:\Users\vchat\Downloads\Vaishnavi_s_Thesis\automation\results_behavior_windows\refractory\coupling_rl1_c1\raw_runs\map_0354.raw,C:\Users\vchat\Downloads\Vaishnavi_s_Thesis\automation\results_behavior_windows\refractory\coupling_rl1_c1\raw_runs\map_0354.log,C:\Users\vchat\Downloads\Vaishnavi_s_Thesis\automation\results_behavior_windows\refractory\coupling_rl1_c1\plots\map_0354.png,,,
355,ok,7900.0,2.2124187214651817e-08,C:\Users\vchat\Downloads\Vaishnavi_s_Thesis\automation\results_behavior_windows\refractory\coupling_rl1_c1\raw_runs\map_0355.raw,C:\Users\vchat\Downloads\Vaishnavi_s_Thesis\automation\results_behavior_windows\refractory\coupling_rl1_c1\raw_runs\map_0355.log,C:\Users\vchat\Downloads\Vaishnavi_s_Thesis\automation\results_behavior_windows\refractory\coupling_rl1_c1\plots\map_0355.png,,,
356,ok,7900.0,2.2296640268549164e-08,C:\Users\vchat\Downloads\Vaishnavi_s_Thesis\automation\results_behavior_windows\refractory\coupling_rl1_c1\raw_runs\map_0356.raw,C:\Users\vchat\Downloads\Vaishnavi_s_Thesis\automation\results_behavior_windows\refractory\coupling_rl1_c1\raw_runs\map_0356.log,C:\Users\vchat\Downloads\Vaishnavi_s_Thesis\automation\results_behavior_windows\refractory\coupling_rl1_c1\plots\map_0356.png,,,
357,ok,7900.0,2.2470437555141253e-08,C:\Users\vchat\Downloads\Vaishnavi_s_Thesis\automation\results_behavior_windows\refractory\coupling_rl1_c1\raw_runs\map_0357.raw,C:\Users\vchat\Downloads\Vaishnavi_s_Thesis\automation\results_behavior_windows\refractory\coupling_rl1_c1\raw_runs\map_0357.log,C:\Users\vchat\Downloads\Vaishnavi_s_Thesis\automation\results_behavior_windows\refractory\coupling_rl1_c1\plots\map_0357.png,,,
358,ok,7900.0,2.2645589552419077e-08,C:\Users\vchat\Downloads\Vaishnavi_s_Thesis\automation\results_behavior_windows\refractory\coupling_rl1_c1\raw_runs\map_0358.raw,C:\Users\vchat\Downloads\Vaishnavi_s_Thesis\automation\results_behavior_windows\refractory\coupling_rl1_c1\raw_runs\map_0358.log,C:\Users\vchat\Downloads\Vaishnavi_s_Thesis\automation\results_behavior_windows\refractory\coupling_rl1_c1\plots\map_0358.png,,,
359,ok,7900.0,2.282210682004707e-08,C:\Users\vchat\Downloads\Vaishnavi_s_Thesis\automation\results_behavior_windows\refractory\coupling_rl1_c1\raw_runs\map_0359.raw,C:\Users\vchat\Downloads\Vaishnavi_s_Thesis\automation\results_behavior_windows\refractory\coupling_rl1_c1\raw_runs\map_0359.log,C:\Users\vchat\Downloads\Vaishnavi_s_Thesis\automation\results_behavior_windows\refractory\coupling_rl1_c1\plots\map_0359.png,,,
360,ok,7900.0,2.300000000000001e-08,C:\Users\vchat\Downloads\Vaishnavi_s_Thesis\automation\results_behavior_windows\refractory\coupling_rl1_c1\raw_runs\map_0360.raw,C:\Users\vchat\Downloads\Vaishnavi_s_Thesis\automation\results_behavior_windows\refractory\coupling_rl1_c1\raw_runs\map_0360.log,C:\Users\vchat\Downloads\Vaishnavi_s_Thesis\automation\results_behavior_windows\refractory\coupling_rl1_c1\plots\map_0360.png,,,
361,ok,7950.0,2.0000000000000004e-08,C:\Users\vchat\Downloads\Vaishnavi_s_Thesis\automation\results_behavior_windows\refractory\coupling_rl1_c1\raw_runs\map_0361.raw,C:\Users\vchat\Downloads\Vaishnavi_s_Thesis\automation\results_behavior_windows\refractory\coupling_rl1_c1\raw_runs\map_0361.log,C:\Users\vchat\Downloads\Vaishnavi_s_Thesis\automation\results_behavior_windows\refractory\coupling_rl1_c1\plots\map_0361.png,,,
362,ok,7950.0,2.0155895493221232e-08,C:\Users\vchat\Downloads\Vaishnavi_s_Thesis\automation\results_behavior_windows\refractory\coupling_rl1_c1\raw_runs\map_0362.raw,C:\Users\vchat\Downloads\Vaishnavi_s_Thesis\automation\results_behavior_windows\refractory\coupling_rl1_c1\raw_runs\map_0362.log,C:\Users\vchat\Downloads\Vaishnavi_s_Thesis\automation\results_behavior_windows\refractory\coupling_rl1_c1\plots\map_0362.png,,,
363,ok,7950.0,2.0313006156682795e-08,C:\Users\vchat\Downloads\Vaishnavi_s_Thesis\automation\results_behavior_windows\refractory\coupling_rl1_c1\raw_runs\map_0363.raw,C:\Users\vchat\Downloads\Vaishnavi_s_Thesis\automation\results_behavior_windows\refractory\coupling_rl1_c1\raw_runs\map_0363.log,C:\Users\vchat\Downloads\Vaishnavi_s_Thesis\automation\results_behavior_windows\refractory\coupling_rl1_c1\plots\map_0363.png,,,
364,ok,7950.0,2.047134146236293e-08,C:\Users\vchat\Downloads\Vaishnavi_s_Thesis\automation\results_behavior_windows\refractory\coupling_rl1_c1\raw_runs\map_0364.raw,C:\Users\vchat\Downloads\Vaishnavi_s_Thesis\automation\results_behavior_windows\refractory\coupling_rl1_c1\raw_runs\map_0364.log,C:\Users\vchat\Downloads\Vaishnavi_s_Thesis\automation\results_behavior_windows\refractory\coupling_rl1_c1\plots\map_0364.png,,,
365,ok,7950.0,2.0630910956071693e-08,C:\Users\vchat\Downloads\Vaishnavi_s_Thesis\automation\results_behavior_windows\refractory\coupling_rl1_c1\raw_runs\map_0365.raw,C:\Users\vchat\Downloads\Vaishnavi_s_Thesis\automation\results_behavior_windows\refractory\coupling_rl1_c1\raw_runs\map_0365.log,C:\Users\vchat\Downloads\Vaishnavi_s_Thesis\automation\results_behavior_windows\refractory\coupling_rl1_c1\plots\map_0365.png,,,
366,ok,7950.0,2.0791724258026693e-08,C:\Users\vchat\Downloads\Vaishnavi_s_Thesis\automation\results_behavior_windows\refractory\coupling_rl1_c1\raw_runs\map_0366.raw,C:\Users\vchat\Downloads\Vaishnavi_s_Thesis\automation\results_behavior_windows\refractory\coupling_rl1_c1\raw_runs\map_0366.log,C:\Users\vchat\Downloads\Vaishnavi_s_Thesis\automation\results_behavior_windows\refractory\coupling_rl1_c1\plots\map_0366.png,,,
367,ok,7950.0,2.0953791063432937e-08,C:\Users\vchat\Downloads\Vaishnavi_s_Thesis\automation\results_behavior_windows\refractory\coupling_rl1_c1\raw_runs\map_0367.raw,C:\Users\vchat\Downloads\Vaishnavi_s_Thesis\automation\results_behavior_windows\refractory\coupling_rl1_c1\raw_runs\map_0367.log,C:\Users\vchat\Downloads\Vaishnavi_s_Thesis\automation\results_behavior_windows\refractory\coupling_rl1_c1\plots\map_0367.png,,,
368,ok,7950.0,2.11171211430674e-08,C:\Users\vchat\Downloads\Vaishnavi_s_Thesis\automation\results_behavior_windows\refractory\coupling_rl1_c1\raw_runs\map_0368.raw,C:\Users\vchat\Downloads\Vaishnavi_s_Thesis\automation\results_behavior_windows\refractory\coupling_rl1_c1\raw_runs\map_0368.log,C:\Users\vchat\Downloads\Vaishnavi_s_Thesis\automation\results_behavior_windows\refractory\coupling_rl1_c1\plots\map_0368.png,,,
369,ok,7950.0,2.1281724343867947e-08,C:\Users\vchat\Downloads\Vaishnavi_s_Thesis\automation\results_behavior_windows\refractory\coupling_rl1_c1\raw_runs\map_0369.raw,C:\Users\vchat\Downloads\Vaishnavi_s_Thesis\automation\results_behavior_windows\refractory\coupling_rl1_c1\raw_runs\map_0369.log,C:\Users\vchat\Downloads\Vaishnavi_s_Thesis\automation\results_behavior_windows\refractory\coupling_rl1_c1\plots\map_0369.png,,,
370,ok,7950.0,2.144761058952722e-08,C:\Users\vchat\Downloads\Vaishnavi_s_Thesis\automation\results_behavior_windows\refractory\coupling_rl1_c1\raw_runs\map_0370.raw,C:\Users\vchat\Downloads\Vaishnavi_s_Thesis\automation\results_behavior_windows\refractory\coupling_rl1_c1\raw_runs\map_0370.log,C:\Users\vchat\Downloads\Vaishnavi_s_Thesis\automation\results_behavior_windows\refractory\coupling_rl1_c1\plots\map_0370.png,,,
371,ok,7950.0,2.1614789881090783e-08,C:\Users\vchat\Downloads\Vaishnavi_s_Thesis\automation\results_behavior_windows\refractory\coupling_rl1_c1\raw_runs\map_0371.raw,C:\Users\vchat\Downloads\Vaishnavi_s_Thesis\automation\results_behavior_windows\refractory\coupling_rl1_c1\raw_runs\map_0371.log,C:\Users\vchat\Downloads\Vaishnavi_s_Thesis\automation\results_behavior_windows\refractory\coupling_rl1_c1\plots\map_0371.png,,,
372,ok,7950.0,2.1783272297560075e-08,C:\Users\vchat\Downloads\Vaishnavi_s_Thesis\automation\results_behavior_windows\refractory\coupling_rl1_c1\raw_runs\map_0372.raw,C:\Users\vchat\Downloads\Vaishnavi_s_Thesis\automation\results_behavior_windows\refractory\coupling_rl1_c1\raw_runs\map_0372.log,C:\Users\vchat\Downloads\Vaishnavi_s_Thesis\automation\results_behavior_windows\refractory\coupling_rl1_c1\plots\map_0372.png,,,
373,ok,7950.0,2.1953067996500143e-08,C:\Users\vchat\Downloads\Vaishnavi_s_Thesis\automation\results_behavior_windows\refractory\coupling_rl1_c1\raw_runs\map_0373.raw,C:\Users\vchat\Downloads\Vaishnavi_s_Thesis\automation\results_behavior_windows\refractory\coupling_rl1_c1\raw_runs\map_0373.log,C:\Users\vchat\Downloads\Vaishnavi_s_Thesis\automation\results_behavior_windows\refractory\coupling_rl1_c1\plots\map_0373.png,,,
374,ok,7950.0,2.2124187214651817e-08,C:\Users\vchat\Downloads\Vaishnavi_s_Thesis\automation\results_behavior_windows\refractory\coupling_rl1_c1\raw_runs\map_0374.raw,C:\Users\vchat\Downloads\Vaishnavi_s_Thesis\automation\results_behavior_windows\refractory\coupling_rl1_c1\raw_runs\map_0374.log,C:\Users\vchat\Downloads\Vaishnavi_s_Thesis\automation\results_behavior_windows\refractory\coupling_rl1_c1\plots\map_0374.png,,,
375,ok,7950.0,2.2296640268549164e-08,C:\Users\vchat\Downloads\Vaishnavi_s_Thesis\automation\results_behavior_windows\refractory\coupling_rl1_c1\raw_runs\map_0375.raw,C:\Users\vchat\Downloads\Vaishnavi_s_Thesis\automation\results_behavior_windows\refractory\coupling_rl1_c1\raw_runs\map_0375.log,C:\Users\vchat\Downloads\Vaishnavi_s_Thesis\automation\results_behavior_windows\refractory\coupling_rl1_c1\plots\map_0375.png,,,
376,ok,7950.0,2.2470437555141253e-08,C:\Users\vchat\Downloads\Vaishnavi_s_Thesis\automation\results_behavior_windows\refractory\coupling_rl1_c1\raw_runs\map_0376.raw,C:\Users\vchat\Downloads\Vaishnavi_s_Thesis\automation\results_behavior_windows\refractory\coupling_rl1_c1\raw_runs\map_0376.log,C:\Users\vchat\Downloads\Vaishnavi_s_Thesis\automation\results_behavior_windows\refractory\coupling_rl1_c1\plots\map_0376.png,,,
377,ok,7950.0,2.2645589552419077e-08,C:\Users\vchat\Downloads\Vaishnavi_s_Thesis\automation\results_behavior_windows\refractory\coupling_rl1_c1\raw_runs\map_0377.raw,C:\Users\vchat\Downloads\Vaishnavi_s_Thesis\automation\results_behavior_windows\refractory\coupling_rl1_c1\raw_runs\map_0377.log,C:\Users\vchat\Downloads\Vaishnavi_s_Thesis\automation\results_behavior_windows\refractory\coupling_rl1_c1\plots\map_0377.png,,,
378,ok,7950.0,2.282210682004707e-08,C:\Users\vchat\Downloads\Vaishnavi_s_Thesis\automation\results_behavior_windows\refractory\coupling_rl1_c1\raw_runs\map_0378.raw,C:\Users\vchat\Downloads\Vaishnavi_s_Thesis\automation\results_behavior_windows\refractory\coupling_rl1_c1\raw_runs\map_0378.log,C:\Users\vchat\Downloads\Vaishnavi_s_Thesis\automation\results_behavior_windows\refractory\coupling_rl1_c1\plots\map_0378.png,,,
379,ok,7950.0,2.300000000000001e-08,C:\Users\vchat\Downloads\Vaishnavi_s_Thesis\automation\results_behavior_windows\refractory\coupling_rl1_c1\raw_runs\map_0379.raw,C:\Users\vchat\Downloads\Vaishnavi_s_Thesis\automation\results_behavior_windows\refractory\coupling_rl1_c1\raw_runs\map_0379.log,C:\Users\vchat\Downloads\Vaishnavi_s_Thesis\automation\results_behavior_windows\refractory\coupling_rl1_c1\plots\map_0379.png,,,
380,ok,8000.0,2.0000000000000004e-08,C:\Users\vchat\Downloads\Vaishnavi_s_Thesis\automation\results_behavior_windows\refractory\coupling_rl1_c1\raw_runs\map_0380.raw,C:\Users\vchat\Downloads\Vaishnavi_s_Thesis\automation\results_behavior_windows\refractory\coupling_rl1_c1\raw_runs\map_0380.log,C:\Users\vchat\Downloads\Vaishnavi_s_Thesis\automation\results_behavior_windows\refractory\coupling_rl1_c1\plots\map_0380.png,,,
381,ok,8000.0,2.0155895493221232e-08,C:\Users\vchat\Downloads\Vaishnavi_s_Thesis\automation\results_behavior_windows\refractory\coupling_rl1_c1\raw_runs\map_0381.raw,C:\Users\vchat\Downloads\Vaishnavi_s_Thesis\automation\results_behavior_windows\refractory\coupling_rl1_c1\raw_runs\map_0381.log,C:\Users\vchat\Downloads\Vaishnavi_s_Thesis\automation\results_behavior_windows\refractory\coupling_rl1_c1\plots\map_0381.png,,,
382,ok,8000.0,2.0313006156682795e-08,C:\Users\vchat\Downloads\Vaishnavi_s_Thesis\automation\results_behavior_windows\refractory\coupling_rl1_c1\raw_runs\map_0382.raw,C:\Users\vchat\Downloads\Vaishnavi_s_Thesis\automation\results_behavior_windows\refractory\coupling_rl1_c1\raw_runs\map_0382.log,C:\Users\vchat\Downloads\Vaishnavi_s_Thesis\automation\results_behavior_windows\refractory\coupling_rl1_c1\plots\map_0382.png,,,
383,ok,8000.0,2.047134146236293e-08,C:\Users\vchat\Downloads\Vaishnavi_s_Thesis\automation\results_behavior_windows\refractory\coupling_rl1_c1\raw_runs\map_0383.raw,C:\Users\vchat\Downloads\Vaishnavi_s_Thesis\automation\results_behavior_windows\refractory\coupling_rl1_c1\raw_runs\map_0383.log,C:\Users\vchat\Downloads\Vaishnavi_s_Thesis\automation\results_behavior_windows\refractory\coupling_rl1_c1\plots\map_0383.png,,,
384,ok,8000.0,2.0630910956071693e-08,C:\Users\vchat\Downloads\Vaishnavi_s_Thesis\automation\results_behavior_windows\refractory\coupling_rl1_c1\raw_runs\map_0384.raw,C:\Users\vchat\Downloads\Vaishnavi_s_Thesis\automation\results_behavior_windows\refractory\coupling_rl1_c1\raw_runs\map_0384.log,C:\Users\vchat\Downloads\Vaishnavi_s_Thesis\automation\results_behavior_windows\refractory\coupling_rl1_c1\plots\map_0384.png,,,
385,ok,8000.0,2.0791724258026693e-08,C:\Users\vchat\Downloads\Vaishnavi_s_Thesis\automation\results_behavior_windows\refractory\coupling_rl1_c1\raw_runs\map_0385.raw,C:\Users\vchat\Downloads\Vaishnavi_s_Thesis\automation\results_behavior_windows\refractory\coupling_rl1_c1\raw_runs\map_0385.log,C:\Users\vchat\Downloads\Vaishnavi_s_Thesis\automation\results_behavior_windows\refractory\coupling_rl1_c1\plots\map_0385.png,,,
386,ok,8000.0,2.0953791063432937e-08,C:\Users\vchat\Downloads\Vaishnavi_s_Thesis\automation\results_behavior_windows\refractory\coupling_rl1_c1\raw_runs\map_0386.raw,C:\Users\vchat\Downloads\Vaishnavi_s_Thesis\automation\results_behavior_windows\refractory\coupling_rl1_c1\raw_runs\map_0386.log,C:\Users\vchat\Downloads\Vaishnavi_s_Thesis\automation\results_behavior_windows\refractory\coupling_rl1_c1\plots\map_0386.png,,,
387,ok,8000.0,2.11171211430674e-08,C:\Users\vchat\Downloads\Vaishnavi_s_Thesis\automation\results_behavior_windows\refractory\coupling_rl1_c1\raw_runs\map_0387.raw,C:\Users\vchat\Downloads\Vaishnavi_s_Thesis\automation\results_behavior_windows\refractory\coupling_rl1_c1\raw_runs\map_0387.log,C:\Users\vchat\Downloads\Vaishnavi_s_Thesis\automation\results_behavior_windows\refractory\coupling_rl1_c1\plots\map_0387.png,,,
388,ok,8000.0,2.1281724343867947e-08,C:\Users\vchat\Downloads\Vaishnavi_s_Thesis\automation\results_behavior_windows\refractory\coupling_rl1_c1\raw_runs\map_0388.raw,C:\Users\vchat\Downloads\Vaishnavi_s_Thesis\automation\results_behavior_windows\refractory\coupling_rl1_c1\raw_runs\map_0388.log,C:\Users\vchat\Downloads\Vaishnavi_s_Thesis\automation\results_behavior_windows\refractory\coupling_rl1_c1\plots\map_0388.png,,,
389,ok,8000.0,2.144761058952722e-08,C:\Users\vchat\Downloads\Vaishnavi_s_Thesis\automation\results_behavior_windows\refractory\coupling_rl1_c1\raw_runs\map_0389.raw,C:\Users\vchat\Downloads\Vaishnavi_s_Thesis\automation\results_behavior_windows\refractory\coupling_rl1_c1\raw_runs\map_0389.log,C:\Users\vchat\Downloads\Vaishnavi_s_Thesis\automation\results_behavior_windows\refractory\coupling_rl1_c1\plots\map_0389.png,,,
390,ok,8000.0,2.1614789881090783e-08,C:\Users\vchat\Downloads\Vaishnavi_s_Thesis\automation\results_behavior_windows\refractory\coupling_rl1_c1\raw_runs\map_0390.raw,C:\Users\vchat\Downloads\Vaishnavi_s_Thesis\automation\results_behavior_windows\refractory\coupling_rl1_c1\raw_runs\map_0390.log,C:\Users\vchat\Downloads\Vaishnavi_s_Thesis\automation\results_behavior_windows\refractory\coupling_rl1_c1\plots\map_0390.png,,,
391,ok,8000.0,2.1783272297560075e-08,C:\Users\vchat\Downloads\Vaishnavi_s_Thesis\automation\results_behavior_windows\refractory\coupling_rl1_c1\raw_runs\map_0391.raw,C:\Users\vchat\Downloads\Vaishnavi_s_Thesis\automation\results_behavior_windows\refractory\coupling_rl1_c1\raw_runs\map_0391.log,C:\Users\vchat\Downloads\Vaishnavi_s_Thesis\automation\results_behavior_windows\refractory\coupling_rl1_c1\plots\map_0391.png,,,
392,ok,8000.0,2.1953067996500143e-08,C:\Users\vchat\Downloads\Vaishnavi_s_Thesis\automation\results_behavior_windows\refractory\coupling_rl1_c1\raw_runs\map_0392.raw,C:\Users\vchat\Downloads\Vaishnavi_s_Thesis\automation\results_behavior_windows\refractory\coupling_rl1_c1\raw_runs\map_0392.log,C:\Users\vchat\Downloads\Vaishnavi_s_Thesis\automation\results_behavior_windows\refractory\coupling_rl1_c1\plots\map_0392.png,,,
393,ok,8000.0,2.2124187214651817e-08,C:\Users\vchat\Downloads\Vaishnavi_s_Thesis\automation\results_behavior_windows\refractory\coupling_rl1_c1\raw_runs\map_0393.raw,C:\Users\vchat\Downloads\Vaishnavi_s_Thesis\automation\results_behavior_windows\refractory\coupling_rl1_c1\raw_runs\map_0393.log,C:\Users\vchat\Downloads\Vaishnavi_s_Thesis\automation\results_behavior_windows\refractory\coupling_rl1_c1\plots\map_0393.png,,,
394,ok,8000.0,2.2296640268549164e-08,C:\Users\vchat\Downloads\Vaishnavi_s_Thesis\automation\results_behavior_windows\refractory\coupling_rl1_c1\raw_runs\map_0394.raw,C:\Users\vchat\Downloads\Vaishnavi_s_Thesis\automation\results_behavior_windows\refractory\coupling_rl1_c1\raw_runs\map_0394.log,C:\Users\vchat\Downloads\Vaishnavi_s_Thesis\automation\results_behavior_windows\refractory\coupling_rl1_c1\plots\map_0394.png,,,
395,ok,8000.0,2.2470437555141253e-08,C:\Users\vchat\Downloads\Vaishnavi_s_Thesis\automation\results_behavior_windows\refractory\coupling_rl1_c1\raw_runs\map_0395.raw,C:\Users\vchat\Downloads\Vaishnavi_s_Thesis\automation\results_behavior_windows\refractory\coupling_rl1_c1\raw_runs\map_0395.log,C:\Users\vchat\Downloads\Vaishnavi_s_Thesis\automation\results_behavior_windows\refractory\coupling_rl1_c1\plots\map_0395.png,,,
396,ok,8000.0,2.2645589552419077e-08,C:\Users\vchat\Downloads\Vaishnavi_s_Thesis\automation\results_behavior_windows\refractory\coupling_rl1_c1\raw_runs\map_0396.raw,C:\Users\vchat\Downloads\Vaishnavi_s_Thesis\automation\results_behavior_windows\refractory\coupling_rl1_c1\raw_runs\map_0396.log,C:\Users\vchat\Downloads\Vaishnavi_s_Thesis\automation\results_behavior_windows\refractory\coupling_rl1_c1\plots\map_0396.png,,,
397,ok,8000.0,2.282210682004707e-08,C:\Users\vchat\Downloads\Vaishnavi_s_Thesis\automation\results_behavior_windows\refractory\coupling_rl1_c1\raw_runs\map_0397.raw,C:\Users\vchat\Downloads\Vaishnavi_s_Thesis\automation\results_behavior_windows\refractory\coupling_rl1_c1\raw_runs\map_0397.log,C:\Users\vchat\Downloads\Vaishnavi_s_Thesis\automation\results_behavior_windows\refractory\coupling_rl1_c1\plots\map_0397.png,,,
398,ok,8000.0,2.300000000000001e-08,C:\Users\vchat\Downloads\Vaishnavi_s_Thesis\automation\results_behavior_windows\refractory\coupling_rl1_c1\raw_runs\map_0398.raw,C:\Users\vchat\Downloads\Vaishnavi_s_Thesis\automation\results_behavior_windows\refractory\coupling_rl1_c1\raw_runs\map_0398.log,C:\Users\vchat\Downloads\Vaishnavi_s_Thesis\automation\results_behavior_windows\refractory\coupling_rl1_c1\plots\map_0398.png,,,
399,ok,8050.0,2.0000000000000004e-08,C:\Users\vchat\Downloads\Vaishnavi_s_Thesis\automation\results_behavior_windows\refractory\coupling_rl1_c1\raw_runs\map_0399.raw,C:\Users\vchat\Downloads\Vaishnavi_s_Thesis\automation\results_behavior_windows\refractory\coupling_rl1_c1\raw_runs\map_0399.log,C:\Users\vchat\Downloads\Vaishnavi_s_Thesis\automation\results_behavior_windows\refractory\coupling_rl1_c1\plots\map_0399.png,,,
400,ok,8050.0,2.0155895493221232e-08,C:\Users\vchat\Downloads\Vaishnavi_s_Thesis\automation\results_behavior_windows\refractory\coupling_rl1_c1\raw_runs\map_0400.raw,C:\Users\vchat\Downloads\Vaishnavi_s_Thesis\automation\results_behavior_windows\refractory\coupling_rl1_c1\raw_runs\map_0400.log,C:\Users\vchat\Downloads\Vaishnavi_s_Thesis\automation\results_behavior_windows\refractory\coupling_rl1_c1\plots\map_0400.png,,,
401,ok,8050.0,2.0313006156682795e-08,C:\Users\vchat\Downloads\Vaishnavi_s_Thesis\automation\results_behavior_windows\refractory\coupling_rl1_c1\raw_runs\map_0401.raw,C:\Users\vchat\Downloads\Vaishnavi_s_Thesis\automation\results_behavior_windows\refractory\coupling_rl1_c1\raw_runs\map_0401.log,C:\Users\vchat\Downloads\Vaishnavi_s_Thesis\automation\results_behavior_windows\refractory\coupling_rl1_c1\plots\map_0401.png,,,
402,ok,8050.0,2.047134146236293e-08,C:\Users\vchat\Downloads\Vaishnavi_s_Thesis\automation\results_behavior_windows\refractory\coupling_rl1_c1\raw_runs\map_0402.raw,C:\Users\vchat\Downloads\Vaishnavi_s_Thesis\automation\results_behavior_windows\refractory\coupling_rl1_c1\raw_runs\map_0402.log,C:\Users\vchat\Downloads\Vaishnavi_s_Thesis\automation\results_behavior_windows\refractory\coupling_rl1_c1\plots\map_0402.png,,,
403,ok,8050.0,2.0630910956071693e-08,C:\Users\vchat\Downloads\Vaishnavi_s_Thesis\automation\results_behavior_windows\refractory\coupling_rl1_c1\raw_runs\map_0403.raw,C:\Users\vchat\Downloads\Vaishnavi_s_Thesis\automation\results_behavior_windows\refractory\coupling_rl1_c1\raw_runs\map_0403.log,C:\Users\vchat\Downloads\Vaishnavi_s_Thesis\automation\results_behavior_windows\refractory\coupling_rl1_c1\plots\map_0403.png,,,
404,ok,8050.0,2.0791724258026693e-08,C:\Users\vchat\Downloads\Vaishnavi_s_Thesis\automation\results_behavior_windows\refractory\coupling_rl1_c1\raw_runs\map_0404.raw,C:\Users\vchat\Downloads\Vaishnavi_s_Thesis\automation\results_behavior_windows\refractory\coupling_rl1_c1\raw_runs\map_0404.log,C:\Users\vchat\Downloads\Vaishnavi_s_Thesis\automation\results_behavior_windows\refractory\coupling_rl1_c1\plots\map_0404.png,,,
405,ok,8050.0,2.0953791063432937e-08,C:\Users\vchat\Downloads\Vaishnavi_s_Thesis\automation\results_behavior_windows\refractory\coupling_rl1_c1\raw_runs\map_0405.raw,C:\Users\vchat\Downloads\Vaishnavi_s_Thesis\automation\results_behavior_windows\refractory\coupling_rl1_c1\raw_runs\map_0405.log,C:\Users\vchat\Downloads\Vaishnavi_s_Thesis\automation\results_behavior_windows\refractory\coupling_rl1_c1\plots\map_0405.png,,,
406,ok,8050.0,2.11171211430674e-08,C:\Users\vchat\Downloads\Vaishnavi_s_Thesis\automation\results_behavior_windows\refractory\coupling_rl1_c1\raw_runs\map_0406.raw,C:\Users\vchat\Downloads\Vaishnavi_s_Thesis\automation\results_behavior_windows\refractory\coupling_rl1_c1\raw_runs\map_0406.log,C:\Users\vchat\Downloads\Vaishnavi_s_Thesis\automation\results_behavior_windows\refractory\coupling_rl1_c1\plots\map_0406.png,,,
407,ok,8050.0,2.1281724343867947e-08,C:\Users\vchat\Downloads\Vaishnavi_s_Thesis\automation\results_behavior_windows\refractory\coupling_rl1_c1\raw_runs\map_0407.raw,C:\Users\vchat\Downloads\Vaishnavi_s_Thesis\automation\results_behavior_windows\refractory\coupling_rl1_c1\raw_runs\map_0407.log,C:\Users\vchat\Downloads\Vaishnavi_s_Thesis\automation\results_behavior_windows\refractory\coupling_rl1_c1\plots\map_0407.png,,,
408,ok,8050.0,2.144761058952722e-08,C:\Users\vchat\Downloads\Vaishnavi_s_Thesis\automation\results_behavior_windows\refractory\coupling_rl1_c1\raw_runs\map_0408.raw,C:\Users\vchat\Downloads\Vaishnavi_s_Thesis\automation\results_behavior_windows\refractory\coupling_rl1_c1\raw_runs\map_0408.log,C:\Users\vchat\Downloads\Vaishnavi_s_Thesis\automation\results_behavior_windows\refractory\coupling_rl1_c1\plots\map_0408.png,,,
409,ok,8050.0,2.1614789881090783e-08,C:\Users\vchat\Downloads\Vaishnavi_s_Thesis\automation\results_behavior_windows\refractory\coupling_rl1_c1\raw_runs\map_0409.raw,C:\Users\vchat\Downloads\Vaishnavi_s_Thesis\automation\results_behavior_windows\refractory\coupling_rl1_c1\raw_runs\map_0409.log,C:\Users\vchat\Downloads\Vaishnavi_s_Thesis\automation\results_behavior_windows\refractory\coupling_rl1_c1\plots\map_0409.png,,,
410,ok,8050.0,2.1783272297560075e-08,C:\Users\vchat\Downloads\Vaishnavi_s_Thesis\automation\results_behavior_windows\refractory\coupling_rl1_c1\raw_runs\map_0410.raw,C:\Users\vchat\Downloads\Vaishnavi_s_Thesis\automation\results_behavior_windows\refractory\coupling_rl1_c1\raw_runs\map_0410.log,C:\Users\vchat\Downloads\Vaishnavi_s_Thesis\automation\results_behavior_windows\refractory\coupling_rl1_c1\plots\map_0410.png,,,
411,ok,8050.0,2.1953067996500143e-08,C:\Users\vchat\Downloads\Vaishnavi_s_Thesis\automation\results_behavior_windows\refractory\coupling_rl1_c1\raw_runs\map_0411.raw,C:\Users\vchat\Downloads\Vaishnavi_s_Thesis\automation\results_behavior_windows\refractory\coupling_rl1_c1\raw_runs\map_0411.log,C:\Users\vchat\Downloads\Vaishnavi_s_Thesis\automation\results_behavior_windows\refractory\coupling_rl1_c1\plots\map_0411.png,,,
412,ok,8050.0,2.2124187214651817e-08,C:\Users\vchat\Downloads\Vaishnavi_s_Thesis\automation\results_behavior_windows\refractory\coupling_rl1_c1\raw_runs\map_0412.raw,C:\Users\vchat\Downloads\Vaishnavi_s_Thesis\automation\results_behavior_windows\refractory\coupling_rl1_c1\raw_runs\map_0412.log,C:\Users\vchat\Downloads\Vaishnavi_s_Thesis\automation\results_behavior_windows\refractory\coupling_rl1_c1\plots\map_0412.png,,,
413,ok,8050.0,2.2296640268549164e-08,C:\Users\vchat\Downloads\Vaishnavi_s_Thesis\automation\results_behavior_windows\refractory\coupling_rl1_c1\raw_runs\map_0413.raw,C:\Users\vchat\Downloads\Vaishnavi_s_Thesis\automation\results_behavior_windows\refractory\coupling_rl1_c1\raw_runs\map_0413.log,C:\Users\vchat\Downloads\Vaishnavi_s_Thesis\automation\results_behavior_windows\refractory\coupling_rl1_c1\plots\map_0413.png,,,
414,ok,8050.0,2.2470437555141253e-08,C:\Users\vchat\Downloads\Vaishnavi_s_Thesis\automation\results_behavior_windows\refractory\coupling_rl1_c1\raw_runs\map_0414.raw,C:\Users\vchat\Downloads\Vaishnavi_s_Thesis\automation\results_behavior_windows\refractory\coupling_rl1_c1\raw_runs\map_0414.log,C:\Users\vchat\Downloads\Vaishnavi_s_Thesis\automation\results_behavior_windows\refractory\coupling_rl1_c1\plots\map_0414.png,,,
415,ok,8050.0,2.2645589552419077e-08,C:\Users\vchat\Downloads\Vaishnavi_s_Thesis\automation\results_behavior_windows\refractory\coupling_rl1_c1\raw_runs\map_0415.raw,C:\Users\vchat\Downloads\Vaishnavi_s_Thesis\automation\results_behavior_windows\refractory\coupling_rl1_c1\raw_runs\map_0415.log,C:\Users\vchat\Downloads\Vaishnavi_s_Thesis\automation\results_behavior_windows\refractory\coupling_rl1_c1\plots\map_0415.png,,,
416,ok,8050.0,2.282210682004707e-08,C:\Users\vchat\Downloads\Vaishnavi_s_Thesis\automation\results_behavior_windows\refractory\coupling_rl1_c1\raw_runs\map_0416.raw,C:\Users\vchat\Downloads\Vaishnavi_s_Thesis\automation\results_behavior_windows\refractory\coupling_rl1_c1\raw_runs\map_0416.log,C:\Users\vchat\Downloads\Vaishnavi_s_Thesis\automation\results_behavior_windows\refractory\coupling_rl1_c1\plots\map_0416.png,,,
417,ok,8050.0,2.300000000000001e-08,C:\Users\vchat\Downloads\Vaishnavi_s_Thesis\automation\results_behavior_windows\refractory\coupling_rl1_c1\raw_runs\map_0417.raw,C:\Users\vchat\Downloads\Vaishnavi_s_Thesis\automation\results_behavior_windows\refractory\coupling_rl1_c1\raw_runs\map_0417.log,C:\Users\vchat\Downloads\Vaishnavi_s_Thesis\automation\results_behavior_windows\refractory\coupling_rl1_c1\plots\map_0417.png,,,
418,ok,8100.0,2.0000000000000004e-08,C:\Users\vchat\Downloads\Vaishnavi_s_Thesis\automation\results_behavior_windows\refractory\coupling_rl1_c1\raw_runs\map_0418.raw,C:\Users\vchat\Downloads\Vaishnavi_s_Thesis\automation\results_behavior_windows\refractory\coupling_rl1_c1\raw_runs\map_0418.log,C:\Users\vchat\Downloads\Vaishnavi_s_Thesis\automation\results_behavior_windows\refractory\coupling_rl1_c1\plots\map_0418.png,,,
419,ok,8100.0,2.0155895493221232e-08,C:\Users\vchat\Downloads\Vaishnavi_s_Thesis\automation\results_behavior_windows\refractory\coupling_rl1_c1\raw_runs\map_0419.raw,C:\Users\vchat\Downloads\Vaishnavi_s_Thesis\automation\results_behavior_windows\refractory\coupling_rl1_c1\raw_runs\map_0419.log,C:\Users\vchat\Downloads\Vaishnavi_s_Thesis\automation\results_behavior_windows\refractory\coupling_rl1_c1\plots\map_0419.png,,,
420,ok,8100.0,2.0313006156682795e-08,C:\Users\vchat\Downloads\Vaishnavi_s_Thesis\automation\results_behavior_windows\refractory\coupling_rl1_c1\raw_runs\map_0420.raw,C:\Users\vchat\Downloads\Vaishnavi_s_Thesis\automation\results_behavior_windows\refractory\coupling_rl1_c1\raw_runs\map_0420.log,C:\Users\vchat\Downloads\Vaishnavi_s_Thesis\automation\results_behavior_windows\refractory\coupling_rl1_c1\plots\map_0420.png,,,
421,ok,8100.0,2.047134146236293e-08,C:\Users\vchat\Downloads\Vaishnavi_s_Thesis\automation\results_behavior_windows\refractory\coupling_rl1_c1\raw_runs\map_0421.raw,C:\Users\vchat\Downloads\Vaishnavi_s_Thesis\automation\results_behavior_windows\refractory\coupling_rl1_c1\raw_runs\map_0421.log,C:\Users\vchat\Downloads\Vaishnavi_s_Thesis\automation\results_behavior_windows\refractory\coupling_rl1_c1\plots\map_0421.png,,,
422,ok,8100.0,2.0630910956071693e-08,C:\Users\vchat\Downloads\Vaishnavi_s_Thesis\automation\results_behavior_windows\refractory\coupling_rl1_c1\raw_runs\map_0422.raw,C:\Users\vchat\Downloads\Vaishnavi_s_Thesis\automation\results_behavior_windows\refractory\coupling_rl1_c1\raw_runs\map_0422.log,C:\Users\vchat\Downloads\Vaishnavi_s_Thesis\automation\results_behavior_windows\refractory\coupling_rl1_c1\plots\map_0422.png,,,
423,ok,8100.0,2.0791724258026693e-08,C:\Users\vchat\Downloads\Vaishnavi_s_Thesis\automation\results_behavior_windows\refractory\coupling_rl1_c1\raw_runs\map_0423.raw,C:\Users\vchat\Downloads\Vaishnavi_s_Thesis\automation\results_behavior_windows\refractory\coupling_rl1_c1\raw_runs\map_0423.log,C:\Users\vchat\Downloads\Vaishnavi_s_Thesis\automation\results_behavior_windows\refractory\coupling_rl1_c1\plots\map_0423.png,,,
424,ok,8100.0,2.0953791063432937e-08,C:\Users\vchat\Downloads\Vaishnavi_s_Thesis\automation\results_behavior_windows\refractory\coupling_rl1_c1\raw_runs\map_0424.raw,C:\Users\vchat\Downloads\Vaishnavi_s_Thesis\automation\results_behavior_windows\refractory\coupling_rl1_c1\raw_runs\map_0424.log,C:\Users\vchat\Downloads\Vaishnavi_s_Thesis\automation\results_behavior_windows\refractory\coupling_rl1_c1\plots\map_0424.png,,,
425,ok,8100.0,2.11171211430674e-08,C:\Users\vchat\Downloads\Vaishnavi_s_Thesis\automation\results_behavior_windows\refractory\coupling_rl1_c1\raw_runs\map_0425.raw,C:\Users\vchat\Downloads\Vaishnavi_s_Thesis\automation\results_behavior_windows\refractory\coupling_rl1_c1\raw_runs\map_0425.log,C:\Users\vchat\Downloads\Vaishnavi_s_Thesis\automation\results_behavior_windows\refractory\coupling_rl1_c1\plots\map_0425.png,,,
426,ok,8100.0,2.1281724343867947e-08,C:\Users\vchat\Downloads\Vaishnavi_s_Thesis\automation\results_behavior_windows\refractory\coupling_rl1_c1\raw_runs\map_0426.raw,C:\Users\vchat\Downloads\Vaishnavi_s_Thesis\automation\results_behavior_windows\refractory\coupling_rl1_c1\raw_runs\map_0426.log,C:\Users\vchat\Downloads\Vaishnavi_s_Thesis\automation\results_behavior_windows\refractory\coupling_rl1_c1\plots\map_0426.png,,,
427,ok,8100.0,2.144761058952722e-08,C:\Users\vchat\Downloads\Vaishnavi_s_Thesis\automation\results_behavior_windows\refractory\coupling_rl1_c1\raw_runs\map_0427.raw,C:\Users\vchat\Downloads\Vaishnavi_s_Thesis\automation\results_behavior_windows\refractory\coupling_rl1_c1\raw_runs\map_0427.log,C:\Users\vchat\Downloads\Vaishnavi_s_Thesis\automation\results_behavior_windows\refractory\coupling_rl1_c1\plots\map_0427.png,,,
428,ok,8100.0,2.1614789881090783e-08,C:\Users\vchat\Downloads\Vaishnavi_s_Thesis\automation\results_behavior_windows\refractory\coupling_rl1_c1\raw_runs\map_0428.raw,C:\Users\vchat\Downloads\Vaishnavi_s_Thesis\automation\results_behavior_windows\refractory\coupling_rl1_c1\raw_runs\map_0428.log,C:\Users\vchat\Downloads\Vaishnavi_s_Thesis\automation\results_behavior_windows\refractory\coupling_rl1_c1\plots\map_0428.png,,,
429,ok,8100.0,2.1783272297560075e-08,C:\Users\vchat\Downloads\Vaishnavi_s_Thesis\automation\results_behavior_windows\refractory\coupling_rl1_c1\raw_runs\map_0429.raw,C:\Users\vchat\Downloads\Vaishnavi_s_Thesis\automation\results_behavior_windows\refractory\coupling_rl1_c1\raw_runs\map_0429.log,C:\Users\vchat\Downloads\Vaishnavi_s_Thesis\automation\results_behavior_windows\refractory\coupling_rl1_c1\plots\map_0429.png,,,
430,ok,8100.0,2.1953067996500143e-08,C:\Users\vchat\Downloads\Vaishnavi_s_Thesis\automation\results_behavior_windows\refractory\coupling_rl1_c1\raw_runs\map_0430.raw,C:\Users\vchat\Downloads\Vaishnavi_s_Thesis\automation\results_behavior_windows\refractory\coupling_rl1_c1\raw_runs\map_0430.log,C:\Users\vchat\Downloads\Vaishnavi_s_Thesis\automation\results_behavior_windows\refractory\coupling_rl1_c1\plots\map_0430.png,,,
431,ok,8100.0,2.2124187214651817e-08,C:\Users\vchat\Downloads\Vaishnavi_s_Thesis\automation\results_behavior_windows\refractory\coupling_rl1_c1\raw_runs\map_0431.raw,C:\Users\vchat\Downloads\Vaishnavi_s_Thesis\automation\results_behavior_windows\refractory\coupling_rl1_c1\raw_runs\map_0431.log,C:\Users\vchat\Downloads\Vaishnavi_s_Thesis\automation\results_behavior_windows\refractory\coupling_rl1_c1\plots\map_0431.png,,,
432,ok,8100.0,2.2296640268549164e-08,C:\Users\vchat\Downloads\Vaishnavi_s_Thesis\automation\results_behavior_windows\refractory\coupling_rl1_c1\raw_runs\map_0432.raw,C:\Users\vchat\Downloads\Vaishnavi_s_Thesis\automation\results_behavior_windows\refractory\coupling_rl1_c1\raw_runs\map_0432.log,C:\Users\vchat\Downloads\Vaishnavi_s_Thesis\automation\results_behavior_windows\refractory\coupling_rl1_c1\plots\map_0432.png,,,
433,ok,8100.0,2.2470437555141253e-08,C:\Users\vchat\Downloads\Vaishnavi_s_Thesis\automation\results_behavior_windows\refractory\coupling_rl1_c1\raw_runs\map_0433.raw,C:\Users\vchat\Downloads\Vaishnavi_s_Thesis\automation\results_behavior_windows\refractory\coupling_rl1_c1\raw_runs\map_0433.log,C:\Users\vchat\Downloads\Vaishnavi_s_Thesis\automation\results_behavior_windows\refractory\coupling_rl1_c1\plots\map_0433.png,,,
434,ok,8100.0,2.2645589552419077e-08,C:\Users\vchat\Downloads\Vaishnavi_s_Thesis\automation\results_behavior_windows\refractory\coupling_rl1_c1\raw_runs\map_0434.raw,C:\Users\vchat\Downloads\Vaishnavi_s_Thesis\automation\results_behavior_windows\refractory\coupling_rl1_c1\raw_runs\map_0434.log,C:\Users\vchat\Downloads\Vaishnavi_s_Thesis\automation\results_behavior_windows\refractory\coupling_rl1_c1\plots\map_0434.png,,,
435,ok,8100.0,2.282210682004707e-08,C:\Users\vchat\Downloads\Vaishnavi_s_Thesis\automation\results_behavior_windows\refractory\coupling_rl1_c1\raw_runs\map_0435.raw,C:\Users\vchat\Downloads\Vaishnavi_s_Thesis\automation\results_behavior_windows\refractory\coupling_rl1_c1\raw_runs\map_0435.log,C:\Users\vchat\Downloads\Vaishnavi_s_Thesis\automation\results_behavior_windows\refractory\coupling_rl1_c1\plots\map_0435.png,,,
436,ok,8100.0,2.300000000000001e-08,C:\Users\vchat\Downloads\Vaishnavi_s_Thesis\automation\results_behavior_windows\refractory\coupling_rl1_c1\raw_runs\map_0436.raw,C:\Users\vchat\Downloads\Vaishnavi_s_Thesis\automation\results_behavior_windows\refractory\coupling_rl1_c1\raw_runs\map_0436.log,C:\Users\vchat\Downloads\Vaishnavi_s_Thesis\automation\results_behavior_windows\refractory\coupling_rl1_c1\plots\map_0436.png,,,
437,ok,8150.0,2.0000000000000004e-08,C:\Users\vchat\Downloads\Vaishnavi_s_Thesis\automation\results_behavior_windows\refractory\coupling_rl1_c1\raw_runs\map_0437.raw,C:\Users\vchat\Downloads\Vaishnavi_s_Thesis\automation\results_behavior_windows\refractory\coupling_rl1_c1\raw_runs\map_0437.log,C:\Users\vchat\Downloads\Vaishnavi_s_Thesis\automation\results_behavior_windows\refractory\coupling_rl1_c1\plots\map_0437.png,,,
438,ok,8150.0,2.0155895493221232e-08,C:\Users\vchat\Downloads\Vaishnavi_s_Thesis\automation\results_behavior_windows\refractory\coupling_rl1_c1\raw_runs\map_0438.raw,C:\Users\vchat\Downloads\Vaishnavi_s_Thesis\automation\results_behavior_windows\refractory\coupling_rl1_c1\raw_runs\map_0438.log,C:\Users\vchat\Downloads\Vaishnavi_s_Thesis\automation\results_behavior_windows\refractory\coupling_rl1_c1\plots\map_0438.png,,,
439,ok,8150.0,2.0313006156682795e-08,C:\Users\vchat\Downloads\Vaishnavi_s_Thesis\automation\results_behavior_windows\refractory\coupling_rl1_c1\raw_runs\map_0439.raw,C:\Users\vchat\Downloads\Vaishnavi_s_Thesis\automation\results_behavior_windows\refractory\coupling_rl1_c1\raw_runs\map_0439.log,C:\Users\vchat\Downloads\Vaishnavi_s_Thesis\automation\results_behavior_windows\refractory\coupling_rl1_c1\plots\map_0439.png,,,
440,ok,8150.0,2.047134146236293e-08,C:\Users\vchat\Downloads\Vaishnavi_s_Thesis\automation\results_behavior_windows\refractory\coupling_rl1_c1\raw_runs\map_0440.raw,C:\Users\vchat\Downloads\Vaishnavi_s_Thesis\automation\results_behavior_windows\refractory\coupling_rl1_c1\raw_runs\map_0440.log,C:\Users\vchat\Downloads\Vaishnavi_s_Thesis\automation\results_behavior_windows\refractory\coupling_rl1_c1\plots\map_0440.png,,,
441,ok,8150.0,2.0630910956071693e-08,C:\Users\vchat\Downloads\Vaishnavi_s_Thesis\automation\results_behavior_windows\refractory\coupling_rl1_c1\raw_runs\map_0441.raw,C:\Users\vchat\Downloads\Vaishnavi_s_Thesis\automation\results_behavior_windows\refractory\coupling_rl1_c1\raw_runs\map_0441.log,C:\Users\vchat\Downloads\Vaishnavi_s_Thesis\automation\results_behavior_windows\refractory\coupling_rl1_c1\plots\map_0441.png,,,
442,ok,8150.0,2.0791724258026693e-08,C:\Users\vchat\Downloads\Vaishnavi_s_Thesis\automation\results_behavior_windows\refractory\coupling_rl1_c1\raw_runs\map_0442.raw,C:\Users\vchat\Downloads\Vaishnavi_s_Thesis\automation\results_behavior_windows\refractory\coupling_rl1_c1\raw_runs\map_0442.log,C:\Users\vchat\Downloads\Vaishnavi_s_Thesis\automation\results_behavior_windows\refractory\coupling_rl1_c1\plots\map_0442.png,,,
443,ok,8150.0,2.0953791063432937e-08,C:\Users\vchat\Downloads\Vaishnavi_s_Thesis\automation\results_behavior_windows\refractory\coupling_rl1_c1\raw_runs\map_0443.raw,C:\Users\vchat\Downloads\Vaishnavi_s_Thesis\automation\results_behavior_windows\refractory\coupling_rl1_c1\raw_runs\map_0443.log,C:\Users\vchat\Downloads\Vaishnavi_s_Thesis\automation\results_behavior_windows\refractory\coupling_rl1_c1\plots\map_0443.png,,,
444,ok,8150.0,2.11171211430674e-08,C:\Users\vchat\Downloads\Vaishnavi_s_Thesis\automation\results_behavior_windows\refractory\coupling_rl1_c1\raw_runs\map_0444.raw,C:\Users\vchat\Downloads\Vaishnavi_s_Thesis\automation\results_behavior_windows\refractory\coupling_rl1_c1\raw_runs\map_0444.log,C:\Users\vchat\Downloads\Vaishnavi_s_Thesis\automation\results_behavior_windows\refractory\coupling_rl1_c1\plots\map_0444.png,,,
445,ok,8150.0,2.1281724343867947e-08,C:\Users\vchat\Downloads\Vaishnavi_s_Thesis\automation\results_behavior_windows\refractory\coupling_rl1_c1\raw_runs\map_0445.raw,C:\Users\vchat\Downloads\Vaishnavi_s_Thesis\automation\results_behavior_windows\refractory\coupling_rl1_c1\raw_runs\map_0445.log,C:\Users\vchat\Downloads\Vaishnavi_s_Thesis\automation\results_behavior_windows\refractory\coupling_rl1_c1\plots\map_0445.png,,,
446,ok,8150.0,2.144761058952722e-08,C:\Users\vchat\Downloads\Vaishnavi_s_Thesis\automation\results_behavior_windows\refractory\coupling_rl1_c1\raw_runs\map_0446.raw,C:\Users\vchat\Downloads\Vaishnavi_s_Thesis\automation\results_behavior_windows\refractory\coupling_rl1_c1\raw_runs\map_0446.log,C:\Users\vchat\Downloads\Vaishnavi_s_Thesis\automation\results_behavior_windows\refractory\coupling_rl1_c1\plots\map_0446.png,,,
447,ok,8150.0,2.1614789881090783e-08,C:\Users\vchat\Downloads\Vaishnavi_s_Thesis\automation\results_behavior_windows\refractory\coupling_rl1_c1\raw_runs\map_0447.raw,C:\Users\vchat\Downloads\Vaishnavi_s_Thesis\automation\results_behavior_windows\refractory\coupling_rl1_c1\raw_runs\map_0447.log,C:\Users\vchat\Downloads\Vaishnavi_s_Thesis\automation\results_behavior_windows\refractory\coupling_rl1_c1\plots\map_0447.png,,,
448,ok,8150.0,2.1783272297560075e-08,C:\Users\vchat\Downloads\Vaishnavi_s_Thesis\automation\results_behavior_windows\refractory\coupling_rl1_c1\raw_runs\map_0448.raw,C:\Users\vchat\Downloads\Vaishnavi_s_Thesis\automation\results_behavior_windows\refractory\coupling_rl1_c1\raw_runs\map_0448.log,C:\Users\vchat\Downloads\Vaishnavi_s_Thesis\automation\results_behavior_windows\refractory\coupling_rl1_c1\plots\map_0448.png,,,
449,ok,8150.0,2.1953067996500143e-08,C:\Users\vchat\Downloads\Vaishnavi_s_Thesis\automation\results_behavior_windows\refractory\coupling_rl1_c1\raw_runs\map_0449.raw,C:\Users\vchat\Downloads\Vaishnavi_s_Thesis\automation\results_behavior_windows\refractory\coupling_rl1_c1\raw_runs\map_0449.log,C:\Users\vchat\Downloads\Vaishnavi_s_Thesis\automation\results_behavior_windows\refractory\coupling_rl1_c1\plots\map_0449.png,,,
450,ok,8150.0,2.2124187214651817e-08,C:\Users\vchat\Downloads\Vaishnavi_s_Thesis\automation\results_behavior_windows\refractory\coupling_rl1_c1\raw_runs\map_0450.raw,C:\Users\vchat\Downloads\Vaishnavi_s_Thesis\automation\results_behavior_windows\refractory\coupling_rl1_c1\raw_runs\map_0450.log,C:\Users\vchat\Downloads\Vaishnavi_s_Thesis\automation\results_behavior_windows\refractory\coupling_rl1_c1\plots\map_0450.png,,,
451,ok,8150.0,2.2296640268549164e-08,C:\Users\vchat\Downloads\Vaishnavi_s_Thesis\automation\results_behavior_windows\refractory\coupling_rl1_c1\raw_runs\map_0451.raw,C:\Users\vchat\Downloads\Vaishnavi_s_Thesis\automation\results_behavior_windows\refractory\coupling_rl1_c1\raw_runs\map_0451.log,C:\Users\vchat\Downloads\Vaishnavi_s_Thesis\automation\results_behavior_windows\refractory\coupling_rl1_c1\plots\map_0451.png,,,
452,ok,8150.0,2.2470437555141253e-08,C:\Users\vchat\Downloads\Vaishnavi_s_Thesis\automation\results_behavior_windows\refractory\coupling_rl1_c1\raw_runs\map_0452.raw,C:\Users\vchat\Downloads\Vaishnavi_s_Thesis\automation\results_behavior_windows\refractory\coupling_rl1_c1\raw_runs\map_0452.log,C:\Users\vchat\Downloads\Vaishnavi_s_Thesis\automation\results_behavior_windows\refractory\coupling_rl1_c1\plots\map_0452.png,,,
453,ok,8150.0,2.2645589552419077e-08,C:\Users\vchat\Downloads\Vaishnavi_s_Thesis\automation\results_behavior_windows\refractory\coupling_rl1_c1\raw_runs\map_0453.raw,C:\Users\vchat\Downloads\Vaishnavi_s_Thesis\automation\results_behavior_windows\refractory\coupling_rl1_c1\raw_runs\map_0453.log,C:\Users\vchat\Downloads\Vaishnavi_s_Thesis\automation\results_behavior_windows\refractory\coupling_rl1_c1\plots\map_0453.png,,,
454,ok,8150.0,2.282210682004707e-08,C:\Users\vchat\Downloads\Vaishnavi_s_Thesis\automation\results_behavior_windows\refractory\coupling_rl1_c1\raw_runs\map_0454.raw,C:\Users\vchat\Downloads\Vaishnavi_s_Thesis\automation\results_behavior_windows\refractory\coupling_rl1_c1\raw_runs\map_0454.log,C:\Users\vchat\Downloads\Vaishnavi_s_Thesis\automation\results_behavior_windows\refractory\coupling_rl1_c1\plots\map_0454.png,,,
455,ok,8150.0,2.300000000000001e-08,C:\Users\vchat\Downloads\Vaishnavi_s_Thesis\automation\results_behavior_windows\refractory\coupling_rl1_c1\raw_runs\map_0455.raw,C:\Users\vchat\Downloads\Vaishnavi_s_Thesis\automation\results_behavior_windows\refractory\coupling_rl1_c1\raw_runs\map_0455.log,C:\Users\vchat\Downloads\Vaishnavi_s_Thesis\automation\results_behavior_windows\refractory\coupling_rl1_c1\plots\map_0455.png,,,
456,ok,8200.0,2.0000000000000004e-08,C:\Users\vchat\Downloads\Vaishnavi_s_Thesis\automation\results_behavior_windows\refractory\coupling_rl1_c1\raw_runs\map_0456.raw,C:\Users\vchat\Downloads\Vaishnavi_s_Thesis\automation\results_behavior_windows\refractory\coupling_rl1_c1\raw_runs\map_0456.log,C:\Users\vchat\Downloads\Vaishnavi_s_Thesis\automation\results_behavior_windows\refractory\coupling_rl1_c1\plots\map_0456.png,,,
457,ok,8200.0,2.0155895493221232e-08,C:\Users\vchat\Downloads\Vaishnavi_s_Thesis\automation\results_behavior_windows\refractory\coupling_rl1_c1\raw_runs\map_0457.raw,C:\Users\vchat\Downloads\Vaishnavi_s_Thesis\automation\results_behavior_windows\refractory\coupling_rl1_c1\raw_runs\map_0457.log,C:\Users\vchat\Downloads\Vaishnavi_s_Thesis\automation\results_behavior_windows\refractory\coupling_rl1_c1\plots\map_0457.png,,,
458,ok,8200.0,2.0313006156682795e-08,C:\Users\vchat\Downloads\Vaishnavi_s_Thesis\automation\results_behavior_windows\refractory\coupling_rl1_c1\raw_runs\map_0458.raw,C:\Users\vchat\Downloads\Vaishnavi_s_Thesis\automation\results_behavior_windows\refractory\coupling_rl1_c1\raw_runs\map_0458.log,C:\Users\vchat\Downloads\Vaishnavi_s_Thesis\automation\results_behavior_windows\refractory\coupling_rl1_c1\plots\map_0458.png,,,
459,ok,8200.0,2.047134146236293e-08,C:\Users\vchat\Downloads\Vaishnavi_s_Thesis\automation\results_behavior_windows\refractory\coupling_rl1_c1\raw_runs\map_0459.raw,C:\Users\vchat\Downloads\Vaishnavi_s_Thesis\automation\results_behavior_windows\refractory\coupling_rl1_c1\raw_runs\map_0459.log,C:\Users\vchat\Downloads\Vaishnavi_s_Thesis\automation\results_behavior_windows\refractory\coupling_rl1_c1\plots\map_0459.png,,,
460,ok,8200.0,2.0630910956071693e-08,C:\Users\vchat\Downloads\Vaishnavi_s_Thesis\automation\results_behavior_windows\refractory\coupling_rl1_c1\raw_runs\map_0460.raw,C:\Users\vchat\Downloads\Vaishnavi_s_Thesis\automation\results_behavior_windows\refractory\coupling_rl1_c1\raw_runs\map_0460.log,C:\Users\vchat\Downloads\Vaishnavi_s_Thesis\automation\results_behavior_windows\refractory\coupling_rl1_c1\plots\map_0460.png,,,
461,ok,8200.0,2.0791724258026693e-08,C:\Users\vchat\Downloads\Vaishnavi_s_Thesis\automation\results_behavior_windows\refractory\coupling_rl1_c1\raw_runs\map_0461.raw,C:\Users\vchat\Downloads\Vaishnavi_s_Thesis\automation\results_behavior_windows\refractory\coupling_rl1_c1\raw_runs\map_0461.log,C:\Users\vchat\Downloads\Vaishnavi_s_Thesis\automation\results_behavior_windows\refractory\coupling_rl1_c1\plots\map_0461.png,,,
462,ok,8200.0,2.0953791063432937e-08,C:\Users\vchat\Downloads\Vaishnavi_s_Thesis\automation\results_behavior_windows\refractory\coupling_rl1_c1\raw_runs\map_0462.raw,C:\Users\vchat\Downloads\Vaishnavi_s_Thesis\automation\results_behavior_windows\refractory\coupling_rl1_c1\raw_runs\map_0462.log,C:\Users\vchat\Downloads\Vaishnavi_s_Thesis\automation\results_behavior_windows\refractory\coupling_rl1_c1\plots\map_0462.png,,,
463,ok,8200.0,2.11171211430674e-08,C:\Users\vchat\Downloads\Vaishnavi_s_Thesis\automation\results_behavior_windows\refractory\coupling_rl1_c1\raw_runs\map_0463.raw,C:\Users\vchat\Downloads\Vaishnavi_s_Thesis\automation\results_behavior_windows\refractory\coupling_rl1_c1\raw_runs\map_0463.log,C:\Users\vchat\Downloads\Vaishnavi_s_Thesis\automation\results_behavior_windows\refractory\coupling_rl1_c1\plots\map_0463.png,,,
464,ok,8200.0,2.1281724343867947e-08,C:\Users\vchat\Downloads\Vaishnavi_s_Thesis\automation\results_behavior_windows\refractory\coupling_rl1_c1\raw_runs\map_0464.raw,C:\Users\vchat\Downloads\Vaishnavi_s_Thesis\automation\results_behavior_windows\refractory\coupling_rl1_c1\raw_runs\map_0464.log,C:\Users\vchat\Downloads\Vaishnavi_s_Thesis\automation\results_behavior_windows\refractory\coupling_rl1_c1\plots\map_0464.png,,,
465,ok,8200.0,2.144761058952722e-08,C:\Users\vchat\Downloads\Vaishnavi_s_Thesis\automation\results_behavior_windows\refractory\coupling_rl1_c1\raw_runs\map_0465.raw,C:\Users\vchat\Downloads\Vaishnavi_s_Thesis\automation\results_behavior_windows\refractory\coupling_rl1_c1\raw_runs\map_0465.log,C:\Users\vchat\Downloads\Vaishnavi_s_Thesis\automation\results_behavior_windows\refractory\coupling_rl1_c1\plots\map_0465.png,,,
466,ok,8200.0,2.1614789881090783e-08,C:\Users\vchat\Downloads\Vaishnavi_s_Thesis\automation\results_behavior_windows\refractory\coupling_rl1_c1\raw_runs\map_0466.raw,C:\Users\vchat\Downloads\Vaishnavi_s_Thesis\automation\results_behavior_windows\refractory\coupling_rl1_c1\raw_runs\map_0466.log,C:\Users\vchat\Downloads\Vaishnavi_s_Thesis\automation\results_behavior_windows\refractory\coupling_rl1_c1\plots\map_0466.png,,,
467,ok,8200.0,2.1783272297560075e-08,C:\Users\vchat\Downloads\Vaishnavi_s_Thesis\automation\results_behavior_windows\refractory\coupling_rl1_c1\raw_runs\map_0467.raw,C:\Users\vchat\Downloads\Vaishnavi_s_Thesis\automation\results_behavior_windows\refractory\coupling_rl1_c1\raw_runs\map_0467.log,C:\Users\vchat\Downloads\Vaishnavi_s_Thesis\automation\results_behavior_windows\refractory\coupling_rl1_c1\plots\map_0467.png,,,
468,ok,8200.0,2.1953067996500143e-08,C:\Users\vchat\Downloads\Vaishnavi_s_Thesis\automation\results_behavior_windows\refractory\coupling_rl1_c1\raw_runs\map_0468.raw,C:\Users\vchat\Downloads\Vaishnavi_s_Thesis\automation\results_behavior_windows\refractory\coupling_rl1_c1\raw_runs\map_0468.log,C:\Users\vchat\Downloads\Vaishnavi_s_Thesis\automation\results_behavior_windows\refractory\coupling_rl1_c1\plots\map_0468.png,,,
469,ok,8200.0,2.2124187214651817e-08,C:\Users\vchat\Downloads\Vaishnavi_s_Thesis\automation\results_behavior_windows\refractory\coupling_rl1_c1\raw_runs\map_0469.raw,C:\Users\vchat\Downloads\Vaishnavi_s_Thesis\automation\results_behavior_windows\refractory\coupling_rl1_c1\raw_runs\map_0469.log,C:\Users\vchat\Downloads\Vaishnavi_s_Thesis\automation\results_behavior_windows\refractory\coupling_rl1_c1\plots\map_0469.png,,,
470,ok,8200.0,2.2296640268549164e-08,C:\Users\vchat\Downloads\Vaishnavi_s_Thesis\automation\results_behavior_windows\refractory\coupling_rl1_c1\raw_runs\map_0470.raw,C:\Users\vchat\Downloads\Vaishnavi_s_Thesis\automation\results_behavior_windows\refractory\coupling_rl1_c1\raw_runs\map_0470.log,C:\Users\vchat\Downloads\Vaishnavi_s_Thesis\automation\results_behavior_windows\refractory\coupling_rl1_c1\plots\map_0470.png,,,
471,ok,8200.0,2.2470437555141253e-08,C:\Users\vchat\Downloads\Vaishnavi_s_Thesis\automation\results_behavior_windows\refractory\coupling_rl1_c1\raw_runs\map_0471.raw,C:\Users\vchat\Downloads\Vaishnavi_s_Thesis\automation\results_behavior_windows\refractory\coupling_rl1_c1\raw_runs\map_0471.log,C:\Users\vchat\Downloads\Vaishnavi_s_Thesis\automation\results_behavior_windows\refractory\coupling_rl1_c1\plots\map_0471.png,,,
472,ok,8200.0,2.2645589552419077e-08,C:\Users\vchat\Downloads\Vaishnavi_s_Thesis\automation\results_behavior_windows\refractory\coupling_rl1_c1\raw_runs\map_0472.raw,C:\Users\vchat\Downloads\Vaishnavi_s_Thesis\automation\results_behavior_windows\refractory\coupling_rl1_c1\raw_runs\map_0472.log,C:\Users\vchat\Downloads\Vaishnavi_s_Thesis\automation\results_behavior_windows\refractory\coupling_rl1_c1\plots\map_0472.png,,,
473,ok,8200.0,2.282210682004707e-08,C:\Users\vchat\Downloads\Vaishnavi_s_Thesis\automation\results_behavior_windows\refractory\coupling_rl1_c1\raw_runs\map_0473.raw,C:\Users\vchat\Downloads\Vaishnavi_s_Thesis\automation\results_behavior_windows\refractory\coupling_rl1_c1\raw_runs\map_0473.log,C:\Users\vchat\Downloads\Vaishnavi_s_Thesis\automation\results_behavior_windows\refractory\coupling_rl1_c1\plots\map_0473.png,,,
474,ok,8200.0,2.300000000000001e-08,C:\Users\vchat\Downloads\Vaishnavi_s_Thesis\automation\results_behavior_windows\refractory\coupling_rl1_c1\raw_runs\map_0474.raw,C:\Users\vchat\Downloads\Vaishnavi_s_Thesis\automation\results_behavior_windows\refractory\coupling_rl1_c1\raw_runs\map_0474.log,C:\Users\vchat\Downloads\Vaishnavi_s_Thesis\automation\results_behavior_windows\refractory\coupling_rl1_c1\plots\map_0474.png,,,
475,ok,8250.0,2.0000000000000004e-08,C:\Users\vchat\Downloads\Vaishnavi_s_Thesis\automation\results_behavior_windows\refractory\coupling_rl1_c1\raw_runs\map_0475.raw,C:\Users\vchat\Downloads\Vaishnavi_s_Thesis\automation\results_behavior_windows\refractory\coupling_rl1_c1\raw_runs\map_0475.log,C:\Users\vchat\Downloads\Vaishnavi_s_Thesis\automation\results_behavior_windows\refractory\coupling_rl1_c1\plots\map_0475.png,,,
476,ok,8250.0,2.0155895493221232e-08,C:\Users\vchat\Downloads\Vaishnavi_s_Thesis\automation\results_behavior_windows\refractory\coupling_rl1_c1\raw_runs\map_0476.raw,C:\Users\vchat\Downloads\Vaishnavi_s_Thesis\automation\results_behavior_windows\refractory\coupling_rl1_c1\raw_runs\map_0476.log,C:\Users\vchat\Downloads\Vaishnavi_s_Thesis\automation\results_behavior_windows\refractory\coupling_rl1_c1\plots\map_0476.png,,,
477,ok,8250.0,2.0313006156682795e-08,C:\Users\vchat\Downloads\Vaishnavi_s_Thesis\automation\results_behavior_windows\refractory\coupling_rl1_c1\raw_runs\map_0477.raw,C:\Users\vchat\Downloads\Vaishnavi_s_Thesis\automation\results_behavior_windows\refractory\coupling_rl1_c1\raw_runs\map_0477.log,C:\Users\vchat\Downloads\Vaishnavi_s_Thesis\automation\results_behavior_windows\refractory\coupling_rl1_c1\plots\map_0477.png,,,
478,ok,8250.0,2.047134146236293e-08,C:\Users\vchat\Downloads\Vaishnavi_s_Thesis\automation\results_behavior_windows\refractory\coupling_rl1_c1\raw_runs\map_0478.raw,C:\Users\vchat\Downloads\Vaishnavi_s_Thesis\automation\results_behavior_windows\refractory\coupling_rl1_c1\raw_runs\map_0478.log,C:\Users\vchat\Downloads\Vaishnavi_s_Thesis\automation\results_behavior_windows\refractory\coupling_rl1_c1\plots\map_0478.png,,,
479,ok,8250.0,2.0630910956071693e-08,C:\Users\vchat\Downloads\Vaishnavi_s_Thesis\automation\results_behavior_windows\refractory\coupling_rl1_c1\raw_runs\map_0479.raw,C:\Users\vchat\Downloads\Vaishnavi_s_Thesis\automation\results_behavior_windows\refractory\coupling_rl1_c1\raw_runs\map_0479.log,C:\Users\vchat\Downloads\Vaishnavi_s_Thesis\automation\results_behavior_windows\refractory\coupling_rl1_c1\plots\map_0479.png,,,
480,ok,8250.0,2.0791724258026693e-08,C:\Users\vchat\Downloads\Vaishnavi_s_Thesis\automation\results_behavior_windows\refractory\coupling_rl1_c1\raw_runs\map_0480.raw,C:\Users\vchat\Downloads\Vaishnavi_s_Thesis\automation\results_behavior_windows\refractory\coupling_rl1_c1\raw_runs\map_0480.log,C:\Users\vchat\Downloads\Vaishnavi_s_Thesis\automation\results_behavior_windows\refractory\coupling_rl1_c1\plots\map_0480.png,,,
481,ok,8250.0,2.0953791063432937e-08,C:\Users\vchat\Downloads\Vaishnavi_s_Thesis\automation\results_behavior_windows\refractory\coupling_rl1_c1\raw_runs\map_0481.raw,C:\Users\vchat\Downloads\Vaishnavi_s_Thesis\automation\results_behavior_windows\refractory\coupling_rl1_c1\raw_runs\map_0481.log,C:\Users\vchat\Downloads\Vaishnavi_s_Thesis\automation\results_behavior_windows\refractory\coupling_rl1_c1\plots\map_0481.png,,,
482,ok,8250.0,2.11171211430674e-08,C:\Users\vchat\Downloads\Vaishnavi_s_Thesis\automation\results_behavior_windows\refractory\coupling_rl1_c1\raw_runs\map_0482.raw,C:\Users\vchat\Downloads\Vaishnavi_s_Thesis\automation\results_behavior_windows\refractory\coupling_rl1_c1\raw_runs\map_0482.log,C:\Users\vchat\Downloads\Vaishnavi_s_Thesis\automation\results_behavior_windows\refractory\coupling_rl1_c1\plots\map_0482.png,,,
483,ok,8250.0,2.1281724343867947e-08,C:\Users\vchat\Downloads\Vaishnavi_s_Thesis\automation\results_behavior_windows\refractory\coupling_rl1_c1\raw_runs\map_0483.raw,C:\Users\vchat\Downloads\Vaishnavi_s_Thesis\automation\results_behavior_windows\refractory\coupling_rl1_c1\raw_runs\map_0483.log,C:\Users\vchat\Downloads\Vaishnavi_s_Thesis\automation\results_behavior_windows\refractory\coupling_rl1_c1\plots\map_0483.png,,,
484,ok,8250.0,2.144761058952722e-08,C:\Users\vchat\Downloads\Vaishnavi_s_Thesis\automation\results_behavior_windows\refractory\coupling_rl1_c1\raw_runs\map_0484.raw,C:\Users\vchat\Downloads\Vaishnavi_s_Thesis\automation\results_behavior_windows\refractory\coupling_rl1_c1\raw_runs\map_0484.log,C:\Users\vchat\Downloads\Vaishnavi_s_Thesis\automation\results_behavior_windows\refractory\coupling_rl1_c1\plots\map_0484.png,,,
485,ok,8250.0,2.1614789881090783e-08,C:\Users\vchat\Downloads\Vaishnavi_s_Thesis\automation\results_behavior_windows\refractory\coupling_rl1_c1\raw_runs\map_0485.raw,C:\Users\vchat\Downloads\Vaishnavi_s_Thesis\automation\results_behavior_windows\refractory\coupling_rl1_c1\raw_runs\map_0485.log,C:\Users\vchat\Downloads\Vaishnavi_s_Thesis\automation\results_behavior_windows\refractory\coupling_rl1_c1\plots\map_0485.png,,,
486,ok,8250.0,2.1783272297560075e-08,C:\Users\vchat\Downloads\Vaishnavi_s_Thesis\automation\results_behavior_windows\refractory\coupling_rl1_c1\raw_runs\map_0486.raw,C:\Users\vchat\Downloads\Vaishnavi_s_Thesis\automation\results_behavior_windows\refractory\coupling_rl1_c1\raw_runs\map_0486.log,C:\Users\vchat\Downloads\Vaishnavi_s_Thesis\automation\results_behavior_windows\refractory\coupling_rl1_c1\plots\map_0486.png,,,
487,ok,8250.0,2.1953067996500143e-08,C:\Users\vchat\Downloads\Vaishnavi_s_Thesis\automation\results_behavior_windows\refractory\coupling_rl1_c1\raw_runs\map_0487.raw,C:\Users\vchat\Downloads\Vaishnavi_s_Thesis\automation\results_behavior_windows\refractory\coupling_rl1_c1\raw_runs\map_0487.log,C:\Users\vchat\Downloads\Vaishnavi_s_Thesis\automation\results_behavior_windows\refractory\coupling_rl1_c1\plots\map_0487.png,,,
488,ok,8250.0,2.2124187214651817e-08,C:\Users\vchat\Downloads\Vaishnavi_s_Thesis\automation\results_behavior_windows\refractory\coupling_rl1_c1\raw_runs\map_0488.raw,C:\Users\vchat\Downloads\Vaishnavi_s_Thesis\automation\results_behavior_windows\refractory\coupling_rl1_c1\raw_runs\map_0488.log,C:\Users\vchat\Downloads\Vaishnavi_s_Thesis\automation\results_behavior_windows\refractory\coupling_rl1_c1\plots\map_0488.png,,,
489,ok,8250.0,2.2296640268549164e-08,C:\Users\vchat\Downloads\Vaishnavi_s_Thesis\automation\results_behavior_windows\refractory\coupling_rl1_c1\raw_runs\map_0489.raw,C:\Users\vchat\Downloads\Vaishnavi_s_Thesis\automation\results_behavior_windows\refractory\coupling_rl1_c1\raw_runs\map_0489.log,C:\Users\vchat\Downloads\Vaishnavi_s_Thesis\automation\results_behavior_windows\refractory\coupling_rl1_c1\plots\map_0489.png,,,
490,ok,8250.0,2.2470437555141253e-08,C:\Users\vchat\Downloads\Vaishnavi_s_Thesis\automation\results_behavior_windows\refractory\coupling_rl1_c1\raw_runs\map_0490.raw,C:\Users\vchat\Downloads\Vaishnavi_s_Thesis\automation\results_behavior_windows\refractory\coupling_rl1_c1\raw_runs\map_0490.log,C:\Users\vchat\Downloads\Vaishnavi_s_Thesis\automation\results_behavior_windows\refractory\coupling_rl1_c1\plots\map_0490.png,,,
491,ok,8250.0,2.2645589552419077e-08,C:\Users\vchat\Downloads\Vaishnavi_s_Thesis\automation\results_behavior_windows\refractory\coupling_rl1_c1\raw_runs\map_0491.raw,C:\Users\vchat\Downloads\Vaishnavi_s_Thesis\automation\results_behavior_windows\refractory\coupling_rl1_c1\raw_runs\map_0491.log,C:\Users\vchat\Downloads\Vaishnavi_s_Thesis\automation\results_behavior_windows\refractory\coupling_rl1_c1\plots\map_0491.png,,,
492,ok,8250.0,2.282210682004707e-08,C:\Users\vchat\Downloads\Vaishnavi_s_Thesis\automation\results_behavior_windows\refractory\coupling_rl1_c1\raw_runs\map_0492.raw,C:\Users\vchat\Downloads\Vaishnavi_s_Thesis\automation\results_behavior_windows\refractory\coupling_rl1_c1\raw_runs\map_0492.log,C:\Users\vchat\Downloads\Vaishnavi_s_Thesis\automation\results_behavior_windows\refractory\coupling_rl1_c1\plots\map_0492.png,,,
493,ok,8250.0,2.300000000000001e-08,C:\Users\vchat\Downloads\Vaishnavi_s_Thesis\automation\results_behavior_windows\refractory\coupling_rl1_c1\raw_runs\map_0493.raw,C:\Users\vchat\Downloads\Vaishnavi_s_Thesis\automation\results_behavior_windows\refractory\coupling_rl1_c1\raw_runs\map_0493.log,C:\Users\vchat\Downloads\Vaishnavi_s_Thesis\automation\results_behavior_windows\refractory\coupling_rl1_c1\plots\map_0493.png,,,
494,ok,8300.0,2.0000000000000004e-08,C:\Users\vchat\Downloads\Vaishnavi_s_Thesis\automation\results_behavior_windows\refractory\coupling_rl1_c1\raw_runs\map_0494.raw,C:\Users\vchat\Downloads\Vaishnavi_s_Thesis\automation\results_behavior_windows\refractory\coupling_rl1_c1\raw_runs\map_0494.log,C:\Users\vchat\Downloads\Vaishnavi_s_Thesis\automation\results_behavior_windows\refractory\coupling_rl1_c1\plots\map_0494.png,,,
495,ok,8300.0,2.0155895493221232e-08,C:\Users\vchat\Downloads\Vaishnavi_s_Thesis\automation\results_behavior_windows\refractory\coupling_rl1_c1\raw_runs\map_0495.raw,C:\Users\vchat\Downloads\Vaishnavi_s_Thesis\automation\results_behavior_windows\refractory\coupling_rl1_c1\raw_runs\map_0495.log,C:\Users\vchat\Downloads\Vaishnavi_s_Thesis\automation\results_behavior_windows\refractory\coupling_rl1_c1\plots\map_0495.png,,,
496,ok,8300.0,2.0313006156682795e-08,C:\Users\vchat\Downloads\Vaishnavi_s_Thesis\automation\results_behavior_windows\refractory\coupling_rl1_c1\raw_runs\map_0496.raw,C:\Users\vchat\Downloads\Vaishnavi_s_Thesis\automation\results_behavior_windows\refractory\coupling_rl1_c1\raw_runs\map_0496.log,C:\Users\vchat\Downloads\Vaishnavi_s_Thesis\automation\results_behavior_windows\refractory\coupling_rl1_c1\plots\map_0496.png,,,
497,ok,8300.0,2.047134146236293e-08,C:\Users\vchat\Downloads\Vaishnavi_s_Thesis\automation\results_behavior_windows\refractory\coupling_rl1_c1\raw_runs\map_0497.raw,C:\Users\vchat\Downloads\Vaishnavi_s_Thesis\automation\results_behavior_windows\refractory\coupling_rl1_c1\raw_runs\map_0497.log,C:\Users\vchat\Downloads\Vaishnavi_s_Thesis\automation\results_behavior_windows\refractory\coupling_rl1_c1\plots\map_0497.png,,,
498,ok,8300.0,2.0630910956071693e-08,C:\Users\vchat\Downloads\Vaishnavi_s_Thesis\automation\results_behavior_windows\refractory\coupling_rl1_c1\raw_runs\map_0498.raw,C:\Users\vchat\Downloads\Vaishnavi_s_Thesis\automation\results_behavior_windows\refractory\coupling_rl1_c1\raw_runs\map_0498.log,C:\Users\vchat\Downloads\Vaishnavi_s_Thesis\automation\results_behavior_windows\refractory\coupling_rl1_c1\plots\map_0498.png,,,
499,ok,8300.0,2.0791724258026693e-08,C:\Users\vchat\Downloads\Vaishnavi_s_Thesis\automation\results_behavior_windows\refractory\coupling_rl1_c1\raw_runs\map_0499.raw,C:\Users\vchat\Downloads\Vaishnavi_s_Thesis\automation\results_behavior_windows\refractory\coupling_rl1_c1\raw_runs\map_0499.log,C:\Users\vchat\Downloads\Vaishnavi_s_Thesis\automation\results_behavior_windows\refractory\coupling_rl1_c1\plots\map_0499.png,,,
500,ok,8300.0,2.0953791063432937e-08,C:\Users\vchat\Downloads\Vaishnavi_s_Thesis\automation\results_behavior_windows\refractory\coupling_rl1_c1\raw_runs\map_0500.raw,C:\Users\vchat\Downloads\Vaishnavi_s_Thesis\automation\results_behavior_windows\refractory\coupling_rl1_c1\raw_runs\map_0500.log,C:\Users\vchat\Downloads\Vaishnavi_s_Thesis\automation\results_behavior_windows\refractory\coupling_rl1_c1\plots\map_0500.png,,,
501,ok,8300.0,2.11171211430674e-08,C:\Users\vchat\Downloads\Vaishnavi_s_Thesis\automation\results_behavior_windows\refractory\coupling_rl1_c1\raw_runs\map_0501.raw,C:\Users\vchat\Downloads\Vaishnavi_s_Thesis\automation\results_behavior_windows\refractory\coupling_rl1_c1\raw_runs\map_0501.log,C:\Users\vchat\Downloads\Vaishnavi_s_Thesis\automation\results_behavior_windows\refractory\coupling_rl1_c1\plots\map_0501.png,,,
502,ok,8300.0,2.1281724343867947e-08,C:\Users\vchat\Downloads\Vaishnavi_s_Thesis\automation\results_behavior_windows\refractory\coupling_rl1_c1\raw_runs\map_0502.raw,C:\Users\vchat\Downloads\Vaishnavi_s_Thesis\automation\results_behavior_windows\refractory\coupling_rl1_c1\raw_runs\map_0502.log,C:\Users\vchat\Downloads\Vaishnavi_s_Thesis\automation\results_behavior_windows\refractory\coupling_rl1_c1\plots\map_0502.png,,,
503,ok,8300.0,2.144761058952722e-08,C:\Users\vchat\Downloads\Vaishnavi_s_Thesis\automation\results_behavior_windows\refractory\coupling_rl1_c1\raw_runs\map_0503.raw,C:\Users\vchat\Downloads\Vaishnavi_s_Thesis\automation\results_behavior_windows\refractory\coupling_rl1_c1\raw_runs\map_0503.log,C:\Users\vchat\Downloads\Vaishnavi_s_Thesis\automation\results_behavior_windows\refractory\coupling_rl1_c1\plots\map_0503.png,,,
504,ok,8300.0,2.1614789881090783e-08,C:\Users\vchat\Downloads\Vaishnavi_s_Thesis\automation\results_behavior_windows\refractory\coupling_rl1_c1\raw_runs\map_0504.raw,C:\Users\vchat\Downloads\Vaishnavi_s_Thesis\automation\results_behavior_windows\refractory\coupling_rl1_c1\raw_runs\map_0504.log,C:\Users\vchat\Downloads\Vaishnavi_s_Thesis\automation\results_behavior_windows\refractory\coupling_rl1_c1\plots\map_0504.png,,,
505,ok,8300.0,2.1783272297560075e-08,C:\Users\vchat\Downloads\Vaishnavi_s_Thesis\automation\results_behavior_windows\refractory\coupling_rl1_c1\raw_runs\map_0505.raw,C:\Users\vchat\Downloads\Vaishnavi_s_Thesis\automation\results_behavior_windows\refractory\coupling_rl1_c1\raw_runs\map_0505.log,C:\Users\vchat\Downloads\Vaishnavi_s_Thesis\automation\results_behavior_windows\refractory\coupling_rl1_c1\plots\map_0505.png,,,
506,ok,8300.0,2.1953067996500143e-08,C:\Users\vchat\Downloads\Vaishnavi_s_Thesis\automation\results_behavior_windows\refractory\coupling_rl1_c1\raw_runs\map_0506.raw,C:\Users\vchat\Downloads\Vaishnavi_s_Thesis\automation\results_behavior_windows\refractory\coupling_rl1_c1\raw_runs\map_0506.log,C:\Users\vchat\Downloads\Vaishnavi_s_Thesis\automation\results_behavior_windows\refractory\coupling_rl1_c1\plots\map_0506.png,,,
507,ok,8300.0,2.2124187214651817e-08,C:\Users\vchat\Downloads\Vaishnavi_s_Thesis\automation\results_behavior_windows\refractory\coupling_rl1_c1\raw_runs\map_0507.raw,C:\Users\vchat\Downloads\Vaishnavi_s_Thesis\automation\results_behavior_windows\refractory\coupling_rl1_c1\raw_runs\map_0507.log,C:\Users\vchat\Downloads\Vaishnavi_s_Thesis\automation\results_behavior_windows\refractory\coupling_rl1_c1\plots\map_0507.png,,,
508,ok,8300.0,2.2296640268549164e-08,C:\Users\vchat\Downloads\Vaishnavi_s_Thesis\automation\results_behavior_windows\refractory\coupling_rl1_c1\raw_runs\map_0508.raw,C:\Users\vchat\Downloads\Vaishnavi_s_Thesis\automation\results_behavior_windows\refractory\coupling_rl1_c1\raw_runs\map_0508.log,C:\Users\vchat\Downloads\Vaishnavi_s_Thesis\automation\results_behavior_windows\refractory\coupling_rl1_c1\plots\map_0508.png,,,
509,ok,8300.0,2.2470437555141253e-08,C:\Users\vchat\Downloads\Vaishnavi_s_Thesis\automation\results_behavior_windows\refractory\coupling_rl1_c1\raw_runs\map_0509.raw,C:\Users\vchat\Downloads\Vaishnavi_s_Thesis\automation\results_behavior_windows\refractory\coupling_rl1_c1\raw_runs\map_0509.log,C:\Users\vchat\Downloads\Vaishnavi_s_Thesis\automation\results_behavior_windows\refractory\coupling_rl1_c1\plots\map_0509.png,,,
510,ok,8300.0,2.2645589552419077e-08,C:\Users\vchat\Downloads\Vaishnavi_s_Thesis\automation\results_behavior_windows\refractory\coupling_rl1_c1\raw_runs\map_0510.raw,C:\Users\vchat\Downloads\Vaishnavi_s_Thesis\automation\results_behavior_windows\refractory\coupling_rl1_c1\raw_runs\map_0510.log,C:\Users\vchat\Downloads\Vaishnavi_s_Thesis\automation\results_behavior_windows\refractory\coupling_rl1_c1\plots\map_0510.png,,,
511,ok,8300.0,2.282210682004707e-08,C:\Users\vchat\Downloads\Vaishnavi_s_Thesis\automation\results_behavior_windows\refractory\coupling_rl1_c1\raw_runs\map_0511.raw,C:\Users\vchat\Downloads\Vaishnavi_s_Thesis\automation\results_behavior_windows\refractory\coupling_rl1_c1\raw_runs\map_0511.log,C:\Users\vchat\Downloads\Vaishnavi_s_Thesis\automation\results_behavior_windows\refractory\coupling_rl1_c1\plots\map_0511.png,,,
512,ok,8300.0,2.300000000000001e-08,C:\Users\vchat\Downloads\Vaishnavi_s_Thesis\automation\results_behavior_windows\refractory\coupling_rl1_c1\raw_runs\map_0512.raw,C:\Users\vchat\Downloads\Vaishnavi_s_Thesis\automation\results_behavior_windows\refractory\coupling_rl1_c1\raw_runs\map_0512.log,C:\Users\vchat\Downloads\Vaishnavi_s_Thesis\automation\results_behavior_windows\refractory\coupling_rl1_c1\plots\map_0512.png,,,
513,ok,8350.0,2.0000000000000004e-08,C:\Users\vchat\Downloads\Vaishnavi_s_Thesis\automation\results_behavior_windows\refractory\coupling_rl1_c1\raw_runs\map_0513.raw,C:\Users\vchat\Downloads\Vaishnavi_s_Thesis\automation\results_behavior_windows\refractory\coupling_rl1_c1\raw_runs\map_0513.log,C:\Users\vchat\Downloads\Vaishnavi_s_Thesis\automation\results_behavior_windows\refractory\coupling_rl1_c1\plots\map_0513.png,,,
514,ok,8350.0,2.0155895493221232e-08,C:\Users\vchat\Downloads\Vaishnavi_s_Thesis\automation\results_behavior_windows\refractory\coupling_rl1_c1\raw_runs\map_0514.raw,C:\Users\vchat\Downloads\Vaishnavi_s_Thesis\automation\results_behavior_windows\refractory\coupling_rl1_c1\raw_runs\map_0514.log,C:\Users\vchat\Downloads\Vaishnavi_s_Thesis\automation\results_behavior_windows\refractory\coupling_rl1_c1\plots\map_0514.png,,,
515,ok,8350.0,2.0313006156682795e-08,C:\Users\vchat\Downloads\Vaishnavi_s_Thesis\automation\results_behavior_windows\refractory\coupling_rl1_c1\raw_runs\map_0515.raw,C:\Users\vchat\Downloads\Vaishnavi_s_Thesis\automation\results_behavior_windows\refractory\coupling_rl1_c1\raw_runs\map_0515.log,C:\Users\vchat\Downloads\Vaishnavi_s_Thesis\automation\results_behavior_windows\refractory\coupling_rl1_c1\plots\map_0515.png,,,
516,ok,8350.0,2.047134146236293e-08,C:\Users\vchat\Downloads\Vaishnavi_s_Thesis\automation\results_behavior_windows\refractory\coupling_rl1_c1\raw_runs\map_0516.raw,C:\Users\vchat\Downloads\Vaishnavi_s_Thesis\automation\results_behavior_windows\refractory\coupling_rl1_c1\raw_runs\map_0516.log,C:\Users\vchat\Downloads\Vaishnavi_s_Thesis\automation\results_behavior_windows\refractory\coupling_rl1_c1\plots\map_0516.png,,,
517,ok,8350.0,2.0630910956071693e-08,C:\Users\vchat\Downloads\Vaishnavi_s_Thesis\automation\results_behavior_windows\refractory\coupling_rl1_c1\raw_runs\map_0517.raw,C:\Users\vchat\Downloads\Vaishnavi_s_Thesis\automation\results_behavior_windows\refractory\coupling_rl1_c1\raw_runs\map_0517.log,C:\Users\vchat\Downloads\Vaishnavi_s_Thesis\automation\results_behavior_windows\refractory\coupling_rl1_c1\plots\map_0517.png,,,
518,ok,8350.0,2.0791724258026693e-08,C:\Users\vchat\Downloads\Vaishnavi_s_Thesis\automation\results_behavior_windows\refractory\coupling_rl1_c1\raw_runs\map_0518.raw,C:\Users\vchat\Downloads\Vaishnavi_s_Thesis\automation\results_behavior_windows\refractory\coupling_rl1_c1\raw_runs\map_0518.log,C:\Users\vchat\Downloads\Vaishnavi_s_Thesis\automation\results_behavior_windows\refractory\coupling_rl1_c1\plots\map_0518.png,,,
519,ok,8350.0,2.0953791063432937e-08,C:\Users\vchat\Downloads\Vaishnavi_s_Thesis\automation\results_behavior_windows\refractory\coupling_rl1_c1\raw_runs\map_0519.raw,C:\Users\vchat\Downloads\Vaishnavi_s_Thesis\automation\results_behavior_windows\refractory\coupling_rl1_c1\raw_runs\map_0519.log,C:\Users\vchat\Downloads\Vaishnavi_s_Thesis\automation\results_behavior_windows\refractory\coupling_rl1_c1\plots\map_0519.png,,,
520,ok,8350.0,2.11171211430674e-08,C:\Users\vchat\Downloads\Vaishnavi_s_Thesis\automation\results_behavior_windows\refractory\coupling_rl1_c1\raw_runs\map_0520.raw,C:\Users\vchat\Downloads\Vaishnavi_s_Thesis\automation\results_behavior_windows\refractory\coupling_rl1_c1\raw_runs\map_0520.log,C:\Users\vchat\Downloads\Vaishnavi_s_Thesis\automation\results_behavior_windows\refractory\coupling_rl1_c1\plots\map_0520.png,,,
521,ok,8350.0,2.1281724343867947e-08,C:\Users\vchat\Downloads\Vaishnavi_s_Thesis\automation\results_behavior_windows\refractory\coupling_rl1_c1\raw_runs\map_0521.raw,C:\Users\vchat\Downloads\Vaishnavi_s_Thesis\automation\results_behavior_windows\refractory\coupling_rl1_c1\raw_runs\map_0521.log,C:\Users\vchat\Downloads\Vaishnavi_s_Thesis\automation\results_behavior_windows\refractory\coupling_rl1_c1\plots\map_0521.png,,,
522,ok,8350.0,2.144761058952722e-08,C:\Users\vchat\Downloads\Vaishnavi_s_Thesis\automation\results_behavior_windows\refractory\coupling_rl1_c1\raw_runs\map_0522.raw,C:\Users\vchat\Downloads\Vaishnavi_s_Thesis\automation\results_behavior_windows\refractory\coupling_rl1_c1\raw_runs\map_0522.log,C:\Users\vchat\Downloads\Vaishnavi_s_Thesis\automation\results_behavior_windows\refractory\coupling_rl1_c1\plots\map_0522.png,,,
523,ok,8350.0,2.1614789881090783e-08,C:\Users\vchat\Downloads\Vaishnavi_s_Thesis\automation\results_behavior_windows\refractory\coupling_rl1_c1\raw_runs\map_0523.raw,C:\Users\vchat\Downloads\Vaishnavi_s_Thesis\automation\results_behavior_windows\refractory\coupling_rl1_c1\raw_runs\map_0523.log,C:\Users\vchat\Downloads\Vaishnavi_s_Thesis\automation\results_behavior_windows\refractory\coupling_rl1_c1\plots\map_0523.png,,,
524,ok,8350.0,2.1783272297560075e-08,C:\Users\vchat\Downloads\Vaishnavi_s_Thesis\automation\results_behavior_windows\refractory\coupling_rl1_c1\raw_runs\map_0524.raw,C:\Users\vchat\Downloads\Vaishnavi_s_Thesis\automation\results_behavior_windows\refractory\coupling_rl1_c1\raw_runs\map_0524.log,C:\Users\vchat\Downloads\Vaishnavi_s_Thesis\automation\results_behavior_windows\refractory\coupling_rl1_c1\plots\map_0524.png,,,
525,ok,8350.0,2.1953067996500143e-08,C:\Users\vchat\Downloads\Vaishnavi_s_Thesis\automation\results_behavior_windows\refractory\coupling_rl1_c1\raw_runs\map_0525.raw,C:\Users\vchat\Downloads\Vaishnavi_s_Thesis\automation\results_behavior_windows\refractory\coupling_rl1_c1\raw_runs\map_0525.log,C:\Users\vchat\Downloads\Vaishnavi_s_Thesis\automation\results_behavior_windows\refractory\coupling_rl1_c1\plots\map_0525.png,,,
526,ok,8350.0,2.2124187214651817e-08,C:\Users\vchat\Downloads\Vaishnavi_s_Thesis\automation\results_behavior_windows\refractory\coupling_rl1_c1\raw_runs\map_0526.raw,C:\Users\vchat\Downloads\Vaishnavi_s_Thesis\automation\results_behavior_windows\refractory\coupling_rl1_c1\raw_runs\map_0526.log,C:\Users\vchat\Downloads\Vaishnavi_s_Thesis\automation\results_behavior_windows\refractory\coupling_rl1_c1\plots\map_0526.png,,,
527,ok,8350.0,2.2296640268549164e-08,C:\Users\vchat\Downloads\Vaishnavi_s_Thesis\automation\results_behavior_windows\refractory\coupling_rl1_c1\raw_runs\map_0527.raw,C:\Users\vchat\Downloads\Vaishnavi_s_Thesis\automation\results_behavior_windows\refractory\coupling_rl1_c1\raw_runs\map_0527.log,C:\Users\vchat\Downloads\Vaishnavi_s_Thesis\automation\results_behavior_windows\refractory\coupling_rl1_c1\plots\map_0527.png,,,
528,ok,8350.0,2.2470437555141253e-08,C:\Users\vchat\Downloads\Vaishnavi_s_Thesis\automation\results_behavior_windows\refractory\coupling_rl1_c1\raw_runs\map_0528.raw,C:\Users\vchat\Downloads\Vaishnavi_s_Thesis\automation\results_behavior_windows\refractory\coupling_rl1_c1\raw_runs\map_0528.log,C:\Users\vchat\Downloads\Vaishnavi_s_Thesis\automation\results_behavior_windows\refractory\coupling_rl1_c1\plots\map_0528.png,,,
529,ok,8350.0,2.2645589552419077e-08,C:\Users\vchat\Downloads\Vaishnavi_s_Thesis\automation\results_behavior_windows\refractory\coupling_rl1_c1\raw_runs\map_0529.raw,C:\Users\vchat\Downloads\Vaishnavi_s_Thesis\automation\results_behavior_windows\refractory\coupling_rl1_c1\raw_runs\map_0529.log,C:\Users\vchat\Downloads\Vaishnavi_s_Thesis\automation\results_behavior_windows\refractory\coupling_rl1_c1\plots\map_0529.png,,,
530,ok,8350.0,2.282210682004707e-08,C:\Users\vchat\Downloads\Vaishnavi_s_Thesis\automation\results_behavior_windows\refractory\coupling_rl1_c1\raw_runs\map_0530.raw,C:\Users\vchat\Downloads\Vaishnavi_s_Thesis\automation\results_behavior_windows\refractory\coupling_rl1_c1\raw_runs\map_0530.log,C:\Users\vchat\Downloads\Vaishnavi_s_Thesis\automation\results_behavior_windows\refractory\coupling_rl1_c1\plots\map_0530.png,,,
531,ok,8350.0,2.300000000000001e-08,C:\Users\vchat\Downloads\Vaishnavi_s_Thesis\automation\results_behavior_windows\refractory\coupling_rl1_c1\raw_runs\map_0531.raw,C:\Users\vchat\Downloads\Vaishnavi_s_Thesis\automation\results_behavior_windows\refractory\coupling_rl1_c1\raw_runs\map_0531.log,C:\Users\vchat\Downloads\Vaishnavi_s_Thesis\automation\results_behavior_windows\refractory\coupling_rl1_c1\plots\map_0531.png,,,
532,ok,8400.0,2.0000000000000004e-08,C:\Users\vchat\Downloads\Vaishnavi_s_Thesis\automation\results_behavior_windows\refractory\coupling_rl1_c1\raw_runs\map_0532.raw,C:\Users\vchat\Downloads\Vaishnavi_s_Thesis\automation\results_behavior_windows\refractory\coupling_rl1_c1\raw_runs\map_0532.log,C:\Users\vchat\Downloads\Vaishnavi_s_Thesis\automation\results_behavior_windows\refractory\coupling_rl1_c1\plots\map_0532.png,,,
533,ok,8400.0,2.0155895493221232e-08,C:\Users\vchat\Downloads\Vaishnavi_s_Thesis\automation\results_behavior_windows\refractory\coupling_rl1_c1\raw_runs\map_0533.raw,C:\Users\vchat\Downloads\Vaishnavi_s_Thesis\automation\results_behavior_windows\refractory\coupling_rl1_c1\raw_runs\map_0533.log,C:\Users\vchat\Downloads\Vaishnavi_s_Thesis\automation\results_behavior_windows\refractory\coupling_rl1_c1\plots\map_0533.png,,,
534,ok,8400.0,2.0313006156682795e-08,C:\Users\vchat\Downloads\Vaishnavi_s_Thesis\automation\results_behavior_windows\refractory\coupling_rl1_c1\raw_runs\map_0534.raw,C:\Users\vchat\Downloads\Vaishnavi_s_Thesis\automation\results_behavior_windows\refractory\coupling_rl1_c1\raw_runs\map_0534.log,C:\Users\vchat\Downloads\Vaishnavi_s_Thesis\automation\results_behavior_windows\refractory\coupling_rl1_c1\plots\map_0534.png,,,
535,ok,8400.0,2.047134146236293e-08,C:\Users\vchat\Downloads\Vaishnavi_s_Thesis\automation\results_behavior_windows\refractory\coupling_rl1_c1\raw_runs\map_0535.raw,C:\Users\vchat\Downloads\Vaishnavi_s_Thesis\automation\results_behavior_windows\refractory\coupling_rl1_c1\raw_runs\map_0535.log,C:\Users\vchat\Downloads\Vaishnavi_s_Thesis\automation\results_behavior_windows\refractory\coupling_rl1_c1\plots\map_0535.png,,,
536,ok,8400.0,2.0630910956071693e-08,C:\Users\vchat\Downloads\Vaishnavi_s_Thesis\automation\results_behavior_windows\refractory\coupling_rl1_c1\raw_runs\map_0536.raw,C:\Users\vchat\Downloads\Vaishnavi_s_Thesis\automation\results_behavior_windows\refractory\coupling_rl1_c1\raw_runs\map_0536.log,C:\Users\vchat\Downloads\Vaishnavi_s_Thesis\automation\results_behavior_windows\refractory\coupling_rl1_c1\plots\map_0536.png,,,
537,ok,8400.0,2.0791724258026693e-08,C:\Users\vchat\Downloads\Vaishnavi_s_Thesis\automation\results_behavior_windows\refractory\coupling_rl1_c1\raw_runs\map_0537.raw,C:\Users\vchat\Downloads\Vaishnavi_s_Thesis\automation\results_behavior_windows\refractory\coupling_rl1_c1\raw_runs\map_0537.log,C:\Users\vchat\Downloads\Vaishnavi_s_Thesis\automation\results_behavior_windows\refractory\coupling_rl1_c1\plots\map_0537.png,,,
538,ok,8400.0,2.0953791063432937e-08,C:\Users\vchat\Downloads\Vaishnavi_s_Thesis\automation\results_behavior_windows\refractory\coupling_rl1_c1\raw_runs\map_0538.raw,C:\Users\vchat\Downloads\Vaishnavi_s_Thesis\automation\results_behavior_windows\refractory\coupling_rl1_c1\raw_runs\map_0538.log,C:\Users\vchat\Downloads\Vaishnavi_s_Thesis\automation\results_behavior_windows\refractory\coupling_rl1_c1\plots\map_0538.png,,,
539,ok,8400.0,2.11171211430674e-08,C:\Users\vchat\Downloads\Vaishnavi_s_Thesis\automation\results_behavior_windows\refractory\coupling_rl1_c1\raw_runs\map_0539.raw,C:\Users\vchat\Downloads\Vaishnavi_s_Thesis\automation\results_behavior_windows\refractory\coupling_rl1_c1\raw_runs\map_0539.log,C:\Users\vchat\Downloads\Vaishnavi_s_Thesis\automation\results_behavior_windows\refractory\coupling_rl1_c1\plots\map_0539.png,,,
540,ok,8400.0,2.1281724343867947e-08,C:\Users\vchat\Downloads\Vaishnavi_s_Thesis\automation\results_behavior_windows\refractory\coupling_rl1_c1\raw_runs\map_0540.raw,C:\Users\vchat\Downloads\Vaishnavi_s_Thesis\automation\results_behavior_windows\refractory\coupling_rl1_c1\raw_runs\map_0540.log,C:\Users\vchat\Downloads\Vaishnavi_s_Thesis\automation\results_behavior_windows\refractory\coupling_rl1_c1\plots\map_0540.png,,,
541,ok,8400.0,2.144761058952722e-08,C:\Users\vchat\Downloads\Vaishnavi_s_Thesis\automation\results_behavior_windows\refractory\coupling_rl1_c1\raw_runs\map_0541.raw,C:\Users\vchat\Downloads\Vaishnavi_s_Thesis\automation\results_behavior_windows\refractory\coupling_rl1_c1\raw_runs\map_0541.log,C:\Users\vchat\Downloads\Vaishnavi_s_Thesis\automation\results_behavior_windows\refractory\coupling_rl1_c1\plots\map_0541.png,,,
542,ok,8400.0,2.1614789881090783e-08,C:\Users\vchat\Downloads\Vaishnavi_s_Thesis\automation\results_behavior_windows\refractory\coupling_rl1_c1\raw_runs\map_0542.raw,C:\Users\vchat\Downloads\Vaishnavi_s_Thesis\automation\results_behavior_windows\refractory\coupling_rl1_c1\raw_runs\map_0542.log,C:\Users\vchat\Downloads\Vaishnavi_s_Thesis\automation\results_behavior_windows\refractory\coupling_rl1_c1\plots\map_0542.png,,,
543,ok,8400.0,2.1783272297560075e-08,C:\Users\vchat\Downloads\Vaishnavi_s_Thesis\automation\results_behavior_windows\refractory\coupling_rl1_c1\raw_runs\map_0543.raw,C:\Users\vchat\Downloads\Vaishnavi_s_Thesis\automation\results_behavior_windows\refractory\coupling_rl1_c1\raw_runs\map_0543.log,C:\Users\vchat\Downloads\Vaishnavi_s_Thesis\automation\results_behavior_windows\refractory\coupling_rl1_c1\plots\map_0543.png,,,
544,ok,8400.0,2.1953067996500143e-08,C:\Users\vchat\Downloads\Vaishnavi_s_Thesis\automation\results_behavior_windows\refractory\coupling_rl1_c1\raw_runs\map_0544.raw,C:\Users\vchat\Downloads\Vaishnavi_s_Thesis\automation\results_behavior_windows\refractory\coupling_rl1_c1\raw_runs\map_0544.log,C:\Users\vchat\Downloads\Vaishnavi_s_Thesis\automation\results_behavior_windows\refractory\coupling_rl1_c1\plots\map_0544.png,,,
545,ok,8400.0,2.2124187214651817e-08,C:\Users\vchat\Downloads\Vaishnavi_s_Thesis\automation\results_behavior_windows\refractory\coupling_rl1_c1\raw_runs\map_0545.raw,C:\Users\vchat\Downloads\Vaishnavi_s_Thesis\automation\results_behavior_windows\refractory\coupling_rl1_c1\raw_runs\map_0545.log,C:\Users\vchat\Downloads\Vaishnavi_s_Thesis\automation\results_behavior_windows\refractory\coupling_rl1_c1\plots\map_0545.png,,,
546,ok,8400.0,2.2296640268549164e-08,C:\Users\vchat\Downloads\Vaishnavi_s_Thesis\automation\results_behavior_windows\refractory\coupling_rl1_c1\raw_runs\map_0546.raw,C:\Users\vchat\Downloads\Vaishnavi_s_Thesis\automation\results_behavior_windows\refractory\coupling_rl1_c1\raw_runs\map_0546.log,C:\Users\vchat\Downloads\Vaishnavi_s_Thesis\automation\results_behavior_windows\refractory\coupling_rl1_c1\plots\map_0546.png,,,
547,ok,8400.0,2.2470437555141253e-08,C:\Users\vchat\Downloads\Vaishnavi_s_Thesis\automation\results_behavior_windows\refractory\coupling_rl1_c1\raw_runs\map_0547.raw,C:\Users\vchat\Downloads\Vaishnavi_s_Thesis\automation\results_behavior_windows\refractory\coupling_rl1_c1\raw_runs\map_0547.log,C:\Users\vchat\Downloads\Vaishnavi_s_Thesis\automation\results_behavior_windows\refractory\coupling_rl1_c1\plots\map_0547.png,,,
548,ok,8400.0,2.2645589552419077e-08,C:\Users\vchat\Downloads\Vaishnavi_s_Thesis\automation\results_behavior_windows\refractory\coupling_rl1_c1\raw_runs\map_0548.raw,C:\Users\vchat\Downloads\Vaishnavi_s_Thesis\automation\results_behavior_windows\refractory\coupling_rl1_c1\raw_runs\map_0548.log,C:\Users\vchat\Downloads\Vaishnavi_s_Thesis\automation\results_behavior_windows\refractory\coupling_rl1_c1\plots\map_0548.png,,,
549,ok,8400.0,2.282210682004707e-08,C:\Users\vchat\Downloads\Vaishnavi_s_Thesis\automation\results_behavior_windows\refractory\coupling_rl1_c1\raw_runs\map_0549.raw,C:\Users\vchat\Downloads\Vaishnavi_s_Thesis\automation\results_behavior_windows\refractory\coupling_rl1_c1\raw_runs\map_0549.log,C:\Users\vchat\Downloads\Vaishnavi_s_Thesis\automation\results_behavior_windows\refractory\coupling_rl1_c1\plots\map_0549.png,,,
550,ok,8400.0,2.300000000000001e-08,C:\Users\vchat\Downloads\Vaishnavi_s_Thesis\automation\results_behavior_windows\refractory\coupling_rl1_c1\raw_runs\map_0550.raw,C:\Users\vchat\Downloads\Vaishnavi_s_Thesis\automation\results_behavior_windows\refractory\coupling_rl1_c1\raw_runs\map_0550.log,C:\Users\vchat\Downloads\Vaishnavi_s_Thesis\automation\results_behavior_windows\refractory\coupling_rl1_c1\plots\map_0550.png,,,
551,ok,8450.0,2.0000000000000004e-08,C:\Users\vchat\Downloads\Vaishnavi_s_Thesis\automation\results_behavior_windows\refractory\coupling_rl1_c1\raw_runs\map_0551.raw,C:\Users\vchat\Downloads\Vaishnavi_s_Thesis\automation\results_behavior_windows\refractory\coupling_rl1_c1\raw_runs\map_0551.log,C:\Users\vchat\Downloads\Vaishnavi_s_Thesis\automation\results_behavior_windows\refractory\coupling_rl1_c1\plots\map_0551.png,,,
552,ok,8450.0,2.0155895493221232e-08,C:\Users\vchat\Downloads\Vaishnavi_s_Thesis\automation\results_behavior_windows\refractory\coupling_rl1_c1\raw_runs\map_0552.raw,C:\Users\vchat\Downloads\Vaishnavi_s_Thesis\automation\results_behavior_windows\refractory\coupling_rl1_c1\raw_runs\map_0552.log,C:\Users\vchat\Downloads\Vaishnavi_s_Thesis\automation\results_behavior_windows\refractory\coupling_rl1_c1\plots\map_0552.png,,,
553,ok,8450.0,2.0313006156682795e-08,C:\Users\vchat\Downloads\Vaishnavi_s_Thesis\automation\results_behavior_windows\refractory\coupling_rl1_c1\raw_runs\map_0553.raw,C:\Users\vchat\Downloads\Vaishnavi_s_Thesis\automation\results_behavior_windows\refractory\coupling_rl1_c1\raw_runs\map_0553.log,C:\Users\vchat\Downloads\Vaishnavi_s_Thesis\automation\results_behavior_windows\refractory\coupling_rl1_c1\plots\map_0553.png,,,
554,ok,8450.0,2.047134146236293e-08,C:\Users\vchat\Downloads\Vaishnavi_s_Thesis\automation\results_behavior_windows\refractory\coupling_rl1_c1\raw_runs\map_0554.raw,C:\Users\vchat\Downloads\Vaishnavi_s_Thesis\automation\results_behavior_windows\refractory\coupling_rl1_c1\raw_runs\map_0554.log,C:\Users\vchat\Downloads\Vaishnavi_s_Thesis\automation\results_behavior_windows\refractory\coupling_rl1_c1\plots\map_0554.png,,,
555,ok,8450.0,2.0630910956071693e-08,C:\Users\vchat\Downloads\Vaishnavi_s_Thesis\automation\results_behavior_windows\refractory\coupling_rl1_c1\raw_runs\map_0555.raw,C:\Users\vchat\Downloads\Vaishnavi_s_Thesis\automation\results_behavior_windows\refractory\coupling_rl1_c1\raw_runs\map_0555.log,C:\Users\vchat\Downloads\Vaishnavi_s_Thesis\automation\results_behavior_windows\refractory\coupling_rl1_c1\plots\map_0555.png,,,
556,ok,8450.0,2.0791724258026693e-08,C:\Users\vchat\Downloads\Vaishnavi_s_Thesis\automation\results_behavior_windows\refractory\coupling_rl1_c1\raw_runs\map_0556.raw,C:\Users\vchat\Downloads\Vaishnavi_s_Thesis\automation\results_behavior_windows\refractory\coupling_rl1_c1\raw_runs\map_0556.log,C:\Users\vchat\Downloads\Vaishnavi_s_Thesis\automation\results_behavior_windows\refractory\coupling_rl1_c1\plots\map_0556.png,,,
557,ok,8450.0,2.0953791063432937e-08,C:\Users\vchat\Downloads\Vaishnavi_s_Thesis\automation\results_behavior_windows\refractory\coupling_rl1_c1\raw_runs\map_0557.raw,C:\Users\vchat\Downloads\Vaishnavi_s_Thesis\automation\results_behavior_windows\refractory\coupling_rl1_c1\raw_runs\map_0557.log,C:\Users\vchat\Downloads\Vaishnavi_s_Thesis\automation\results_behavior_windows\refractory\coupling_rl1_c1\plots\map_0557.png,,,
558,ok,8450.0,2.11171211430674e-08,C:\Users\vchat\Downloads\Vaishnavi_s_Thesis\automation\results_behavior_windows\refractory\coupling_rl1_c1\raw_runs\map_0558.raw,C:\Users\vchat\Downloads\Vaishnavi_s_Thesis\automation\results_behavior_windows\refractory\coupling_rl1_c1\raw_runs\map_0558.log,C:\Users\vchat\Downloads\Vaishnavi_s_Thesis\automation\results_behavior_windows\refractory\coupling_rl1_c1\plots\map_0558.png,,,
559,ok,8450.0,2.1281724343867947e-08,C:\Users\vchat\Downloads\Vaishnavi_s_Thesis\automation\results_behavior_windows\refractory\coupling_rl1_c1\raw_runs\map_0559.raw,C:\Users\vchat\Downloads\Vaishnavi_s_Thesis\automation\results_behavior_windows\refractory\coupling_rl1_c1\raw_runs\map_0559.log,C:\Users\vchat\Downloads\Vaishnavi_s_Thesis\automation\results_behavior_windows\refractory\coupling_rl1_c1\plots\map_0559.png,,,
560,ok,8450.0,2.144761058952722e-08,C:\Users\vchat\Downloads\Vaishnavi_s_Thesis\automation\results_behavior_windows\refractory\coupling_rl1_c1\raw_runs\map_0560.raw,C:\Users\vchat\Downloads\Vaishnavi_s_Thesis\automation\results_behavior_windows\refractory\coupling_rl1_c1\raw_runs\map_0560.log,C:\Users\vchat\Downloads\Vaishnavi_s_Thesis\automation\results_behavior_windows\refractory\coupling_rl1_c1\plots\map_0560.png,,,
561,ok,8450.0,2.1614789881090783e-08,C:\Users\vchat\Downloads\Vaishnavi_s_Thesis\automation\results_behavior_windows\refractory\coupling_rl1_c1\raw_runs\map_0561.raw,C:\Users\vchat\Downloads\Vaishnavi_s_Thesis\automation\results_behavior_windows\refractory\coupling_rl1_c1\raw_runs\map_0561.log,C:\Users\vchat\Downloads\Vaishnavi_s_Thesis\automation\results_behavior_windows\refractory\coupling_rl1_c1\plots\map_0561.png,,,
562,ok,8450.0,2.1783272297560075e-08,C:\Users\vchat\Downloads\Vaishnavi_s_Thesis\automation\results_behavior_windows\refractory\coupling_rl1_c1\raw_runs\map_0562.raw,C:\Users\vchat\Downloads\Vaishnavi_s_Thesis\automation\results_behavior_windows\refractory\coupling_rl1_c1\raw_runs\map_0562.log,C:\Users\vchat\Downloads\Vaishnavi_s_Thesis\automation\results_behavior_windows\refractory\coupling_rl1_c1\plots\map_0562.png,,,
563,ok,8450.0,2.1953067996500143e-08,C:\Users\vchat\Downloads\Vaishnavi_s_Thesis\automation\results_behavior_windows\refractory\coupling_rl1_c1\raw_runs\map_0563.raw,C:\Users\vchat\Downloads\Vaishnavi_s_Thesis\automation\results_behavior_windows\refractory\coupling_rl1_c1\raw_runs\map_0563.log,C:\Users\vchat\Downloads\Vaishnavi_s_Thesis\automation\results_behavior_windows\refractory\coupling_rl1_c1\plots\map_0563.png,,,
564,ok,8450.0,2.2124187214651817e-08,C:\Users\vchat\Downloads\Vaishnavi_s_Thesis\automation\results_behavior_windows\refractory\coupling_rl1_c1\raw_runs\map_0564.raw,C:\Users\vchat\Downloads\Vaishnavi_s_Thesis\automation\results_behavior_windows\refractory\coupling_rl1_c1\raw_runs\map_0564.log,C:\Users\vchat\Downloads\Vaishnavi_s_Thesis\automation\results_behavior_windows\refractory\coupling_rl1_c1\plots\map_0564.png,,,
565,ok,8450.0,2.2296640268549164e-08,C:\Users\vchat\Downloads\Vaishnavi_s_Thesis\automation\results_behavior_windows\refractory\coupling_rl1_c1\raw_runs\map_0565.raw,C:\Users\vchat\Downloads\Vaishnavi_s_Thesis\automation\results_behavior_windows\refractory\coupling_rl1_c1\raw_runs\map_0565.log,C:\Users\vchat\Downloads\Vaishnavi_s_Thesis\automation\results_behavior_windows\refractory\coupling_rl1_c1\plots\map_0565.png,,,
566,ok,8450.0,2.2470437555141253e-08,C:\Users\vchat\Downloads\Vaishnavi_s_Thesis\automation\results_behavior_windows\refractory\coupling_rl1_c1\raw_runs\map_0566.raw,C:\Users\vchat\Downloads\Vaishnavi_s_Thesis\automation\results_behavior_windows\refractory\coupling_rl1_c1\raw_runs\map_0566.log,C:\Users\vchat\Downloads\Vaishnavi_s_Thesis\automation\results_behavior_windows\refractory\coupling_rl1_c1\plots\map_0566.png,,,
567,ok,8450.0,2.2645589552419077e-08,C:\Users\vchat\Downloads\Vaishnavi_s_Thesis\automation\results_behavior_windows\refractory\coupling_rl1_c1\raw_runs\map_0567.raw,C:\Users\vchat\Downloads\Vaishnavi_s_Thesis\automation\results_behavior_windows\refractory\coupling_rl1_c1\raw_runs\map_0567.log,C:\Users\vchat\Downloads\Vaishnavi_s_Thesis\automation\results_behavior_windows\refractory\coupling_rl1_c1\plots\map_0567.png,,,
568,ok,8450.0,2.282210682004707e-08,C:\Users\vchat\Downloads\Vaishnavi_s_Thesis\automation\results_behavior_windows\refractory\coupling_rl1_c1\raw_runs\map_0568.raw,C:\Users\vchat\Downloads\Vaishnavi_s_Thesis\automation\results_behavior_windows\refractory\coupling_rl1_c1\raw_runs\map_0568.log,C:\Users\vchat\Downloads\Vaishnavi_s_Thesis\automation\results_behavior_windows\refractory\coupling_rl1_c1\plots\map_0568.png,,,
569,ok,8450.0,2.300000000000001e-08,C:\Users\vchat\Downloads\Vaishnavi_s_Thesis\automation\results_behavior_windows\refractory\coupling_rl1_c1\raw_runs\map_0569.raw,C:\Users\vchat\Downloads\Vaishnavi_s_Thesis\automation\results_behavior_windows\refractory\coupling_rl1_c1\raw_runs\map_0569.log,C:\Users\vchat\Downloads\Vaishnavi_s_Thesis\automation\results_behavior_windows\refractory\coupling_rl1_c1\plots\map_0569.png,,,
570,ok,8500.0,2.0000000000000004e-08,C:\Users\vchat\Downloads\Vaishnavi_s_Thesis\automation\results_behavior_windows\refractory\coupling_rl1_c1\raw_runs\map_0570.raw,C:\Users\vchat\Downloads\Vaishnavi_s_Thesis\automation\results_behavior_windows\refractory\coupling_rl1_c1\raw_runs\map_0570.log,C:\Users\vchat\Downloads\Vaishnavi_s_Thesis\automation\results_behavior_windows\refractory\coupling_rl1_c1\plots\map_0570.png,,,
571,ok,8500.0,2.0155895493221232e-08,C:\Users\vchat\Downloads\Vaishnavi_s_Thesis\automation\results_behavior_windows\refractory\coupling_rl1_c1\raw_runs\map_0571.raw,C:\Users\vchat\Downloads\Vaishnavi_s_Thesis\automation\results_behavior_windows\refractory\coupling_rl1_c1\raw_runs\map_0571.log,C:\Users\vchat\Downloads\Vaishnavi_s_Thesis\automation\results_behavior_windows\refractory\coupling_rl1_c1\plots\map_0571.png,,,
572,ok,8500.0,2.0313006156682795e-08,C:\Users\vchat\Downloads\Vaishnavi_s_Thesis\automation\results_behavior_windows\refractory\coupling_rl1_c1\raw_runs\map_0572.raw,C:\Users\vchat\Downloads\Vaishnavi_s_Thesis\automation\results_behavior_windows\refractory\coupling_rl1_c1\raw_runs\map_0572.log,C:\Users\vchat\Downloads\Vaishnavi_s_Thesis\automation\results_behavior_windows\refractory\coupling_rl1_c1\plots\map_0572.png,,,
573,ok,8500.0,2.047134146236293e-08,C:\Users\vchat\Downloads\Vaishnavi_s_Thesis\automation\results_behavior_windows\refractory\coupling_rl1_c1\raw_runs\map_0573.raw,C:\Users\vchat\Downloads\Vaishnavi_s_Thesis\automation\results_behavior_windows\refractory\coupling_rl1_c1\raw_runs\map_0573.log,C:\Users\vchat\Downloads\Vaishnavi_s_Thesis\automation\results_behavior_windows\refractory\coupling_rl1_c1\plots\map_0573.png,,,
574,ok,8500.0,2.0630910956071693e-08,C:\Users\vchat\Downloads\Vaishnavi_s_Thesis\automation\results_behavior_windows\refractory\coupling_rl1_c1\raw_runs\map_0574.raw,C:\Users\vchat\Downloads\Vaishnavi_s_Thesis\automation\results_behavior_windows\refractory\coupling_rl1_c1\raw_runs\map_0574.log,C:\Users\vchat\Downloads\Vaishnavi_s_Thesis\automation\results_behavior_windows\refractory\coupling_rl1_c1\plots\map_0574.png,,,
575,ok,8500.0,2.0791724258026693e-08,C:\Users\vchat\Downloads\Vaishnavi_s_Thesis\automation\results_behavior_windows\refractory\coupling_rl1_c1\raw_runs\map_0575.raw,C:\Users\vchat\Downloads\Vaishnavi_s_Thesis\automation\results_behavior_windows\refractory\coupling_rl1_c1\raw_runs\map_0575.log,C:\Users\vchat\Downloads\Vaishnavi_s_Thesis\automation\results_behavior_windows\refractory\coupling_rl1_c1\plots\map_0575.png,,,
576,ok,8500.0,2.0953791063432937e-08,C:\Users\vchat\Downloads\Vaishnavi_s_Thesis\automation\results_behavior_windows\refractory\coupling_rl1_c1\raw_runs\map_0576.raw,C:\Users\vchat\Downloads\Vaishnavi_s_Thesis\automation\results_behavior_windows\refractory\coupling_rl1_c1\raw_runs\map_0576.log,C:\Users\vchat\Downloads\Vaishnavi_s_Thesis\automation\results_behavior_windows\refractory\coupling_rl1_c1\plots\map_0576.png,,,
577,ok,8500.0,2.11171211430674e-08,C:\Users\vchat\Downloads\Vaishnavi_s_Thesis\automation\results_behavior_windows\refractory\coupling_rl1_c1\raw_runs\map_0577.raw,C:\Users\vchat\Downloads\Vaishnavi_s_Thesis\automation\results_behavior_windows\refractory\coupling_rl1_c1\raw_runs\map_0577.log,C:\Users\vchat\Downloads\Vaishnavi_s_Thesis\automation\results_behavior_windows\refractory\coupling_rl1_c1\plots\map_0577.png,,,
578,ok,8500.0,2.1281724343867947e-08,C:\Users\vchat\Downloads\Vaishnavi_s_Thesis\automation\results_behavior_windows\refractory\coupling_rl1_c1\raw_runs\map_0578.raw,C:\Users\vchat\Downloads\Vaishnavi_s_Thesis\automation\results_behavior_windows\refractory\coupling_rl1_c1\raw_runs\map_0578.log,C:\Users\vchat\Downloads\Vaishnavi_s_Thesis\automation\results_behavior_windows\refractory\coupling_rl1_c1\plots\map_0578.png,,,
579,ok,8500.0,2.144761058952722e-08,C:\Users\vchat\Downloads\Vaishnavi_s_Thesis\automation\results_behavior_windows\refractory\coupling_rl1_c1\raw_runs\map_0579.raw,C:\Users\vchat\Downloads\Vaishnavi_s_Thesis\automation\results_behavior_windows\refractory\coupling_rl1_c1\raw_runs\map_0579.log,C:\Users\vchat\Downloads\Vaishnavi_s_Thesis\automation\results_behavior_windows\refractory\coupling_rl1_c1\plots\map_0579.png,,,
580,ok,8500.0,2.1614789881090783e-08,C:\Users\vchat\Downloads\Vaishnavi_s_Thesis\automation\results_behavior_windows\refractory\coupling_rl1_c1\raw_runs\map_0580.raw,C:\Users\vchat\Downloads\Vaishnavi_s_Thesis\automation\results_behavior_windows\refractory\coupling_rl1_c1\raw_runs\map_0580.log,C:\Users\vchat\Downloads\Vaishnavi_s_Thesis\automation\results_behavior_windows\refractory\coupling_rl1_c1\plots\map_0580.png,,,
581,ok,8500.0,2.1783272297560075e-08,C:\Users\vchat\Downloads\Vaishnavi_s_Thesis\automation\results_behavior_windows\refractory\coupling_rl1_c1\raw_runs\map_0581.raw,C:\Users\vchat\Downloads\Vaishnavi_s_Thesis\automation\results_behavior_windows\refractory\coupling_rl1_c1\raw_runs\map_0581.log,C:\Users\vchat\Downloads\Vaishnavi_s_Thesis\automation\results_behavior_windows\refractory\coupling_rl1_c1\plots\map_0581.png,,,
582,ok,8500.0,2.1953067996500143e-08,C:\Users\vchat\Downloads\Vaishnavi_s_Thesis\automation\results_behavior_windows\refractory\coupling_rl1_c1\raw_runs\map_0582.raw,C:\Users\vchat\Downloads\Vaishnavi_s_Thesis\automation\results_behavior_windows\refractory\coupling_rl1_c1\raw_runs\map_0582.log,C:\Users\vchat\Downloads\Vaishnavi_s_Thesis\automation\results_behavior_windows\refractory\coupling_rl1_c1\plots\map_0582.png,,,
583,ok,8500.0,2.2124187214651817e-08,C:\Users\vchat\Downloads\Vaishnavi_s_Thesis\automation\results_behavior_windows\refractory\coupling_rl1_c1\raw_runs\map_0583.raw,C:\Users\vchat\Downloads\Vaishnavi_s_Thesis\automation\results_behavior_windows\refractory\coupling_rl1_c1\raw_runs\map_0583.log,C:\Users\vchat\Downloads\Vaishnavi_s_Thesis\automation\results_behavior_windows\refractory\coupling_rl1_c1\plots\map_0583.png,,,
584,ok,8500.0,2.2296640268549164e-08,C:\Users\vchat\Downloads\Vaishnavi_s_Thesis\automation\results_behavior_windows\refractory\coupling_rl1_c1\raw_runs\map_0584.raw,C:\Users\vchat\Downloads\Vaishnavi_s_Thesis\automation\results_behavior_windows\refractory\coupling_rl1_c1\raw_runs\map_0584.log,C:\Users\vchat\Downloads\Vaishnavi_s_Thesis\automation\results_behavior_windows\refractory\coupling_rl1_c1\plots\map_0584.png,,,
585,ok,8500.0,2.2470437555141253e-08,C:\Users\vchat\Downloads\Vaishnavi_s_Thesis\automation\results_behavior_windows\refractory\coupling_rl1_c1\raw_runs\map_0585.raw,C:\Users\vchat\Downloads\Vaishnavi_s_Thesis\automation\results_behavior_windows\refractory\coupling_rl1_c1\raw_runs\map_0585.log,C:\Users\vchat\Downloads\Vaishnavi_s_Thesis\automation\results_behavior_windows\refractory\coupling_rl1_c1\plots\map_0585.png,,,
586,ok,8500.0,2.2645589552419077e-08,C:\Users\vchat\Downloads\Vaishnavi_s_Thesis\automation\results_behavior_windows\refractory\coupling_rl1_c1\raw_runs\map_0586.raw,C:\Users\vchat\Downloads\Vaishnavi_s_Thesis\automation\results_behavior_windows\refractory\coupling_rl1_c1\raw_runs\map_0586.log,C:\Users\vchat\Downloads\Vaishnavi_s_Thesis\automation\results_behavior_windows\refractory\coupling_rl1_c1\plots\map_0586.png,,,
587,ok,8500.0,2.282210682004707e-08,C:\Users\vchat\Downloads\Vaishnavi_s_Thesis\automation\results_behavior_windows\refractory\coupling_rl1_c1\raw_runs\map_0587.raw,C:\Users\vchat\Downloads\Vaishnavi_s_Thesis\automation\results_behavior_windows\refractory\coupling_rl1_c1\raw_runs\map_0587.log,C:\Users\vchat\Downloads\Vaishnavi_s_Thesis\automation\results_behavior_windows\refractory\coupling_rl1_c1\plots\map_0587.png,,,
588,ok,8500.0,2.300000000000001e-08,C:\Users\vchat\Downloads\Vaishnavi_s_Thesis\automation\results_behavior_windows\refractory\coupling_rl1_c1\raw_runs\map_0588.raw,C:\Users\vchat\Downloads\Vaishnavi_s_Thesis\automation\results_behavior_windows\refractory\coupling_rl1_c1\raw_runs\map_0588.log,C:\Users\vchat\Downloads\Vaishnavi_s_Thesis\automation\results_behavior_windows\refractory\coupling_rl1_c1\plots\map_0588.png,,,
589,ok,8550.0,2.0000000000000004e-08,C:\Users\vchat\Downloads\Vaishnavi_s_Thesis\automation\results_behavior_windows\refractory\coupling_rl1_c1\raw_runs\map_0589.raw,C:\Users\vchat\Downloads\Vaishnavi_s_Thesis\automation\results_behavior_windows\refractory\coupling_rl1_c1\raw_runs\map_0589.log,C:\Users\vchat\Downloads\Vaishnavi_s_Thesis\automation\results_behavior_windows\refractory\coupling_rl1_c1\plots\map_0589.png,,,
590,ok,8550.0,2.0155895493221232e-08,C:\Users\vchat\Downloads\Vaishnavi_s_Thesis\automation\results_behavior_windows\refractory\coupling_rl1_c1\raw_runs\map_0590.raw,C:\Users\vchat\Downloads\Vaishnavi_s_Thesis\automation\results_behavior_windows\refractory\coupling_rl1_c1\raw_runs\map_0590.log,C:\Users\vchat\Downloads\Vaishnavi_s_Thesis\automation\results_behavior_windows\refractory\coupling_rl1_c1\plots\map_0590.png,,,
591,ok,8550.0,2.0313006156682795e-08,C:\Users\vchat\Downloads\Vaishnavi_s_Thesis\automation\results_behavior_windows\refractory\coupling_rl1_c1\raw_runs\map_0591.raw,C:\Users\vchat\Downloads\Vaishnavi_s_Thesis\automation\results_behavior_windows\refractory\coupling_rl1_c1\raw_runs\map_0591.log,C:\Users\vchat\Downloads\Vaishnavi_s_Thesis\automation\results_behavior_windows\refractory\coupling_rl1_c1\plots\map_0591.png,,,
592,ok,8550.0,2.047134146236293e-08,C:\Users\vchat\Downloads\Vaishnavi_s_Thesis\automation\results_behavior_windows\refractory\coupling_rl1_c1\raw_runs\map_0592.raw,C:\Users\vchat\Downloads\Vaishnavi_s_Thesis\automation\results_behavior_windows\refractory\coupling_rl1_c1\raw_runs\map_0592.log,C:\Users\vchat\Downloads\Vaishnavi_s_Thesis\automation\results_behavior_windows\refractory\coupling_rl1_c1\plots\map_0592.png,,,
593,ok,8550.0,2.0630910956071693e-08,C:\Users\vchat\Downloads\Vaishnavi_s_Thesis\automation\results_behavior_windows\refractory\coupling_rl1_c1\raw_runs\map_0593.raw,C:\Users\vchat\Downloads\Vaishnavi_s_Thesis\automation\results_behavior_windows\refractory\coupling_rl1_c1\raw_runs\map_0593.log,C:\Users\vchat\Downloads\Vaishnavi_s_Thesis\automation\results_behavior_windows\refractory\coupling_rl1_c1\plots\map_0593.png,,,
594,ok,8550.0,2.0791724258026693e-08,C:\Users\vchat\Downloads\Vaishnavi_s_Thesis\automation\results_behavior_windows\refractory\coupling_rl1_c1\raw_runs\map_0594.raw,C:\Users\vchat\Downloads\Vaishnavi_s_Thesis\automation\results_behavior_windows\refractory\coupling_rl1_c1\raw_runs\map_0594.log,C:\Users\vchat\Downloads\Vaishnavi_s_Thesis\automation\results_behavior_windows\refractory\coupling_rl1_c1\plots\map_0594.png,,,
595,ok,8550.0,2.0953791063432937e-08,C:\Users\vchat\Downloads\Vaishnavi_s_Thesis\automation\results_behavior_windows\refractory\coupling_rl1_c1\raw_runs\map_0595.raw,C:\Users\vchat\Downloads\Vaishnavi_s_Thesis\automation\results_behavior_windows\refractory\coupling_rl1_c1\raw_runs\map_0595.log,C:\Users\vchat\Downloads\Vaishnavi_s_Thesis\automation\results_behavior_windows\refractory\coupling_rl1_c1\plots\map_0595.png,,,
596,ok,8550.0,2.11171211430674e-08,C:\Users\vchat\Downloads\Vaishnavi_s_Thesis\automation\results_behavior_windows\refractory\coupling_rl1_c1\raw_runs\map_0596.raw,C:\Users\vchat\Downloads\Vaishnavi_s_Thesis\automation\results_behavior_windows\refractory\coupling_rl1_c1\raw_runs\map_0596.log,C:\Users\vchat\Downloads\Vaishnavi_s_Thesis\automation\results_behavior_windows\refractory\coupling_rl1_c1\plots\map_0596.png,,,
597,ok,8550.0,2.1281724343867947e-08,C:\Users\vchat\Downloads\Vaishnavi_s_Thesis\automation\results_behavior_windows\refractory\coupling_rl1_c1\raw_runs\map_0597.raw,C:\Users\vchat\Downloads\Vaishnavi_s_Thesis\automation\results_behavior_windows\refractory\coupling_rl1_c1\raw_runs\map_0597.log,C:\Users\vchat\Downloads\Vaishnavi_s_Thesis\automation\results_behavior_windows\refractory\coupling_rl1_c1\plots\map_0597.png,,,
598,ok,8550.0,2.144761058952722e-08,C:\Users\vchat\Downloads\Vaishnavi_s_Thesis\automation\results_behavior_windows\refractory\coupling_rl1_c1\raw_runs\map_0598.raw,C:\Users\vchat\Downloads\Vaishnavi_s_Thesis\automation\results_behavior_windows\refractory\coupling_rl1_c1\raw_runs\map_0598.log,C:\Users\vchat\Downloads\Vaishnavi_s_Thesis\automation\results_behavior_windows\refractory\coupling_rl1_c1\plots\map_0598.png,,,
599,ok,8550.0,2.1614789881090783e-08,C:\Users\vchat\Downloads\Vaishnavi_s_Thesis\automation\results_behavior_windows\refractory\coupling_rl1_c1\raw_runs\map_0599.raw,C:\Users\vchat\Downloads\Vaishnavi_s_Thesis\automation\results_behavior_windows\refractory\coupling_rl1_c1\raw_runs\map_0599.log,C:\Users\vchat\Downloads\Vaishnavi_s_Thesis\automation\results_behavior_windows\refractory\coupling_rl1_c1\plots\map_0599.png,,,
600,ok,8550.0,2.1783272297560075e-08,C:\Users\vchat\Downloads\Vaishnavi_s_Thesis\automation\results_behavior_windows\refractory\coupling_rl1_c1\raw_runs\map_0600.raw,C:\Users\vchat\Downloads\Vaishnavi_s_Thesis\automation\results_behavior_windows\refractory\coupling_rl1_c1\raw_runs\map_0600.log,C:\Users\vchat\Downloads\Vaishnavi_s_Thesis\automation\results_behavior_windows\refractory\coupling_rl1_c1\plots\map_0600.png,,,
601,ok,8550.0,2.1953067996500143e-08,C:\Users\vchat\Downloads\Vaishnavi_s_Thesis\automation\results_behavior_windows\refractory\coupling_rl1_c1\raw_runs\map_0601.raw,C:\Users\vchat\Downloads\Vaishnavi_s_Thesis\automation\results_behavior_windows\refractory\coupling_rl1_c1\raw_runs\map_0601.log,C:\Users\vchat\Downloads\Vaishnavi_s_Thesis\automation\results_behavior_windows\refractory\coupling_rl1_c1\plots\map_0601.png,,,
602,ok,8550.0,2.2124187214651817e-08,C:\Users\vchat\Downloads\Vaishnavi_s_Thesis\automation\results_behavior_windows\refractory\coupling_rl1_c1\raw_runs\map_0602.raw,C:\Users\vchat\Downloads\Vaishnavi_s_Thesis\automation\results_behavior_windows\refractory\coupling_rl1_c1\raw_runs\map_0602.log,C:\Users\vchat\Downloads\Vaishnavi_s_Thesis\automation\results_behavior_windows\refractory\coupling_rl1_c1\plots\map_0602.png,,,
603,ok,8550.0,2.2296640268549164e-08,C:\Users\vchat\Downloads\Vaishnavi_s_Thesis\automation\results_behavior_windows\refractory\coupling_rl1_c1\raw_runs\map_0603.raw,C:\Users\vchat\Downloads\Vaishnavi_s_Thesis\automation\results_behavior_windows\refractory\coupling_rl1_c1\raw_runs\map_0603.log,C:\Users\vchat\Downloads\Vaishnavi_s_Thesis\automation\results_behavior_windows\refractory\coupling_rl1_c1\plots\map_0603.png,,,
604,ok,8550.0,2.2470437555141253e-08,C:\Users\vchat\Downloads\Vaishnavi_s_Thesis\automation\results_behavior_windows\refractory\coupling_rl1_c1\raw_runs\map_0604.raw,C:\Users\vchat\Downloads\Vaishnavi_s_Thesis\automation\results_behavior_windows\refractory\coupling_rl1_c1\raw_runs\map_0604.log,C:\Users\vchat\Downloads\Vaishnavi_s_Thesis\automation\results_behavior_windows\refractory\coupling_rl1_c1\plots\map_0604.png,,,
605,ok,8550.0,2.2645589552419077e-08,C:\Users\vchat\Downloads\Vaishnavi_s_Thesis\automation\results_behavior_windows\refractory\coupling_rl1_c1\raw_runs\map_0605.raw,C:\Users\vchat\Downloads\Vaishnavi_s_Thesis\automation\results_behavior_windows\refractory\coupling_rl1_c1\raw_runs\map_0605.log,C:\Users\vchat\Downloads\Vaishnavi_s_Thesis\automation\results_behavior_windows\refractory\coupling_rl1_c1\plots\map_0605.png,,,
606,ok,8550.0,2.282210682004707e-08,C:\Users\vchat\Downloads\Vaishnavi_s_Thesis\automation\results_behavior_windows\refractory\coupling_rl1_c1\raw_runs\map_0606.raw,C:\Users\vchat\Downloads\Vaishnavi_s_Thesis\automation\results_behavior_windows\refractory\coupling_rl1_c1\raw_runs\map_0606.log,C:\Users\vchat\Downloads\Vaishnavi_s_Thesis\automation\results_behavior_windows\refractory\coupling_rl1_c1\plots\map_0606.png,,,
607,ok,8550.0,2.300000000000001e-08,C:\Users\vchat\Downloads\Vaishnavi_s_Thesis\automation\results_behavior_windows\refractory\coupling_rl1_c1\raw_runs\map_0607.raw,C:\Users\vchat\Downloads\Vaishnavi_s_Thesis\automation\results_behavior_windows\refractory\coupling_rl1_c1\raw_runs\map_0607.log,C:\Users\vchat\Downloads\Vaishnavi_s_Thesis\automation\results_behavior_windows\refractory\coupling_rl1_c1\plots\map_0607.png,,,
608,ok,8600.0,2.0000000000000004e-08,C:\Users\vchat\Downloads\Vaishnavi_s_Thesis\automation\results_behavior_windows\refractory\coupling_rl1_c1\raw_runs\map_0608.raw,C:\Users\vchat\Downloads\Vaishnavi_s_Thesis\automation\results_behavior_windows\refractory\coupling_rl1_c1\raw_runs\map_0608.log,C:\Users\vchat\Downloads\Vaishnavi_s_Thesis\automation\results_behavior_windows\refractory\coupling_rl1_c1\plots\map_0608.png,,,
609,ok,8600.0,2.0155895493221232e-08,C:\Users\vchat\Downloads\Vaishnavi_s_Thesis\automation\results_behavior_windows\refractory\coupling_rl1_c1\raw_runs\map_0609.raw,C:\Users\vchat\Downloads\Vaishnavi_s_Thesis\automation\results_behavior_windows\refractory\coupling_rl1_c1\raw_runs\map_0609.log,C:\Users\vchat\Downloads\Vaishnavi_s_Thesis\automation\results_behavior_windows\refractory\coupling_rl1_c1\plots\map_0609.png,,,
610,ok,8600.0,2.0313006156682795e-08,C:\Users\vchat\Downloads\Vaishnavi_s_Thesis\automation\results_behavior_windows\refractory\coupling_rl1_c1\raw_runs\map_0610.raw,C:\Users\vchat\Downloads\Vaishnavi_s_Thesis\automation\results_behavior_windows\refractory\coupling_rl1_c1\raw_runs\map_0610.log,C:\Users\vchat\Downloads\Vaishnavi_s_Thesis\automation\results_behavior_windows\refractory\coupling_rl1_c1\plots\map_0610.png,,,
611,ok,8600.0,2.047134146236293e-08,C:\Users\vchat\Downloads\Vaishnavi_s_Thesis\automation\results_behavior_windows\refractory\coupling_rl1_c1\raw_runs\map_0611.raw,C:\Users\vchat\Downloads\Vaishnavi_s_Thesis\automation\results_behavior_windows\refractory\coupling_rl1_c1\raw_runs\map_0611.log,C:\Users\vchat\Downloads\Vaishnavi_s_Thesis\automation\results_behavior_windows\refractory\coupling_rl1_c1\plots\map_0611.png,,,
612,ok,8600.0,2.0630910956071693e-08,C:\Users\vchat\Downloads\Vaishnavi_s_Thesis\automation\results_behavior_windows\refractory\coupling_rl1_c1\raw_runs\map_0612.raw,C:\Users\vchat\Downloads\Vaishnavi_s_Thesis\automation\results_behavior_windows\refractory\coupling_rl1_c1\raw_runs\map_0612.log,C:\Users\vchat\Downloads\Vaishnavi_s_Thesis\automation\results_behavior_windows\refractory\coupling_rl1_c1\plots\map_0612.png,,,
613,ok,8600.0,2.0791724258026693e-08,C:\Users\vchat\Downloads\Vaishnavi_s_Thesis\automation\results_behavior_windows\refractory\coupling_rl1_c1\raw_runs\map_0613.raw,C:\Users\vchat\Downloads\Vaishnavi_s_Thesis\automation\results_behavior_windows\refractory\coupling_rl1_c1\raw_runs\map_0613.log,C:\Users\vchat\Downloads\Vaishnavi_s_Thesis\automation\results_behavior_windows\refractory\coupling_rl1_c1\plots\map_0613.png,,,
614,ok,8600.0,2.0953791063432937e-08,C:\Users\vchat\Downloads\Vaishnavi_s_Thesis\automation\results_behavior_windows\refractory\coupling_rl1_c1\raw_runs\map_0614.raw,C:\Users\vchat\Downloads\Vaishnavi_s_Thesis\automation\results_behavior_windows\refractory\coupling_rl1_c1\raw_runs\map_0614.log,C:\Users\vchat\Downloads\Vaishnavi_s_Thesis\automation\results_behavior_windows\refractory\coupling_rl1_c1\plots\map_0614.png,,,
615,ok,8600.0,2.11171211430674e-08,C:\Users\vchat\Downloads\Vaishnavi_s_Thesis\automation\results_behavior_windows\refractory\coupling_rl1_c1\raw_runs\map_0615.raw,C:\Users\vchat\Downloads\Vaishnavi_s_Thesis\automation\results_behavior_windows\refractory\coupling_rl1_c1\raw_runs\map_0615.log,C:\Users\vchat\Downloads\Vaishnavi_s_Thesis\automation\results_behavior_windows\refractory\coupling_rl1_c1\plots\map_0615.png,,,
616,ok,8600.0,2.1281724343867947e-08,C:\Users\vchat\Downloads\Vaishnavi_s_Thesis\automation\results_behavior_windows\refractory\coupling_rl1_c1\raw_runs\map_0616.raw,C:\Users\vchat\Downloads\Vaishnavi_s_Thesis\automation\results_behavior_windows\refractory\coupling_rl1_c1\raw_runs\map_0616.log,C:\Users\vchat\Downloads\Vaishnavi_s_Thesis\automation\results_behavior_windows\refractory\coupling_rl1_c1\plots\map_0616.png,,,
617,ok,8600.0,2.144761058952722e-08,C:\Users\vchat\Downloads\Vaishnavi_s_Thesis\automation\results_behavior_windows\refractory\coupling_rl1_c1\raw_runs\map_0617.raw,C:\Users\vchat\Downloads\Vaishnavi_s_Thesis\automation\results_behavior_windows\refractory\coupling_rl1_c1\raw_runs\map_0617.log,C:\Users\vchat\Downloads\Vaishnavi_s_Thesis\automation\results_behavior_windows\refractory\coupling_rl1_c1\plots\map_0617.png,,,
618,ok,8600.0,2.1614789881090783e-08,C:\Users\vchat\Downloads\Vaishnavi_s_Thesis\automation\results_behavior_windows\refractory\coupling_rl1_c1\raw_runs\map_0618.raw,C:\Users\vchat\Downloads\Vaishnavi_s_Thesis\automation\results_behavior_windows\refractory\coupling_rl1_c1\raw_runs\map_0618.log,C:\Users\vchat\Downloads\Vaishnavi_s_Thesis\automation\results_behavior_windows\refractory\coupling_rl1_c1\plots\map_0618.png,,,
619,ok,8600.0,2.1783272297560075e-08,C:\Users\vchat\Downloads\Vaishnavi_s_Thesis\automation\results_behavior_windows\refractory\coupling_rl1_c1\raw_runs\map_0619.raw,C:\Users\vchat\Downloads\Vaishnavi_s_Thesis\automation\results_behavior_windows\refractory\coupling_rl1_c1\raw_runs\map_0619.log,C:\Users\vchat\Downloads\Vaishnavi_s_Thesis\automation\results_behavior_windows\refractory\coupling_rl1_c1\plots\map_0619.png,,,
620,ok,8600.0,2.1953067996500143e-08,C:\Users\vchat\Downloads\Vaishnavi_s_Thesis\automation\results_behavior_windows\refractory\coupling_rl1_c1\raw_runs\map_0620.raw,C:\Users\vchat\Downloads\Vaishnavi_s_Thesis\automation\results_behavior_windows\refractory\coupling_rl1_c1\raw_runs\map_0620.log,C:\Users\vchat\Downloads\Vaishnavi_s_Thesis\automation\results_behavior_windows\refractory\coupling_rl1_c1\plots\map_0620.png,,,
621,ok,8600.0,2.2124187214651817e-08,C:\Users\vchat\Downloads\Vaishnavi_s_Thesis\automation\results_behavior_windows\refractory\coupling_rl1_c1\raw_runs\map_0621.raw,C:\Users\vchat\Downloads\Vaishnavi_s_Thesis\automation\results_behavior_windows\refractory\coupling_rl1_c1\raw_runs\map_0621.log,C:\Users\vchat\Downloads\Vaishnavi_s_Thesis\automation\results_behavior_windows\refractory\coupling_rl1_c1\plots\map_0621.png,,,
622,ok,8600.0,2.2296640268549164e-08,C:\Users\vchat\Downloads\Vaishnavi_s_Thesis\automation\results_behavior_windows\refractory\coupling_rl1_c1\raw_runs\map_0622.raw,C:\Users\vchat\Downloads\Vaishnavi_s_Thesis\automation\results_behavior_windows\refractory\coupling_rl1_c1\raw_runs\map_0622.log,C:\Users\vchat\Downloads\Vaishnavi_s_Thesis\automation\results_behavior_windows\refractory\coupling_rl1_c1\plots\map_0622.png,,,
623,ok,8600.0,2.2470437555141253e-08,C:\Users\vchat\Downloads\Vaishnavi_s_Thesis\automation\results_behavior_windows\refractory\coupling_rl1_c1\raw_runs\map_0623.raw,C:\Users\vchat\Downloads\Vaishnavi_s_Thesis\automation\results_behavior_windows\refractory\coupling_rl1_c1\raw_runs\map_0623.log,C:\Users\vchat\Downloads\Vaishnavi_s_Thesis\automation\results_behavior_windows\refractory\coupling_rl1_c1\plots\map_0623.png,,,
624,ok,8600.0,2.2645589552419077e-08,C:\Users\vchat\Downloads\Vaishnavi_s_Thesis\automation\results_behavior_windows\refractory\coupling_rl1_c1\raw_runs\map_0624.raw,C:\Users\vchat\Downloads\Vaishnavi_s_Thesis\automation\results_behavior_windows\refractory\coupling_rl1_c1\raw_runs\map_0624.log,C:\Users\vchat\Downloads\Vaishnavi_s_Thesis\automation\results_behavior_windows\refractory\coupling_rl1_c1\plots\map_0624.png,,,
625,ok,8600.0,2.282210682004707e-08,C:\Users\vchat\Downloads\Vaishnavi_s_Thesis\automation\results_behavior_windows\refractory\coupling_rl1_c1\raw_runs\map_0625.raw,C:\Users\vchat\Downloads\Vaishnavi_s_Thesis\automation\results_behavior_windows\refractory\coupling_rl1_c1\raw_runs\map_0625.log,C:\Users\vchat\Downloads\Vaishnavi_s_Thesis\automation\results_behavior_windows\refractory\coupling_rl1_c1\plots\map_0625.png,,,
626,ok,8600.0,2.300000000000001e-08,C:\Users\vchat\Downloads\Vaishnavi_s_Thesis\automation\results_behavior_windows\refractory\coupling_rl1_c1\raw_runs\map_0626.raw,C:\Users\vchat\Downloads\Vaishnavi_s_Thesis\automation\results_behavior_windows\refractory\coupling_rl1_c1\raw_runs\map_0626.log,C:\Users\vchat\Downloads\Vaishnavi_s_Thesis\automation\results_behavior_windows\refractory\coupling_rl1_c1\plots\map_0626.png,,,
627,ok,8650.0,2.0000000000000004e-08,C:\Users\vchat\Downloads\Vaishnavi_s_Thesis\automation\results_behavior_windows\refractory\coupling_rl1_c1\raw_runs\map_0627.raw,C:\Users\vchat\Downloads\Vaishnavi_s_Thesis\automation\results_behavior_windows\refractory\coupling_rl1_c1\raw_runs\map_0627.log,C:\Users\vchat\Downloads\Vaishnavi_s_Thesis\automation\results_behavior_windows\refractory\coupling_rl1_c1\plots\map_0627.png,,,
628,ok,8650.0,2.0155895493221232e-08,C:\Users\vchat\Downloads\Vaishnavi_s_Thesis\automation\results_behavior_windows\refractory\coupling_rl1_c1\raw_runs\map_0628.raw,C:\Users\vchat\Downloads\Vaishnavi_s_Thesis\automation\results_behavior_windows\refractory\coupling_rl1_c1\raw_runs\map_0628.log,C:\Users\vchat\Downloads\Vaishnavi_s_Thesis\automation\results_behavior_windows\refractory\coupling_rl1_c1\plots\map_0628.png,,,
629,ok,8650.0,2.0313006156682795e-08,C:\Users\vchat\Downloads\Vaishnavi_s_Thesis\automation\results_behavior_windows\refractory\coupling_rl1_c1\raw_runs\map_0629.raw,C:\Users\vchat\Downloads\Vaishnavi_s_Thesis\automation\results_behavior_windows\refractory\coupling_rl1_c1\raw_runs\map_0629.log,C:\Users\vchat\Downloads\Vaishnavi_s_Thesis\automation\results_behavior_windows\refractory\coupling_rl1_c1\plots\map_0629.png,,,
630,ok,8650.0,2.047134146236293e-08,C:\Users\vchat\Downloads\Vaishnavi_s_Thesis\automation\results_behavior_windows\refractory\coupling_rl1_c1\raw_runs\map_0630.raw,C:\Users\vchat\Downloads\Vaishnavi_s_Thesis\automation\results_behavior_windows\refractory\coupling_rl1_c1\raw_runs\map_0630.log,C:\Users\vchat\Downloads\Vaishnavi_s_Thesis\automation\results_behavior_windows\refractory\coupling_rl1_c1\plots\map_0630.png,,,
631,ok,8650.0,2.0630910956071693e-08,C:\Users\vchat\Downloads\Vaishnavi_s_Thesis\automation\results_behavior_windows\refractory\coupling_rl1_c1\raw_runs\map_0631.raw,C:\Users\vchat\Downloads\Vaishnavi_s_Thesis\automation\results_behavior_windows\refractory\coupling_rl1_c1\raw_runs\map_0631.log,C:\Users\vchat\Downloads\Vaishnavi_s_Thesis\automation\results_behavior_windows\refractory\coupling_rl1_c1\plots\map_0631.png,,,
632,ok,8650.0,2.0791724258026693e-08,C:\Users\vchat\Downloads\Vaishnavi_s_Thesis\automation\results_behavior_windows\refractory\coupling_rl1_c1\raw_runs\map_0632.raw,C:\Users\vchat\Downloads\Vaishnavi_s_Thesis\automation\results_behavior_windows\refractory\coupling_rl1_c1\raw_runs\map_0632.log,C:\Users\vchat\Downloads\Vaishnavi_s_Thesis\automation\results_behavior_windows\refractory\coupling_rl1_c1\plots\map_0632.png,,,
633,ok,8650.0,2.0953791063432937e-08,C:\Users\vchat\Downloads\Vaishnavi_s_Thesis\automation\results_behavior_windows\refractory\coupling_rl1_c1\raw_runs\map_0633.raw,C:\Users\vchat\Downloads\Vaishnavi_s_Thesis\automation\results_behavior_windows\refractory\coupling_rl1_c1\raw_runs\map_0633.log,C:\Users\vchat\Downloads\Vaishnavi_s_Thesis\automation\results_behavior_windows\refractory\coupling_rl1_c1\plots\map_0633.png,,,
634,ok,8650.0,2.11171211430674e-08,C:\Users\vchat\Downloads\Vaishnavi_s_Thesis\automation\results_behavior_windows\refractory\coupling_rl1_c1\raw_runs\map_0634.raw,C:\Users\vchat\Downloads\Vaishnavi_s_Thesis\automation\results_behavior_windows\refractory\coupling_rl1_c1\raw_runs\map_0634.log,C:\Users\vchat\Downloads\Vaishnavi_s_Thesis\automation\results_behavior_windows\refractory\coupling_rl1_c1\plots\map_0634.png,,,
635,ok,8650.0,2.1281724343867947e-08,C:\Users\vchat\Downloads\Vaishnavi_s_Thesis\automation\results_behavior_windows\refractory\coupling_rl1_c1\raw_runs\map_0635.raw,C:\Users\vchat\Downloads\Vaishnavi_s_Thesis\automation\results_behavior_windows\refractory\coupling_rl1_c1\raw_runs\map_0635.log,C:\Users\vchat\Downloads\Vaishnavi_s_Thesis\automation\results_behavior_windows\refractory\coupling_rl1_c1\plots\map_0635.png,,,
636,ok,8650.0,2.144761058952722e-08,C:\Users\vchat\Downloads\Vaishnavi_s_Thesis\automation\results_behavior_windows\refractory\coupling_rl1_c1\raw_runs\map_0636.raw,C:\Users\vchat\Downloads\Vaishnavi_s_Thesis\automation\results_behavior_windows\refractory\coupling_rl1_c1\raw_runs\map_0636.log,C:\Users\vchat\Downloads\Vaishnavi_s_Thesis\automation\results_behavior_windows\refractory\coupling_rl1_c1\plots\map_0636.png,,,
637,ok,8650.0,2.1614789881090783e-08,C:\Users\vchat\Downloads\Vaishnavi_s_Thesis\automation\results_behavior_windows\refractory\coupling_rl1_c1\raw_runs\map_0637.raw,C:\Users\vchat\Downloads\Vaishnavi_s_Thesis\automation\results_behavior_windows\refractory\coupling_rl1_c1\raw_runs\map_0637.log,C:\Users\vchat\Downloads\Vaishnavi_s_Thesis\automation\results_behavior_windows\refractory\coupling_rl1_c1\plots\map_0637.png,,,
638,ok,8650.0,2.1783272297560075e-08,C:\Users\vchat\Downloads\Vaishnavi_s_Thesis\automation\results_behavior_windows\refractory\coupling_rl1_c1\raw_runs\map_0638.raw,C:\Users\vchat\Downloads\Vaishnavi_s_Thesis\automation\results_behavior_windows\refractory\coupling_rl1_c1\raw_runs\map_0638.log,C:\Users\vchat\Downloads\Vaishnavi_s_Thesis\automation\results_behavior_windows\refractory\coupling_rl1_c1\plots\map_0638.png,,,
639,ok,8650.0,2.1953067996500143e-08,C:\Users\vchat\Downloads\Vaishnavi_s_Thesis\automation\results_behavior_windows\refractory\coupling_rl1_c1\raw_runs\map_0639.raw,C:\Users\vchat\Downloads\Vaishnavi_s_Thesis\automation\results_behavior_windows\refractory\coupling_rl1_c1\raw_runs\map_0639.log,C:\Users\vchat\Downloads\Vaishnavi_s_Thesis\automation\results_behavior_windows\refractory\coupling_rl1_c1\plots\map_0639.png,,,
640,ok,8650.0,2.2124187214651817e-08,C:\Users\vchat\Downloads\Vaishnavi_s_Thesis\automation\results_behavior_windows\refractory\coupling_rl1_c1\raw_runs\map_0640.raw,C:\Users\vchat\Downloads\Vaishnavi_s_Thesis\automation\results_behavior_windows\refractory\coupling_rl1_c1\raw_runs\map_0640.log,C:\Users\vchat\Downloads\Vaishnavi_s_Thesis\automation\results_behavior_windows\refractory\coupling_rl1_c1\plots\map_0640.png,,,
641,ok,8650.0,2.2296640268549164e-08,C:\Users\vchat\Downloads\Vaishnavi_s_Thesis\automation\results_behavior_windows\refractory\coupling_rl1_c1\raw_runs\map_0641.raw,C:\Users\vchat\Downloads\Vaishnavi_s_Thesis\automation\results_behavior_windows\refractory\coupling_rl1_c1\raw_runs\map_0641.log,C:\Users\vchat\Downloads\Vaishnavi_s_Thesis\automation\results_behavior_windows\refractory\coupling_rl1_c1\plots\map_0641.png,,,
642,ok,8650.0,2.2470437555141253e-08,C:\Users\vchat\Downloads\Vaishnavi_s_Thesis\automation\results_behavior_windows\refractory\coupling_rl1_c1\raw_runs\map_0642.raw,C:\Users\vchat\Downloads\Vaishnavi_s_Thesis\automation\results_behavior_windows\refractory\coupling_rl1_c1\raw_runs\map_0642.log,C:\Users\vchat\Downloads\Vaishnavi_s_Thesis\automation\results_behavior_windows\refractory\coupling_rl1_c1\plots\map_0642.png,,,
643,ok,8650.0,2.2645589552419077e-08,C:\Users\vchat\Downloads\Vaishnavi_s_Thesis\automation\results_behavior_windows\refractory\coupling_rl1_c1\raw_runs\map_0643.raw,C:\Users\vchat\Downloads\Vaishnavi_s_Thesis\automation\results_behavior_windows\refractory\coupling_rl1_c1\raw_runs\map_0643.log,C:\Users\vchat\Downloads\Vaishnavi_s_Thesis\automation\results_behavior_windows\refractory\coupling_rl1_c1\plots\map_0643.png,,,
644,ok,8650.0,2.282210682004707e-08,C:\Users\vchat\Downloads\Vaishnavi_s_Thesis\automation\results_behavior_windows\refractory\coupling_rl1_c1\raw_runs\map_0644.raw,C:\Users\vchat\Downloads\Vaishnavi_s_Thesis\automation\results_behavior_windows\refractory\coupling_rl1_c1\raw_runs\map_0644.log,C:\Users\vchat\Downloads\Vaishnavi_s_Thesis\automation\results_behavior_windows\refractory\coupling_rl1_c1\plots\map_0644.png,,,
645,ok,8650.0,2.300000000000001e-08,C:\Users\vchat\Downloads\Vaishnavi_s_Thesis\automation\results_behavior_windows\refractory\coupling_rl1_c1\raw_runs\map_0645.raw,C:\Users\vchat\Downloads\Vaishnavi_s_Thesis\automation\results_behavior_windows\refractory\coupling_rl1_c1\raw_runs\map_0645.log,C:\Users\vchat\Downloads\Vaishnavi_s_Thesis\automation\results_behavior_windows\refractory\coupling_rl1_c1\plots\map_0645.png,,,
646,ok,8700.0,2.0000000000000004e-08,C:\Users\vchat\Downloads\Vaishnavi_s_Thesis\automation\results_behavior_windows\refractory\coupling_rl1_c1\raw_runs\map_0646.raw,C:\Users\vchat\Downloads\Vaishnavi_s_Thesis\automation\results_behavior_windows\refractory\coupling_rl1_c1\raw_runs\map_0646.log,C:\Users\vchat\Downloads\Vaishnavi_s_Thesis\automation\results_behavior_windows\refractory\coupling_rl1_c1\plots\map_0646.png,,,
647,ok,8700.0,2.0155895493221232e-08,C:\Users\vchat\Downloads\Vaishnavi_s_Thesis\automation\results_behavior_windows\refractory\coupling_rl1_c1\raw_runs\map_0647.raw,C:\Users\vchat\Downloads\Vaishnavi_s_Thesis\automation\results_behavior_windows\refractory\coupling_rl1_c1\raw_runs\map_0647.log,C:\Users\vchat\Downloads\Vaishnavi_s_Thesis\automation\results_behavior_windows\refractory\coupling_rl1_c1\plots\map_0647.png,,,
648,ok,8700.0,2.0313006156682795e-08,C:\Users\vchat\Downloads\Vaishnavi_s_Thesis\automation\results_behavior_windows\refractory\coupling_rl1_c1\raw_runs\map_0648.raw,C:\Users\vchat\Downloads\Vaishnavi_s_Thesis\automation\results_behavior_windows\refractory\coupling_rl1_c1\raw_runs\map_0648.log,C:\Users\vchat\Downloads\Vaishnavi_s_Thesis\automation\results_behavior_windows\refractory\coupling_rl1_c1\plots\map_0648.png,,,
649,ok,8700.0,2.047134146236293e-08,C:\Users\vchat\Downloads\Vaishnavi_s_Thesis\automation\results_behavior_windows\refractory\coupling_rl1_c1\raw_runs\map_0649.raw,C:\Users\vchat\Downloads\Vaishnavi_s_Thesis\automation\results_behavior_windows\refractory\coupling_rl1_c1\raw_runs\map_0649.log,C:\Users\vchat\Downloads\Vaishnavi_s_Thesis\automation\results_behavior_windows\refractory\coupling_rl1_c1\plots\map_0649.png,,,
650,ok,8700.0,2.0630910956071693e-08,C:\Users\vchat\Downloads\Vaishnavi_s_Thesis\automation\results_behavior_windows\refractory\coupling_rl1_c1\raw_runs\map_0650.raw,C:\Users\vchat\Downloads\Vaishnavi_s_Thesis\automation\results_behavior_windows\refractory\coupling_rl1_c1\raw_runs\map_0650.log,C:\Users\vchat\Downloads\Vaishnavi_s_Thesis\automation\results_behavior_windows\refractory\coupling_rl1_c1\plots\map_0650.png,,,
651,ok,8700.0,2.0791724258026693e-08,C:\Users\vchat\Downloads\Vaishnavi_s_Thesis\automation\results_behavior_windows\refractory\coupling_rl1_c1\raw_runs\map_0651.raw,C:\Users\vchat\Downloads\Vaishnavi_s_Thesis\automation\results_behavior_windows\refractory\coupling_rl1_c1\raw_runs\map_0651.log,C:\Users\vchat\Downloads\Vaishnavi_s_Thesis\automation\results_behavior_windows\refractory\coupling_rl1_c1\plots\map_0651.png,,,
652,ok,8700.0,2.0953791063432937e-08,C:\Users\vchat\Downloads\Vaishnavi_s_Thesis\automation\results_behavior_windows\refractory\coupling_rl1_c1\raw_runs\map_0652.raw,C:\Users\vchat\Downloads\Vaishnavi_s_Thesis\automation\results_behavior_windows\refractory\coupling_rl1_c1\raw_runs\map_0652.log,C:\Users\vchat\Downloads\Vaishnavi_s_Thesis\automation\results_behavior_windows\refractory\coupling_rl1_c1\plots\map_0652.png,,,
653,ok,8700.0,2.11171211430674e-08,C:\Users\vchat\Downloads\Vaishnavi_s_Thesis\automation\results_behavior_windows\refractory\coupling_rl1_c1\raw_runs\map_0653.raw,C:\Users\vchat\Downloads\Vaishnavi_s_Thesis\automation\results_behavior_windows\refractory\coupling_rl1_c1\raw_runs\map_0653.log,C:\Users\vchat\Downloads\Vaishnavi_s_Thesis\automation\results_behavior_windows\refractory\coupling_rl1_c1\plots\map_0653.png,,,
654,ok,8700.0,2.1281724343867947e-08,C:\Users\vchat\Downloads\Vaishnavi_s_Thesis\automation\results_behavior_windows\refractory\coupling_rl1_c1\raw_runs\map_0654.raw,C:\Users\vchat\Downloads\Vaishnavi_s_Thesis\automation\results_behavior_windows\refractory\coupling_rl1_c1\raw_runs\map_0654.log,C:\Users\vchat\Downloads\Vaishnavi_s_Thesis\automation\results_behavior_windows\refractory\coupling_rl1_c1\plots\map_0654.png,,,
655,ok,8700.0,2.144761058952722e-08,C:\Users\vchat\Downloads\Vaishnavi_s_Thesis\automation\results_behavior_windows\refractory\coupling_rl1_c1\raw_runs\map_0655.raw,C:\Users\vchat\Downloads\Vaishnavi_s_Thesis\automation\results_behavior_windows\refractory\coupling_rl1_c1\raw_runs\map_0655.log,C:\Users\vchat\Downloads\Vaishnavi_s_Thesis\automation\results_behavior_windows\refractory\coupling_rl1_c1\plots\map_0655.png,,,
656,ok,8700.0,2.1614789881090783e-08,C:\Users\vchat\Downloads\Vaishnavi_s_Thesis\automation\results_behavior_windows\refractory\coupling_rl1_c1\raw_runs\map_0656.raw,C:\Users\vchat\Downloads\Vaishnavi_s_Thesis\automation\results_behavior_windows\refractory\coupling_rl1_c1\raw_runs\map_0656.log,C:\Users\vchat\Downloads\Vaishnavi_s_Thesis\automation\results_behavior_windows\refractory\coupling_rl1_c1\plots\map_0656.png,,,
657,ok,8700.0,2.1783272297560075e-08,C:\Users\vchat\Downloads\Vaishnavi_s_Thesis\automation\results_behavior_windows\refractory\coupling_rl1_c1\raw_runs\map_0657.raw,C:\Users\vchat\Downloads\Vaishnavi_s_Thesis\automation\results_behavior_windows\refractory\coupling_rl1_c1\raw_runs\map_0657.log,C:\Users\vchat\Downloads\Vaishnavi_s_Thesis\automation\results_behavior_windows\refractory\coupling_rl1_c1\plots\map_0657.png,,,
658,ok,8700.0,2.1953067996500143e-08,C:\Users\vchat\Downloads\Vaishnavi_s_Thesis\automation\results_behavior_windows\refractory\coupling_rl1_c1\raw_runs\map_0658.raw,C:\Users\vchat\Downloads\Vaishnavi_s_Thesis\automation\results_behavior_windows\refractory\coupling_rl1_c1\raw_runs\map_0658.log,C:\Users\vchat\Downloads\Vaishnavi_s_Thesis\automation\results_behavior_windows\refractory\coupling_rl1_c1\plots\map_0658.png,,,
659,ok,8700.0,2.2124187214651817e-08,C:\Users\vchat\Downloads\Vaishnavi_s_Thesis\automation\results_behavior_windows\refractory\coupling_rl1_c1\raw_runs\map_0659.raw,C:\Users\vchat\Downloads\Vaishnavi_s_Thesis\automation\results_behavior_windows\refractory\coupling_rl1_c1\raw_runs\map_0659.log,C:\Users\vchat\Downloads\Vaishnavi_s_Thesis\automation\results_behavior_windows\refractory\coupling_rl1_c1\plots\map_0659.png,,,
660,ok,8700.0,2.2296640268549164e-08,C:\Users\vchat\Downloads\Vaishnavi_s_Thesis\automation\results_behavior_windows\refractory\coupling_rl1_c1\raw_runs\map_0660.raw,C:\Users\vchat\Downloads\Vaishnavi_s_Thesis\automation\results_behavior_windows\refractory\coupling_rl1_c1\raw_runs\map_0660.log,C:\Users\vchat\Downloads\Vaishnavi_s_Thesis\automation\results_behavior_windows\refractory\coupling_rl1_c1\plots\map_0660.png,,,
661,ok,8700.0,2.2470437555141253e-08,C:\Users\vchat\Downloads\Vaishnavi_s_Thesis\automation\results_behavior_windows\refractory\coupling_rl1_c1\raw_runs\map_0661.raw,C:\Users\vchat\Downloads\Vaishnavi_s_Thesis\automation\results_behavior_windows\refractory\coupling_rl1_c1\raw_runs\map_0661.log,C:\Users\vchat\Downloads\Vaishnavi_s_Thesis\automation\results_behavior_windows\refractory\coupling_rl1_c1\plots\map_0661.png,,,
662,ok,8700.0,2.2645589552419077e-08,C:\Users\vchat\Downloads\Vaishnavi_s_Thesis\automation\results_behavior_windows\refractory\coupling_rl1_c1\raw_runs\map_0662.raw,C:\Users\vchat\Downloads\Vaishnavi_s_Thesis\automation\results_behavior_windows\refractory\coupling_rl1_c1\raw_runs\map_0662.log,C:\Users\vchat\Downloads\Vaishnavi_s_Thesis\automation\results_behavior_windows\refractory\coupling_rl1_c1\plots\map_0662.png,,,
663,ok,8700.0,2.282210682004707e-08,C:\Users\vchat\Downloads\Vaishnavi_s_Thesis\automation\results_behavior_windows\refractory\coupling_rl1_c1\raw_runs\map_0663.raw,C:\Users\vchat\Downloads\Vaishnavi_s_Thesis\automation\results_behavior_windows\refractory\coupling_rl1_c1\raw_runs\map_0663.log,C:\Users\vchat\Downloads\Vaishnavi_s_Thesis\automation\results_behavior_windows\refractory\coupling_rl1_c1\plots\map_0663.png,,,
664,ok,8700.0,2.300000000000001e-08,C:\Users\vchat\Downloads\Vaishnavi_s_Thesis\automation\results_behavior_windows\refractory\coupling_rl1_c1\raw_runs\map_0664.raw,C:\Users\vchat\Downloads\Vaishnavi_s_Thesis\automation\results_behavior_windows\refractory\coupling_rl1_c1\raw_runs\map_0664.log,C:\Users\vchat\Downloads\Vaishnavi_s_Thesis\automation\results_behavior_windows\refractory\coupling_rl1_c1\plots\map_0664.png,,,
665,ok,8750.0,2.0000000000000004e-08,C:\Users\vchat\Downloads\Vaishnavi_s_Thesis\automation\results_behavior_windows\refractory\coupling_rl1_c1\raw_runs\map_0665.raw,C:\Users\vchat\Downloads\Vaishnavi_s_Thesis\automation\results_behavior_windows\refractory\coupling_rl1_c1\raw_runs\map_0665.log,C:\Users\vchat\Downloads\Vaishnavi_s_Thesis\automation\results_behavior_windows\refractory\coupling_rl1_c1\plots\map_0665.png,,,
666,ok,8750.0,2.0155895493221232e-08,C:\Users\vchat\Downloads\Vaishnavi_s_Thesis\automation\results_behavior_windows\refractory\coupling_rl1_c1\raw_runs\map_0666.raw,C:\Users\vchat\Downloads\Vaishnavi_s_Thesis\automation\results_behavior_windows\refractory\coupling_rl1_c1\raw_runs\map_0666.log,C:\Users\vchat\Downloads\Vaishnavi_s_Thesis\automation\results_behavior_windows\refractory\coupling_rl1_c1\plots\map_0666.png,,,
667,ok,8750.0,2.0313006156682795e-08,C:\Users\vchat\Downloads\Vaishnavi_s_Thesis\automation\results_behavior_windows\refractory\coupling_rl1_c1\raw_runs\map_0667.raw,C:\Users\vchat\Downloads\Vaishnavi_s_Thesis\automation\results_behavior_windows\refractory\coupling_rl1_c1\raw_runs\map_0667.log,C:\Users\vchat\Downloads\Vaishnavi_s_Thesis\automation\results_behavior_windows\refractory\coupling_rl1_c1\plots\map_0667.png,,,
668,ok,8750.0,2.047134146236293e-08,C:\Users\vchat\Downloads\Vaishnavi_s_Thesis\automation\results_behavior_windows\refractory\coupling_rl1_c1\raw_runs\map_0668.raw,C:\Users\vchat\Downloads\Vaishnavi_s_Thesis\automation\results_behavior_windows\refractory\coupling_rl1_c1\raw_runs\map_0668.log,C:\Users\vchat\Downloads\Vaishnavi_s_Thesis\automation\results_behavior_windows\refractory\coupling_rl1_c1\plots\map_0668.png,,,
669,ok,8750.0,2.0630910956071693e-08,C:\Users\vchat\Downloads\Vaishnavi_s_Thesis\automation\results_behavior_windows\refractory\coupling_rl1_c1\raw_runs\map_0669.raw,C:\Users\vchat\Downloads\Vaishnavi_s_Thesis\automation\results_behavior_windows\refractory\coupling_rl1_c1\raw_runs\map_0669.log,C:\Users\vchat\Downloads\Vaishnavi_s_Thesis\automation\results_behavior_windows\refractory\coupling_rl1_c1\plots\map_0669.png,,,
670,ok,8750.0,2.0791724258026693e-08,C:\Users\vchat\Downloads\Vaishnavi_s_Thesis\automation\results_behavior_windows\refractory\coupling_rl1_c1\raw_runs\map_0670.raw,C:\Users\vchat\Downloads\Vaishnavi_s_Thesis\automation\results_behavior_windows\refractory\coupling_rl1_c1\raw_runs\map_0670.log,C:\Users\vchat\Downloads\Vaishnavi_s_Thesis\automation\results_behavior_windows\refractory\coupling_rl1_c1\plots\map_0670.png,,,
671,ok,8750.0,2.0953791063432937e-08,C:\Users\vchat\Downloads\Vaishnavi_s_Thesis\automation\results_behavior_windows\refractory\coupling_rl1_c1\raw_runs\map_0671.raw,C:\Users\vchat\Downloads\Vaishnavi_s_Thesis\automation\results_behavior_windows\refractory\coupling_rl1_c1\raw_runs\map_0671.log,C:\Users\vchat\Downloads\Vaishnavi_s_Thesis\automation\results_behavior_windows\refractory\coupling_rl1_c1\plots\map_0671.png,,,
672,ok,8750.0,2.11171211430674e-08,C:\Users\vchat\Downloads\Vaishnavi_s_Thesis\automation\results_behavior_windows\refractory\coupling_rl1_c1\raw_runs\map_0672.raw,C:\Users\vchat\Downloads\Vaishnavi_s_Thesis\automation\results_behavior_windows\refractory\coupling_rl1_c1\raw_runs\map_0672.log,C:\Users\vchat\Downloads\Vaishnavi_s_Thesis\automation\results_behavior_windows\refractory\coupling_rl1_c1\plots\map_0672.png,,,
673,ok,8750.0,2.1281724343867947e-08,C:\Users\vchat\Downloads\Vaishnavi_s_Thesis\automation\results_behavior_windows\refractory\coupling_rl1_c1\raw_runs\map_0673.raw,C:\Users\vchat\Downloads\Vaishnavi_s_Thesis\automation\results_behavior_windows\refractory\coupling_rl1_c1\raw_runs\map_0673.log,C:\Users\vchat\Downloads\Vaishnavi_s_Thesis\automation\results_behavior_windows\refractory\coupling_rl1_c1\plots\map_0673.png,,,
674,ok,8750.0,2.144761058952722e-08,C:\Users\vchat\Downloads\Vaishnavi_s_Thesis\automation\results_behavior_windows\refractory\coupling_rl1_c1\raw_runs\map_0674.raw,C:\Users\vchat\Downloads\Vaishnavi_s_Thesis\automation\results_behavior_windows\refractory\coupling_rl1_c1\raw_runs\map_0674.log,C:\Users\vchat\Downloads\Vaishnavi_s_Thesis\automation\results_behavior_windows\refractory\coupling_rl1_c1\plots\map_0674.png,,,
675,ok,8750.0,2.1614789881090783e-08,C:\Users\vchat\Downloads\Vaishnavi_s_Thesis\automation\results_behavior_windows\refractory\coupling_rl1_c1\raw_runs\map_0675.raw,C:\Users\vchat\Downloads\Vaishnavi_s_Thesis\automation\results_behavior_windows\refractory\coupling_rl1_c1\raw_runs\map_0675.log,C:\Users\vchat\Downloads\Vaishnavi_s_Thesis\automation\results_behavior_windows\refractory\coupling_rl1_c1\plots\map_0675.png,,,
676,ok,8750.0,2.1783272297560075e-08,C:\Users\vchat\Downloads\Vaishnavi_s_Thesis\automation\results_behavior_windows\refractory\coupling_rl1_c1\raw_runs\map_0676.raw,C:\Users\vchat\Downloads\Vaishnavi_s_Thesis\automation\results_behavior_windows\refractory\coupling_rl1_c1\raw_runs\map_0676.log,C:\Users\vchat\Downloads\Vaishnavi_s_Thesis\automation\results_behavior_windows\refractory\coupling_rl1_c1\plots\map_0676.png,,,
677,ok,8750.0,2.1953067996500143e-08,C:\Users\vchat\Downloads\Vaishnavi_s_Thesis\automation\results_behavior_windows\refractory\coupling_rl1_c1\raw_runs\map_0677.raw,C:\Users\vchat\Downloads\Vaishnavi_s_Thesis\automation\results_behavior_windows\refractory\coupling_rl1_c1\raw_runs\map_0677.log,C:\Users\vchat\Downloads\Vaishnavi_s_Thesis\automation\results_behavior_windows\refractory\coupling_rl1_c1\plots\map_0677.png,,,
678,ok,8750.0,2.2124187214651817e-08,C:\Users\vchat\Downloads\Vaishnavi_s_Thesis\automation\results_behavior_windows\refractory\coupling_rl1_c1\raw_runs\map_0678.raw,C:\Users\vchat\Downloads\Vaishnavi_s_Thesis\automation\results_behavior_windows\refractory\coupling_rl1_c1\raw_runs\map_0678.log,C:\Users\vchat\Downloads\Vaishnavi_s_Thesis\automation\results_behavior_windows\refractory\coupling_rl1_c1\plots\map_0678.png,,,
679,ok,8750.0,2.2296640268549164e-08,C:\Users\vchat\Downloads\Vaishnavi_s_Thesis\automation\results_behavior_windows\refractory\coupling_rl1_c1\raw_runs\map_0679.raw,C:\Users\vchat\Downloads\Vaishnavi_s_Thesis\automation\results_behavior_windows\refractory\coupling_rl1_c1\raw_runs\map_0679.log,C:\Users\vchat\Downloads\Vaishnavi_s_Thesis\automation\results_behavior_windows\refractory\coupling_rl1_c1\plots\map_0679.png,,,
680,ok,8750.0,2.2470437555141253e-08,C:\Users\vchat\Downloads\Vaishnavi_s_Thesis\automation\results_behavior_windows\refractory\coupling_rl1_c1\raw_runs\map_0680.raw,C:\Users\vchat\Downloads\Vaishnavi_s_Thesis\automation\results_behavior_windows\refractory\coupling_rl1_c1\raw_runs\map_0680.log,C:\Users\vchat\Downloads\Vaishnavi_s_Thesis\automation\results_behavior_windows\refractory\coupling_rl1_c1\plots\map_0680.png,,,
681,ok,8750.0,2.2645589552419077e-08,C:\Users\vchat\Downloads\Vaishnavi_s_Thesis\automation\results_behavior_windows\refractory\coupling_rl1_c1\raw_runs\map_0681.raw,C:\Users\vchat\Downloads\Vaishnavi_s_Thesis\automation\results_behavior_windows\refractory\coupling_rl1_c1\raw_runs\map_0681.log,C:\Users\vchat\Downloads\Vaishnavi_s_Thesis\automation\results_behavior_windows\refractory\coupling_rl1_c1\plots\map_0681.png,,,
682,ok,8750.0,2.282210682004707e-08,C:\Users\vchat\Downloads\Vaishnavi_s_Thesis\automation\results_behavior_windows\refractory\coupling_rl1_c1\raw_runs\map_0682.raw,C:\Users\vchat\Downloads\Vaishnavi_s_Thesis\automation\results_behavior_windows\refractory\coupling_rl1_c1\raw_runs\map_0682.log,C:\Users\vchat\Downloads\Vaishnavi_s_Thesis\automation\results_behavior_windows\refractory\coupling_rl1_c1\plots\map_0682.png,,,
683,ok,8750.0,2.300000000000001e-08,C:\Users\vchat\Downloads\Vaishnavi_s_Thesis\automation\results_behavior_windows\refractory\coupling_rl1_c1\raw_runs\map_0683.raw,C:\Users\vchat\Downloads\Vaishnavi_s_Thesis\automation\results_behavior_windows\refractory\coupling_rl1_c1\raw_runs\map_0683.log,C:\Users\vchat\Downloads\Vaishnavi_s_Thesis\automation\results_behavior_windows\refractory\coupling_rl1_c1\plots\map_0683.png,,,
684,ok,8800.0,2.0000000000000004e-08,C:\Users\vchat\Downloads\Vaishnavi_s_Thesis\automation\results_behavior_windows\refractory\coupling_rl1_c1\raw_runs\map_0684.raw,C:\Users\vchat\Downloads\Vaishnavi_s_Thesis\automation\results_behavior_windows\refractory\coupling_rl1_c1\raw_runs\map_0684.log,C:\Users\vchat\Downloads\Vaishnavi_s_Thesis\automation\results_behavior_windows\refractory\coupling_rl1_c1\plots\map_0684.png,,,
685,ok,8800.0,2.0155895493221232e-08,C:\Users\vchat\Downloads\Vaishnavi_s_Thesis\automation\results_behavior_windows\refractory\coupling_rl1_c1\raw_runs\map_0685.raw,C:\Users\vchat\Downloads\Vaishnavi_s_Thesis\automation\results_behavior_windows\refractory\coupling_rl1_c1\raw_runs\map_0685.log,C:\Users\vchat\Downloads\Vaishnavi_s_Thesis\automation\results_behavior_windows\refractory\coupling_rl1_c1\plots\map_0685.png,,,
686,ok,8800.0,2.0313006156682795e-08,C:\Users\vchat\Downloads\Vaishnavi_s_Thesis\automation\results_behavior_windows\refractory\coupling_rl1_c1\raw_runs\map_0686.raw,C:\Users\vchat\Downloads\Vaishnavi_s_Thesis\automation\results_behavior_windows\refractory\coupling_rl1_c1\raw_runs\map_0686.log,C:\Users\vchat\Downloads\Vaishnavi_s_Thesis\automation\results_behavior_windows\refractory\coupling_rl1_c1\plots\map_0686.png,,,
687,ok,8800.0,2.047134146236293e-08,C:\Users\vchat\Downloads\Vaishnavi_s_Thesis\automation\results_behavior_windows\refractory\coupling_rl1_c1\raw_runs\map_0687.raw,C:\Users\vchat\Downloads\Vaishnavi_s_Thesis\automation\results_behavior_windows\refractory\coupling_rl1_c1\raw_runs\map_0687.log,C:\Users\vchat\Downloads\Vaishnavi_s_Thesis\automation\results_behavior_windows\refractory\coupling_rl1_c1\plots\map_0687.png,,,
688,ok,8800.0,2.0630910956071693e-08,C:\Users\vchat\Downloads\Vaishnavi_s_Thesis\automation\results_behavior_windows\refractory\coupling_rl1_c1\raw_runs\map_0688.raw,C:\Users\vchat\Downloads\Vaishnavi_s_Thesis\automation\results_behavior_windows\refractory\coupling_rl1_c1\raw_runs\map_0688.log,C:\Users\vchat\Downloads\Vaishnavi_s_Thesis\automation\results_behavior_windows\refractory\coupling_rl1_c1\plots\map_0688.png,,,
689,ok,8800.0,2.0791724258026693e-08,C:\Users\vchat\Downloads\Vaishnavi_s_Thesis\automation\results_behavior_windows\refractory\coupling_rl1_c1\raw_runs\map_0689.raw,C:\Users\vchat\Downloads\Vaishnavi_s_Thesis\automation\results_behavior_windows\refractory\coupling_rl1_c1\raw_runs\map_0689.log,C:\Users\vchat\Downloads\Vaishnavi_s_Thesis\automation\results_behavior_windows\refractory\coupling_rl1_c1\plots\map_0689.png,,,
690,ok,8800.0,2.0953791063432937e-08,C:\Users\vchat\Downloads\Vaishnavi_s_Thesis\automation\results_behavior_windows\refractory\coupling_rl1_c1\raw_runs\map_0690.raw,C:\Users\vchat\Downloads\Vaishnavi_s_Thesis\automation\results_behavior_windows\refractory\coupling_rl1_c1\raw_runs\map_0690.log,C:\Users\vchat\Downloads\Vaishnavi_s_Thesis\automation\results_behavior_windows\refractory\coupling_rl1_c1\plots\map_0690.png,,,
691,ok,8800.0,2.11171211430674e-08,C:\Users\vchat\Downloads\Vaishnavi_s_Thesis\automation\results_behavior_windows\refractory\coupling_rl1_c1\raw_runs\map_0691.raw,C:\Users\vchat\Downloads\Vaishnavi_s_Thesis\automation\results_behavior_windows\refractory\coupling_rl1_c1\raw_runs\map_0691.log,C:\Users\vchat\Downloads\Vaishnavi_s_Thesis\automation\results_behavior_windows\refractory\coupling_rl1_c1\plots\map_0691.png,,,
692,ok,8800.0,2.1281724343867947e-08,C:\Users\vchat\Downloads\Vaishnavi_s_Thesis\automation\results_behavior_windows\refractory\coupling_rl1_c1\raw_runs\map_0692.raw,C:\Users\vchat\Downloads\Vaishnavi_s_Thesis\automation\results_behavior_windows\refractory\coupling_rl1_c1\raw_runs\map_0692.log,C:\Users\vchat\Downloads\Vaishnavi_s_Thesis\automation\results_behavior_windows\refractory\coupling_rl1_c1\plots\map_0692.png,,,
693,ok,8800.0,2.144761058952722e-08,C:\Users\vchat\Downloads\Vaishnavi_s_Thesis\automation\results_behavior_windows\refractory\coupling_rl1_c1\raw_runs\map_0693.raw,C:\Users\vchat\Downloads\Vaishnavi_s_Thesis\automation\results_behavior_windows\refractory\coupling_rl1_c1\raw_runs\map_0693.log,C:\Users\vchat\Downloads\Vaishnavi_s_Thesis\automation\results_behavior_windows\refractory\coupling_rl1_c1\plots\map_0693.png,,,
694,ok,8800.0,2.1614789881090783e-08,C:\Users\vchat\Downloads\Vaishnavi_s_Thesis\automation\results_behavior_windows\refractory\coupling_rl1_c1\raw_runs\map_0694.raw,C:\Users\vchat\Downloads\Vaishnavi_s_Thesis\automation\results_behavior_windows\refractory\coupling_rl1_c1\raw_runs\map_0694.log,C:\Users\vchat\Downloads\Vaishnavi_s_Thesis\automation\results_behavior_windows\refractory\coupling_rl1_c1\plots\map_0694.png,,,
695,ok,8800.0,2.1783272297560075e-08,C:\Users\vchat\Downloads\Vaishnavi_s_Thesis\automation\results_behavior_windows\refractory\coupling_rl1_c1\raw_runs\map_0695.raw,C:\Users\vchat\Downloads\Vaishnavi_s_Thesis\automation\results_behavior_windows\refractory\coupling_rl1_c1\raw_runs\map_0695.log,C:\Users\vchat\Downloads\Vaishnavi_s_Thesis\automation\results_behavior_windows\refractory\coupling_rl1_c1\plots\map_0695.png,,,
696,ok,8800.0,2.1953067996500143e-08,C:\Users\vchat\Downloads\Vaishnavi_s_Thesis\automation\results_behavior_windows\refractory\coupling_rl1_c1\raw_runs\map_0696.raw,C:\Users\vchat\Downloads\Vaishnavi_s_Thesis\automation\results_behavior_windows\refractory\coupling_rl1_c1\raw_runs\map_0696.log,C:\Users\vchat\Downloads\Vaishnavi_s_Thesis\automation\results_behavior_windows\refractory\coupling_rl1_c1\plots\map_0696.png,,,
697,ok,8800.0,2.2124187214651817e-08,C:\Users\vchat\Downloads\Vaishnavi_s_Thesis\automation\results_behavior_windows\refractory\coupling_rl1_c1\raw_runs\map_0697.raw,C:\Users\vchat\Downloads\Vaishnavi_s_Thesis\automation\results_behavior_windows\refractory\coupling_rl1_c1\raw_runs\map_0697.log,C:\Users\vchat\Downloads\Vaishnavi_s_Thesis\automation\results_behavior_windows\refractory\coupling_rl1_c1\plots\map_0697.png,,,
698,ok,8800.0,2.2296640268549164e-08,C:\Users\vchat\Downloads\Vaishnavi_s_Thesis\automation\results_behavior_windows\refractory\coupling_rl1_c1\raw_runs\map_0698.raw,C:\Users\vchat\Downloads\Vaishnavi_s_Thesis\automation\results_behavior_windows\refractory\coupling_rl1_c1\raw_runs\map_0698.log,C:\Users\vchat\Downloads\Vaishnavi_s_Thesis\automation\results_behavior_windows\refractory\coupling_rl1_c1\plots\map_0698.png,,,
699,ok,8800.0,2.2470437555141253e-08,C:\Users\vchat\Downloads\Vaishnavi_s_Thesis\automation\results_behavior_windows\refractory\coupling_rl1_c1\raw_runs\map_0699.raw,C:\Users\vchat\Downloads\Vaishnavi_s_Thesis\automation\results_behavior_windows\refractory\coupling_rl1_c1\raw_runs\map_0699.log,C:\Users\vchat\Downloads\Vaishnavi_s_Thesis\automation\results_behavior_windows\refractory\coupling_rl1_c1\plots\map_0699.png,,,
700,ok,8800.0,2.2645589552419077e-08,C:\Users\vchat\Downloads\Vaishnavi_s_Thesis\automation\results_behavior_windows\refractory\coupling_rl1_c1\raw_runs\map_0700.raw,C:\Users\vchat\Downloads\Vaishnavi_s_Thesis\automation\results_behavior_windows\refractory\coupling_rl1_c1\raw_runs\map_0700.log,C:\Users\vchat\Downloads\Vaishnavi_s_Thesis\automation\results_behavior_windows\refractory\coupling_rl1_c1\plots\map_0700.png,,,
701,ok,8800.0,2.282210682004707e-08,C:\Users\vchat\Downloads\Vaishnavi_s_Thesis\automation\results_behavior_windows\refractory\coupling_rl1_c1\raw_runs\map_0701.raw,C:\Users\vchat\Downloads\Vaishnavi_s_Thesis\automation\results_behavior_windows\refractory\coupling_rl1_c1\raw_runs\map_0701.log,C:\Users\vchat\Downloads\Vaishnavi_s_Thesis\automation\results_behavior_windows\refractory\coupling_rl1_c1\plots\map_0701.png,,,
702,ok,8800.0,2.300000000000001e-08,C:\Users\vchat\Downloads\Vaishnavi_s_Thesis\automation\results_behavior_windows\refractory\coupling_rl1_c1\raw_runs\map_0702.raw,C:\Users\vchat\Downloads\Vaishnavi_s_Thesis\automation\results_behavior_windows\refractory\coupling_rl1_c1\raw_runs\map_0702.log,C:\Users\vchat\Downloads\Vaishnavi_s_Thesis\automation\results_behavior_windows\refractory\coupling_rl1_c1\plots\map_0702.png,,,
703,ok,8850.0,2.0000000000000004e-08,C:\Users\vchat\Downloads\Vaishnavi_s_Thesis\automation\results_behavior_windows\refractory\coupling_rl1_c1\raw_runs\map_0703.raw,C:\Users\vchat\Downloads\Vaishnavi_s_Thesis\automation\results_behavior_windows\refractory\coupling_rl1_c1\raw_runs\map_0703.log,C:\Users\vchat\Downloads\Vaishnavi_s_Thesis\automation\results_behavior_windows\refractory\coupling_rl1_c1\plots\map_0703.png,,,
704,ok,8850.0,2.0155895493221232e-08,C:\Users\vchat\Downloads\Vaishnavi_s_Thesis\automation\results_behavior_windows\refractory\coupling_rl1_c1\raw_runs\map_0704.raw,C:\Users\vchat\Downloads\Vaishnavi_s_Thesis\automation\results_behavior_windows\refractory\coupling_rl1_c1\raw_runs\map_0704.log,C:\Users\vchat\Downloads\Vaishnavi_s_Thesis\automation\results_behavior_windows\refractory\coupling_rl1_c1\plots\map_0704.png,,,
705,ok,8850.0,2.0313006156682795e-08,C:\Users\vchat\Downloads\Vaishnavi_s_Thesis\automation\results_behavior_windows\refractory\coupling_rl1_c1\raw_runs\map_0705.raw,C:\Users\vchat\Downloads\Vaishnavi_s_Thesis\automation\results_behavior_windows\refractory\coupling_rl1_c1\raw_runs\map_0705.log,C:\Users\vchat\Downloads\Vaishnavi_s_Thesis\automation\results_behavior_windows\refractory\coupling_rl1_c1\plots\map_0705.png,,,
706,ok,8850.0,2.047134146236293e-08,C:\Users\vchat\Downloads\Vaishnavi_s_Thesis\automation\results_behavior_windows\refractory\coupling_rl1_c1\raw_runs\map_0706.raw,C:\Users\vchat\Downloads\Vaishnavi_s_Thesis\automation\results_behavior_windows\refractory\coupling_rl1_c1\raw_runs\map_0706.log,C:\Users\vchat\Downloads\Vaishnavi_s_Thesis\automation\results_behavior_windows\refractory\coupling_rl1_c1\plots\map_0706.png,,,
707,ok,8850.0,2.0630910956071693e-08,C:\Users\vchat\Downloads\Vaishnavi_s_Thesis\automation\results_behavior_windows\refractory\coupling_rl1_c1\raw_runs\map_0707.raw,C:\Users\vchat\Downloads\Vaishnavi_s_Thesis\automation\results_behavior_windows\refractory\coupling_rl1_c1\raw_runs\map_0707.log,C:\Users\vchat\Downloads\Vaishnavi_s_Thesis\automation\results_behavior_windows\refractory\coupling_rl1_c1\plots\map_0707.png,,,
708,ok,8850.0,2.0791724258026693e-08,C:\Users\vchat\Downloads\Vaishnavi_s_Thesis\automation\results_behavior_windows\refractory\coupling_rl1_c1\raw_runs\map_0708.raw,C:\Users\vchat\Downloads\Vaishnavi_s_Thesis\automation\results_behavior_windows\refractory\coupling_rl1_c1\raw_runs\map_0708.log,C:\Users\vchat\Downloads\Vaishnavi_s_Thesis\automation\results_behavior_windows\refractory\coupling_rl1_c1\plots\map_0708.png,,,
709,ok,8850.0,2.0953791063432937e-08,C:\Users\vchat\Downloads\Vaishnavi_s_Thesis\automation\results_behavior_windows\refractory\coupling_rl1_c1\raw_runs\map_0709.raw,C:\Users\vchat\Downloads\Vaishnavi_s_Thesis\automation\results_behavior_windows\refractory\coupling_rl1_c1\raw_runs\map_0709.log,C:\Users\vchat\Downloads\Vaishnavi_s_Thesis\automation\results_behavior_windows\refractory\coupling_rl1_c1\plots\map_0709.png,,,
710,ok,8850.0,2.11171211430674e-08,C:\Users\vchat\Downloads\Vaishnavi_s_Thesis\automation\results_behavior_windows\refractory\coupling_rl1_c1\raw_runs\map_0710.raw,C:\Users\vchat\Downloads\Vaishnavi_s_Thesis\automation\results_behavior_windows\refractory\coupling_rl1_c1\raw_runs\map_0710.log,C:\Users\vchat\Downloads\Vaishnavi_s_Thesis\automation\results_behavior_windows\refractory\coupling_rl1_c1\plots\map_0710.png,,,
711,ok,8850.0,2.1281724343867947e-08,C:\Users\vchat\Downloads\Vaishnavi_s_Thesis\automation\results_behavior_windows\refractory\coupling_rl1_c1\raw_runs\map_0711.raw,C:\Users\vchat\Downloads\Vaishnavi_s_Thesis\automation\results_behavior_windows\refractory\coupling_rl1_c1\raw_runs\map_0711.log,C:\Users\vchat\Downloads\Vaishnavi_s_Thesis\automation\results_behavior_windows\refractory\coupling_rl1_c1\plots\map_0711.png,,,
712,ok,8850.0,2.144761058952722e-08,C:\Users\vchat\Downloads\Vaishnavi_s_Thesis\automation\results_behavior_windows\refractory\coupling_rl1_c1\raw_runs\map_0712.raw,C:\Users\vchat\Downloads\Vaishnavi_s_Thesis\automation\results_behavior_windows\refractory\coupling_rl1_c1\raw_runs\map_0712.log,C:\Users\vchat\Downloads\Vaishnavi_s_Thesis\automation\results_behavior_windows\refractory\coupling_rl1_c1\plots\map_0712.png,,,
713,ok,8850.0,2.1614789881090783e-08,C:\Users\vchat\Downloads\Vaishnavi_s_Thesis\automation\results_behavior_windows\refractory\coupling_rl1_c1\raw_runs\map_0713.raw,C:\Users\vchat\Downloads\Vaishnavi_s_Thesis\automation\results_behavior_windows\refractory\coupling_rl1_c1\raw_runs\map_0713.log,C:\Users\vchat\Downloads\Vaishnavi_s_Thesis\automation\results_behavior_windows\refractory\coupling_rl1_c1\plots\map_0713.png,,,
714,ok,8850.0,2.1783272297560075e-08,C:\Users\vchat\Downloads\Vaishnavi_s_Thesis\automation\results_behavior_windows\refractory\coupling_rl1_c1\raw_runs\map_0714.raw,C:\Users\vchat\Downloads\Vaishnavi_s_Thesis\automation\results_behavior_windows\refractory\coupling_rl1_c1\raw_runs\map_0714.log,C:\Users\vchat\Downloads\Vaishnavi_s_Thesis\automation\results_behavior_windows\refractory\coupling_rl1_c1\plots\map_0714.png,,,
715,ok,8850.0,2.1953067996500143e-08,C:\Users\vchat\Downloads\Vaishnavi_s_Thesis\automation\results_behavior_windows\refractory\coupling_rl1_c1\raw_runs\map_0715.raw,C:\Users\vchat\Downloads\Vaishnavi_s_Thesis\automation\results_behavior_windows\refractory\coupling_rl1_c1\raw_runs\map_0715.log,C:\Users\vchat\Downloads\Vaishnavi_s_Thesis\automation\results_behavior_windows\refractory\coupling_rl1_c1\plots\map_0715.png,,,
716,ok,8850.0,2.2124187214651817e-08,C:\Users\vchat\Downloads\Vaishnavi_s_Thesis\automation\results_behavior_windows\refractory\coupling_rl1_c1\raw_runs\map_0716.raw,C:\Users\vchat\Downloads\Vaishnavi_s_Thesis\automation\results_behavior_windows\refractory\coupling_rl1_c1\raw_runs\map_0716.log,C:\Users\vchat\Downloads\Vaishnavi_s_Thesis\automation\results_behavior_windows\refractory\coupling_rl1_c1\plots\map_0716.png,,,
717,ok,8850.0,2.2296640268549164e-08,C:\Users\vchat\Downloads\Vaishnavi_s_Thesis\automation\results_behavior_windows\refractory\coupling_rl1_c1\raw_runs\map_0717.raw,C:\Users\vchat\Downloads\Vaishnavi_s_Thesis\automation\results_behavior_windows\refractory\coupling_rl1_c1\raw_runs\map_0717.log,C:\Users\vchat\Downloads\Vaishnavi_s_Thesis\automation\results_behavior_windows\refractory\coupling_rl1_c1\plots\map_0717.png,,,
718,ok,8850.0,2.2470437555141253e-08,C:\Users\vchat\Downloads\Vaishnavi_s_Thesis\automation\results_behavior_windows\refractory\coupling_rl1_c1\raw_runs\map_0718.raw,C:\Users\vchat\Downloads\Vaishnavi_s_Thesis\automation\results_behavior_windows\refractory\coupling_rl1_c1\raw_runs\map_0718.log,C:\Users\vchat\Downloads\Vaishnavi_s_Thesis\automation\results_behavior_windows\refractory\coupling_rl1_c1\plots\map_0718.png,,,
719,ok,8850.0,2.2645589552419077e-08,C:\Users\vchat\Downloads\Vaishnavi_s_Thesis\automation\results_behavior_windows\refractory\coupling_rl1_c1\raw_runs\map_0719.raw,C:\Users\vchat\Downloads\Vaishnavi_s_Thesis\automation\results_behavior_windows\refractory\coupling_rl1_c1\raw_runs\map_0719.log,C:\Users\vchat\Downloads\Vaishnavi_s_Thesis\automation\results_behavior_windows\refractory\coupling_rl1_c1\plots\map_0719.png,,,
720,ok,8850.0,2.282210682004707e-08,C:\Users\vchat\Downloads\Vaishnavi_s_Thesis\automation\results_behavior_windows\refractory\coupling_rl1_c1\raw_runs\map_0720.raw,C:\Users\vchat\Downloads\Vaishnavi_s_Thesis\automation\results_behavior_windows\refractory\coupling_rl1_c1\raw_runs\map_0720.log,C:\Users\vchat\Downloads\Vaishnavi_s_Thesis\automation\results_behavior_windows\refractory\coupling_rl1_c1\plots\map_0720.png,,,
721,ok,8850.0,2.300000000000001e-08,C:\Users\vchat\Downloads\Vaishnavi_s_Thesis\automation\results_behavior_windows\refractory\coupling_rl1_c1\raw_runs\map_0721.raw,C:\Users\vchat\Downloads\Vaishnavi_s_Thesis\automation\results_behavior_windows\refractory\coupling_rl1_c1\raw_runs\map_0721.log,C:\Users\vchat\Downloads\Vaishnavi_s_Thesis\automation\results_behavior_windows\refractory\coupling_rl1_c1\plots\map_0721.png,,,
722,ok,8900.0,2.0000000000000004e-08,C:\Users\vchat\Downloads\Vaishnavi_s_Thesis\automation\results_behavior_windows\refractory\coupling_rl1_c1\raw_runs\map_0722.raw,C:\Users\vchat\Downloads\Vaishnavi_s_Thesis\automation\results_behavior_windows\refractory\coupling_rl1_c1\raw_runs\map_0722.log,C:\Users\vchat\Downloads\Vaishnavi_s_Thesis\automation\results_behavior_windows\refractory\coupling_rl1_c1\plots\map_0722.png,,,
723,ok,8900.0,2.0155895493221232e-08,C:\Users\vchat\Downloads\Vaishnavi_s_Thesis\automation\results_behavior_windows\refractory\coupling_rl1_c1\raw_runs\map_0723.raw,C:\Users\vchat\Downloads\Vaishnavi_s_Thesis\automation\results_behavior_windows\refractory\coupling_rl1_c1\raw_runs\map_0723.log,C:\Users\vchat\Downloads\Vaishnavi_s_Thesis\automation\results_behavior_windows\refractory\coupling_rl1_c1\plots\map_0723.png,,,
724,ok,8900.0,2.0313006156682795e-08,C:\Users\vchat\Downloads\Vaishnavi_s_Thesis\automation\results_behavior_windows\refractory\coupling_rl1_c1\raw_runs\map_0724.raw,C:\Users\vchat\Downloads\Vaishnavi_s_Thesis\automation\results_behavior_windows\refractory\coupling_rl1_c1\raw_runs\map_0724.log,C:\Users\vchat\Downloads\Vaishnavi_s_Thesis\automation\results_behavior_windows\refractory\coupling_rl1_c1\plots\map_0724.png,,,
725,ok,8900.0,2.047134146236293e-08,C:\Users\vchat\Downloads\Vaishnavi_s_Thesis\automation\results_behavior_windows\refractory\coupling_rl1_c1\raw_runs\map_0725.raw,C:\Users\vchat\Downloads\Vaishnavi_s_Thesis\automation\results_behavior_windows\refractory\coupling_rl1_c1\raw_runs\map_0725.log,C:\Users\vchat\Downloads\Vaishnavi_s_Thesis\automation\results_behavior_windows\refractory\coupling_rl1_c1\plots\map_0725.png,,,
726,ok,8900.0,2.0630910956071693e-08,C:\Users\vchat\Downloads\Vaishnavi_s_Thesis\automation\results_behavior_windows\refractory\coupling_rl1_c1\raw_runs\map_0726.raw,C:\Users\vchat\Downloads\Vaishnavi_s_Thesis\automation\results_behavior_windows\refractory\coupling_rl1_c1\raw_runs\map_0726.log,C:\Users\vchat\Downloads\Vaishnavi_s_Thesis\automation\results_behavior_windows\refractory\coupling_rl1_c1\plots\map_0726.png,,,
727,ok,8900.0,2.0791724258026693e-08,C:\Users\vchat\Downloads\Vaishnavi_s_Thesis\automation\results_behavior_windows\refractory\coupling_rl1_c1\raw_runs\map_0727.raw,C:\Users\vchat\Downloads\Vaishnavi_s_Thesis\automation\results_behavior_windows\refractory\coupling_rl1_c1\raw_runs\map_0727.log,C:\Users\vchat\Downloads\Vaishnavi_s_Thesis\automation\results_behavior_windows\refractory\coupling_rl1_c1\plots\map_0727.png,,,
728,ok,8900.0,2.0953791063432937e-08,C:\Users\vchat\Downloads\Vaishnavi_s_Thesis\automation\results_behavior_windows\refractory\coupling_rl1_c1\raw_runs\map_0728.raw,C:\Users\vchat\Downloads\Vaishnavi_s_Thesis\automation\results_behavior_windows\refractory\coupling_rl1_c1\raw_runs\map_0728.log,C:\Users\vchat\Downloads\Vaishnavi_s_Thesis\automation\results_behavior_windows\refractory\coupling_rl1_c1\plots\map_0728.png,,,
729,ok,8900.0,2.11171211430674e-08,C:\Users\vchat\Downloads\Vaishnavi_s_Thesis\automation\results_behavior_windows\refractory\coupling_rl1_c1\raw_runs\map_0729.raw,C:\Users\vchat\Downloads\Vaishnavi_s_Thesis\automation\results_behavior_windows\refractory\coupling_rl1_c1\raw_runs\map_0729.log,C:\Users\vchat\Downloads\Vaishnavi_s_Thesis\automation\results_behavior_windows\refractory\coupling_rl1_c1\plots\map_0729.png,,,
730,ok,8900.0,2.1281724343867947e-08,C:\Users\vchat\Downloads\Vaishnavi_s_Thesis\automation\results_behavior_windows\refractory\coupling_rl1_c1\raw_runs\map_0730.raw,C:\Users\vchat\Downloads\Vaishnavi_s_Thesis\automation\results_behavior_windows\refractory\coupling_rl1_c1\raw_runs\map_0730.log,C:\Users\vchat\Downloads\Vaishnavi_s_Thesis\automation\results_behavior_windows\refractory\coupling_rl1_c1\plots\map_0730.png,,,
731,ok,8900.0,2.144761058952722e-08,C:\Users\vchat\Downloads\Vaishnavi_s_Thesis\automation\results_behavior_windows\refractory\coupling_rl1_c1\raw_runs\map_0731.raw,C:\Users\vchat\Downloads\Vaishnavi_s_Thesis\automation\results_behavior_windows\refractory\coupling_rl1_c1\raw_runs\map_0731.log,C:\Users\vchat\Downloads\Vaishnavi_s_Thesis\automation\results_behavior_windows\refractory\coupling_rl1_c1\plots\map_0731.png,,,
732,ok,8900.0,2.1614789881090783e-08,C:\Users\vchat\Downloads\Vaishnavi_s_Thesis\automation\results_behavior_windows\refractory\coupling_rl1_c1\raw_runs\map_0732.raw,C:\Users\vchat\Downloads\Vaishnavi_s_Thesis\automation\results_behavior_windows\refractory\coupling_rl1_c1\raw_runs\map_0732.log,C:\Users\vchat\Downloads\Vaishnavi_s_Thesis\automation\results_behavior_windows\refractory\coupling_rl1_c1\plots\map_0732.png,,,
733,ok,8900.0,2.1783272297560075e-08,C:\Users\vchat\Downloads\Vaishnavi_s_Thesis\automation\results_behavior_windows\refractory\coupling_rl1_c1\raw_runs\map_0733.raw,C:\Users\vchat\Downloads\Vaishnavi_s_Thesis\automation\results_behavior_windows\refractory\coupling_rl1_c1\raw_runs\map_0733.log,C:\Users\vchat\Downloads\Vaishnavi_s_Thesis\automation\results_behavior_windows\refractory\coupling_rl1_c1\plots\map_0733.png,,,
734,ok,8900.0,2.1953067996500143e-08,C:\Users\vchat\Downloads\Vaishnavi_s_Thesis\automation\results_behavior_windows\refractory\coupling_rl1_c1\raw_runs\map_0734.raw,C:\Users\vchat\Downloads\Vaishnavi_s_Thesis\automation\results_behavior_windows\refractory\coupling_rl1_c1\raw_runs\map_0734.log,C:\Users\vchat\Downloads\Vaishnavi_s_Thesis\automation\results_behavior_windows\refractory\coupling_rl1_c1\plots\map_0734.png,,,
735,ok,8900.0,2.2124187214651817e-08,C:\Users\vchat\Downloads\Vaishnavi_s_Thesis\automation\results_behavior_windows\refractory\coupling_rl1_c1\raw_runs\map_0735.raw,C:\Users\vchat\Downloads\Vaishnavi_s_Thesis\automation\results_behavior_windows\refractory\coupling_rl1_c1\raw_runs\map_0735.log,C:\Users\vchat\Downloads\Vaishnavi_s_Thesis\automation\results_behavior_windows\refractory\coupling_rl1_c1\plots\map_0735.png,,,
736,ok,8900.0,2.2296640268549164e-08,C:\Users\vchat\Downloads\Vaishnavi_s_Thesis\automation\results_behavior_windows\refractory\coupling_rl1_c1\raw_runs\map_0736.raw,C:\Users\vchat\Downloads\Vaishnavi_s_Thesis\automation\results_behavior_windows\refractory\coupling_rl1_c1\raw_runs\map_0736.log,C:\Users\vchat\Downloads\Vaishnavi_s_Thesis\automation\results_behavior_windows\refractory\coupling_rl1_c1\plots\map_0736.png,,,
737,ok,8900.0,2.2470437555141253e-08,C:\Users\vchat\Downloads\Vaishnavi_s_Thesis\automation\results_behavior_windows\refractory\coupling_rl1_c1\raw_runs\map_0737.raw,C:\Users\vchat\Downloads\Vaishnavi_s_Thesis\automation\results_behavior_windows\refractory\coupling_rl1_c1\raw_runs\map_0737.log,C:\Users\vchat\Downloads\Vaishnavi_s_Thesis\automation\results_behavior_windows\refractory\coupling_rl1_c1\plots\map_0737.png,,,
738,ok,8900.0,2.2645589552419077e-08,C:\Users\vchat\Downloads\Vaishnavi_s_Thesis\automation\results_behavior_windows\refractory\coupling_rl1_c1\raw_runs\map_0738.raw,C:\Users\vchat\Downloads\Vaishnavi_s_Thesis\automation\results_behavior_windows\refractory\coupling_rl1_c1\raw_runs\map_0738.log,C:\Users\vchat\Downloads\Vaishnavi_s_Thesis\automation\results_behavior_windows\refractory\coupling_rl1_c1\plots\map_0738.png,,,
739,ok,8900.0,2.282210682004707e-08,C:\Users\vchat\Downloads\Vaishnavi_s_Thesis\automation\results_behavior_windows\refractory\coupling_rl1_c1\raw_runs\map_0739.raw,C:\Users\vchat\Downloads\Vaishnavi_s_Thesis\automation\results_behavior_windows\refractory\coupling_rl1_c1\raw_runs\map_0739.log,C:\Users\vchat\Downloads\Vaishnavi_s_Thesis\automation\results_behavior_windows\refractory\coupling_rl1_c1\plots\map_0739.png,,,
740,ok,8900.0,2.300000000000001e-08,C:\Users\vchat\Downloads\Vaishnavi_s_Thesis\automation\results_behavior_windows\refractory\coupling_rl1_c1\raw_runs\map_0740.raw,C:\Users\vchat\Downloads\Vaishnavi_s_Thesis\automation\results_behavior_windows\refractory\coupling_rl1_c1\raw_runs\map_0740.log,C:\Users\vchat\Downloads\Vaishnavi_s_Thesis\automation\results_behavior_windows\refractory\coupling_rl1_c1\plots\map_0740.png,,,
741,ok,8950.0,2.0000000000000004e-08,C:\Users\vchat\Downloads\Vaishnavi_s_Thesis\automation\results_behavior_windows\refractory\coupling_rl1_c1\raw_runs\map_0741.raw,C:\Users\vchat\Downloads\Vaishnavi_s_Thesis\automation\results_behavior_windows\refractory\coupling_rl1_c1\raw_runs\map_0741.log,C:\Users\vchat\Downloads\Vaishnavi_s_Thesis\automation\results_behavior_windows\refractory\coupling_rl1_c1\plots\map_0741.png,,,
742,ok,8950.0,2.0155895493221232e-08,C:\Users\vchat\Downloads\Vaishnavi_s_Thesis\automation\results_behavior_windows\refractory\coupling_rl1_c1\raw_runs\map_0742.raw,C:\Users\vchat\Downloads\Vaishnavi_s_Thesis\automation\results_behavior_windows\refractory\coupling_rl1_c1\raw_runs\map_0742.log,C:\Users\vchat\Downloads\Vaishnavi_s_Thesis\automation\results_behavior_windows\refractory\coupling_rl1_c1\plots\map_0742.png,,,
743,ok,8950.0,2.0313006156682795e-08,C:\Users\vchat\Downloads\Vaishnavi_s_Thesis\automation\results_behavior_windows\refractory\coupling_rl1_c1\raw_runs\map_0743.raw,C:\Users\vchat\Downloads\Vaishnavi_s_Thesis\automation\results_behavior_windows\refractory\coupling_rl1_c1\raw_runs\map_0743.log,C:\Users\vchat\Downloads\Vaishnavi_s_Thesis\automation\results_behavior_windows\refractory\coupling_rl1_c1\plots\map_0743.png,,,
744,ok,8950.0,2.047134146236293e-08,C:\Users\vchat\Downloads\Vaishnavi_s_Thesis\automation\results_behavior_windows\refractory\coupling_rl1_c1\raw_runs\map_0744.raw,C:\Users\vchat\Downloads\Vaishnavi_s_Thesis\automation\results_behavior_windows\refractory\coupling_rl1_c1\raw_runs\map_0744.log,C:\Users\vchat\Downloads\Vaishnavi_s_Thesis\automation\results_behavior_windows\refractory\coupling_rl1_c1\plots\map_0744.png,,,
745,ok,8950.0,2.0630910956071693e-08,C:\Users\vchat\Downloads\Vaishnavi_s_Thesis\automation\results_behavior_windows\refractory\coupling_rl1_c1\raw_runs\map_0745.raw,C:\Users\vchat\Downloads\Vaishnavi_s_Thesis\automation\results_behavior_windows\refractory\coupling_rl1_c1\raw_runs\map_0745.log,C:\Users\vchat\Downloads\Vaishnavi_s_Thesis\automation\results_behavior_windows\refractory\coupling_rl1_c1\plots\map_0745.png,,,
746,ok,8950.0,2.0791724258026693e-08,C:\Users\vchat\Downloads\Vaishnavi_s_Thesis\automation\results_behavior_windows\refractory\coupling_rl1_c1\raw_runs\map_0746.raw,C:\Users\vchat\Downloads\Vaishnavi_s_Thesis\automation\results_behavior_windows\refractory\coupling_rl1_c1\raw_runs\map_0746.log,C:\Users\vchat\Downloads\Vaishnavi_s_Thesis\automation\results_behavior_windows\refractory\coupling_rl1_c1\plots\map_0746.png,,,
747,ok,8950.0,2.0953791063432937e-08,C:\Users\vchat\Downloads\Vaishnavi_s_Thesis\automation\results_behavior_windows\refractory\coupling_rl1_c1\raw_runs\map_0747.raw,C:\Users\vchat\Downloads\Vaishnavi_s_Thesis\automation\results_behavior_windows\refractory\coupling_rl1_c1\raw_runs\map_0747.log,C:\Users\vchat\Downloads\Vaishnavi_s_Thesis\automation\results_behavior_windows\refractory\coupling_rl1_c1\plots\map_0747.png,,,
748,ok,8950.0,2.11171211430674e-08,C:\Users\vchat\Downloads\Vaishnavi_s_Thesis\automation\results_behavior_windows\refractory\coupling_rl1_c1\raw_runs\map_0748.raw,C:\Users\vchat\Downloads\Vaishnavi_s_Thesis\automation\results_behavior_windows\refractory\coupling_rl1_c1\raw_runs\map_0748.log,C:\Users\vchat\Downloads\Vaishnavi_s_Thesis\automation\results_behavior_windows\refractory\coupling_rl1_c1\plots\map_0748.png,,,
749,ok,8950.0,2.1281724343867947e-08,C:\Users\vchat\Downloads\Vaishnavi_s_Thesis\automation\results_behavior_windows\refractory\coupling_rl1_c1\raw_runs\map_0749.raw,C:\Users\vchat\Downloads\Vaishnavi_s_Thesis\automation\results_behavior_windows\refractory\coupling_rl1_c1\raw_runs\map_0749.log,C:\Users\vchat\Downloads\Vaishnavi_s_Thesis\automation\results_behavior_windows\refractory\coupling_rl1_c1\plots\map_0749.png,,,
750,ok,8950.0,2.144761058952722e-08,C:\Users\vchat\Downloads\Vaishnavi_s_Thesis\automation\results_behavior_windows\refractory\coupling_rl1_c1\raw_runs\map_0750.raw,C:\Users\vchat\Downloads\Vaishnavi_s_Thesis\automation\results_behavior_windows\refractory\coupling_rl1_c1\raw_runs\map_0750.log,C:\Users\vchat\Downloads\Vaishnavi_s_Thesis\automation\results_behavior_windows\refractory\coupling_rl1_c1\plots\map_0750.png,,,
751,ok,8950.0,2.1614789881090783e-08,C:\Users\vchat\Downloads\Vaishnavi_s_Thesis\automation\results_behavior_windows\refractory\coupling_rl1_c1\raw_runs\map_0751.raw,C:\Users\vchat\Downloads\Vaishnavi_s_Thesis\automation\results_behavior_windows\refractory\coupling_rl1_c1\raw_runs\map_0751.log,C:\Users\vchat\Downloads\Vaishnavi_s_Thesis\automation\results_behavior_windows\refractory\coupling_rl1_c1\plots\map_0751.png,,,
752,ok,8950.0,2.1783272297560075e-08,C:\Users\vchat\Downloads\Vaishnavi_s_Thesis\automation\results_behavior_windows\refractory\coupling_rl1_c1\raw_runs\map_0752.raw,C:\Users\vchat\Downloads\Vaishnavi_s_Thesis\automation\results_behavior_windows\refractory\coupling_rl1_c1\raw_runs\map_0752.log,C:\Users\vchat\Downloads\Vaishnavi_s_Thesis\automation\results_behavior_windows\refractory\coupling_rl1_c1\plots\map_0752.png,,,
753,ok,8950.0,2.1953067996500143e-08,C:\Users\vchat\Downloads\Vaishnavi_s_Thesis\automation\results_behavior_windows\refractory\coupling_rl1_c1\raw_runs\map_0753.raw,C:\Users\vchat\Downloads\Vaishnavi_s_Thesis\automation\results_behavior_windows\refractory\coupling_rl1_c1\raw_runs\map_0753.log,C:\Users\vchat\Downloads\Vaishnavi_s_Thesis\automation\results_behavior_windows\refractory\coupling_rl1_c1\plots\map_0753.png,,,
754,ok,8950.0,2.2124187214651817e-08,C:\Users\vchat\Downloads\Vaishnavi_s_Thesis\automation\results_behavior_windows\refractory\coupling_rl1_c1\raw_runs\map_0754.raw,C:\Users\vchat\Downloads\Vaishnavi_s_Thesis\automation\results_behavior_windows\refractory\coupling_rl1_c1\raw_runs\map_0754.log,C:\Users\vchat\Downloads\Vaishnavi_s_Thesis\automation\results_behavior_windows\refractory\coupling_rl1_c1\plots\map_0754.png,,,
755,ok,8950.0,2.2296640268549164e-08,C:\Users\vchat\Downloads\Vaishnavi_s_Thesis\automation\results_behavior_windows\refractory\coupling_rl1_c1\raw_runs\map_0755.raw,C:\Users\vchat\Downloads\Vaishnavi_s_Thesis\automation\results_behavior_windows\refractory\coupling_rl1_c1\raw_runs\map_0755.log,C:\Users\vchat\Downloads\Vaishnavi_s_Thesis\automation\results_behavior_windows\refractory\coupling_rl1_c1\plots\map_0755.png,,,
756,ok,8950.0,2.2470437555141253e-08,C:\Users\vchat\Downloads\Vaishnavi_s_Thesis\automation\results_behavior_windows\refractory\coupling_rl1_c1\raw_runs\map_0756.raw,C:\Users\vchat\Downloads\Vaishnavi_s_Thesis\automation\results_behavior_windows\refractory\coupling_rl1_c1\raw_runs\map_0756.log,C:\Users\vchat\Downloads\Vaishnavi_s_Thesis\automation\results_behavior_windows\refractory\coupling_rl1_c1\plots\map_0756.png,,,
757,ok,8950.0,2.2645589552419077e-08,C:\Users\vchat\Downloads\Vaishnavi_s_Thesis\automation\results_behavior_windows\refractory\coupling_rl1_c1\raw_runs\map_0757.raw,C:\Users\vchat\Downloads\Vaishnavi_s_Thesis\automation\results_behavior_windows\refractory\coupling_rl1_c1\raw_runs\map_0757.log,C:\Users\vchat\Downloads\Vaishnavi_s_Thesis\automation\results_behavior_windows\refractory\coupling_rl1_c1\plots\map_0757.png,,,
758,ok,8950.0,2.282210682004707e-08,C:\Users\vchat\Downloads\Vaishnavi_s_Thesis\automation\results_behavior_windows\refractory\coupling_rl1_c1\raw_runs\map_0758.raw,C:\Users\vchat\Downloads\Vaishnavi_s_Thesis\automation\results_behavior_windows\refractory\coupling_rl1_c1\raw_runs\map_0758.log,C:\Users\vchat\Downloads\Vaishnavi_s_Thesis\automation\results_behavior_windows\refractory\coupling_rl1_c1\plots\map_0758.png,,,
759,ok,8950.0,2.300000000000001e-08,C:\Users\vchat\Downloads\Vaishnavi_s_Thesis\automation\results_behavior_windows\refractory\coupling_rl1_c1\raw_runs\map_0759.raw,C:\Users\vchat\Downloads\Vaishnavi_s_Thesis\automation\results_behavior_windows\refractory\coupling_rl1_c1\raw_runs\map_0759.log,C:\Users\vchat\Downloads\Vaishnavi_s_Thesis\automation\results_behavior_windows\refractory\coupling_rl1_c1\plots\map_0759.png,,,
760,ok,9000.0,2.0000000000000004e-08,C:\Users\vchat\Downloads\Vaishnavi_s_Thesis\automation\results_behavior_windows\refractory\coupling_rl1_c1\raw_runs\map_0760.raw,C:\Users\vchat\Downloads\Vaishnavi_s_Thesis\automation\results_behavior_windows\refractory\coupling_rl1_c1\raw_runs\map_0760.log,C:\Users\vchat\Downloads\Vaishnavi_s_Thesis\automation\results_behavior_windows\refractory\coupling_rl1_c1\plots\map_0760.png,,,
761,ok,9000.0,2.0155895493221232e-08,C:\Users\vchat\Downloads\Vaishnavi_s_Thesis\automation\results_behavior_windows\refractory\coupling_rl1_c1\raw_runs\map_0761.raw,C:\Users\vchat\Downloads\Vaishnavi_s_Thesis\automation\results_behavior_windows\refractory\coupling_rl1_c1\raw_runs\map_0761.log,C:\Users\vchat\Downloads\Vaishnavi_s_Thesis\automation\results_behavior_windows\refractory\coupling_rl1_c1\plots\map_0761.png,,,
762,ok,9000.0,2.0313006156682795e-08,C:\Users\vchat\Downloads\Vaishnavi_s_Thesis\automation\results_behavior_windows\refractory\coupling_rl1_c1\raw_runs\map_0762.raw,C:\Users\vchat\Downloads\Vaishnavi_s_Thesis\automation\results_behavior_windows\refractory\coupling_rl1_c1\raw_runs\map_0762.log,C:\Users\vchat\Downloads\Vaishnavi_s_Thesis\automation\results_behavior_windows\refractory\coupling_rl1_c1\plots\map_0762.png,,,
763,ok,9000.0,2.047134146236293e-08,C:\Users\vchat\Downloads\Vaishnavi_s_Thesis\automation\results_behavior_windows\refractory\coupling_rl1_c1\raw_runs\map_0763.raw,C:\Users\vchat\Downloads\Vaishnavi_s_Thesis\automation\results_behavior_windows\refractory\coupling_rl1_c1\raw_runs\map_0763.log,C:\Users\vchat\Downloads\Vaishnavi_s_Thesis\automation\results_behavior_windows\refractory\coupling_rl1_c1\plots\map_0763.png,,,
764,ok,9000.0,2.0630910956071693e-08,C:\Users\vchat\Downloads\Vaishnavi_s_Thesis\automation\results_behavior_windows\refractory\coupling_rl1_c1\raw_runs\map_0764.raw,C:\Users\vchat\Downloads\Vaishnavi_s_Thesis\automation\results_behavior_windows\refractory\coupling_rl1_c1\raw_runs\map_0764.log,C:\Users\vchat\Downloads\Vaishnavi_s_Thesis\automation\results_behavior_windows\refractory\coupling_rl1_c1\plots\map_0764.png,,,
765,ok,9000.0,2.0791724258026693e-08,C:\Users\vchat\Downloads\Vaishnavi_s_Thesis\automation\results_behavior_windows\refractory\coupling_rl1_c1\raw_runs\map_0765.raw,C:\Users\vchat\Downloads\Vaishnavi_s_Thesis\automation\results_behavior_windows\refractory\coupling_rl1_c1\raw_runs\map_0765.log,C:\Users\vchat\Downloads\Vaishnavi_s_Thesis\automation\results_behavior_windows\refractory\coupling_rl1_c1\plots\map_0765.png,,,
766,ok,9000.0,2.0953791063432937e-08,C:\Users\vchat\Downloads\Vaishnavi_s_Thesis\automation\results_behavior_windows\refractory\coupling_rl1_c1\raw_runs\map_0766.raw,C:\Users\vchat\Downloads\Vaishnavi_s_Thesis\automation\results_behavior_windows\refractory\coupling_rl1_c1\raw_runs\map_0766.log,C:\Users\vchat\Downloads\Vaishnavi_s_Thesis\automation\results_behavior_windows\refractory\coupling_rl1_c1\plots\map_0766.png,,,
767,ok,9000.0,2.11171211430674e-08,C:\Users\vchat\Downloads\Vaishnavi_s_Thesis\automation\results_behavior_windows\refractory\coupling_rl1_c1\raw_runs\map_0767.raw,C:\Users\vchat\Downloads\Vaishnavi_s_Thesis\automation\results_behavior_windows\refractory\coupling_rl1_c1\raw_runs\map_0767.log,C:\Users\vchat\Downloads\Vaishnavi_s_Thesis\automation\results_behavior_windows\refractory\coupling_rl1_c1\plots\map_0767.png,,,
768,ok,9000.0,2.1281724343867947e-08,C:\Users\vchat\Downloads\Vaishnavi_s_Thesis\automation\results_behavior_windows\refractory\coupling_rl1_c1\raw_runs\map_0768.raw,C:\Users\vchat\Downloads\Vaishnavi_s_Thesis\automation\results_behavior_windows\refractory\coupling_rl1_c1\raw_runs\map_0768.log,C:\Users\vchat\Downloads\Vaishnavi_s_Thesis\automation\results_behavior_windows\refractory\coupling_rl1_c1\plots\map_0768.png,,,
769,ok,9000.0,2.144761058952722e-08,C:\Users\vchat\Downloads\Vaishnavi_s_Thesis\automation\results_behavior_windows\refractory\coupling_rl1_c1\raw_runs\map_0769.raw,C:\Users\vchat\Downloads\Vaishnavi_s_Thesis\automation\results_behavior_windows\refractory\coupling_rl1_c1\raw_runs\map_0769.log,C:\Users\vchat\Downloads\Vaishnavi_s_Thesis\automation\results_behavior_windows\refractory\coupling_rl1_c1\plots\map_0769.png,,,
770,ok,9000.0,2.1614789881090783e-08,C:\Users\vchat\Downloads\Vaishnavi_s_Thesis\automation\results_behavior_windows\refractory\coupling_rl1_c1\raw_runs\map_0770.raw,C:\Users\vchat\Downloads\Vaishnavi_s_Thesis\automation\results_behavior_windows\refractory\coupling_rl1_c1\raw_runs\map_0770.log,C:\Users\vchat\Downloads\Vaishnavi_s_Thesis\automation\results_behavior_windows\refractory\coupling_rl1_c1\plots\map_0770.png,,,
771,ok,9000.0,2.1783272297560075e-08,C:\Users\vchat\Downloads\Vaishnavi_s_Thesis\automation\results_behavior_windows\refractory\coupling_rl1_c1\raw_runs\map_0771.raw,C:\Users\vchat\Downloads\Vaishnavi_s_Thesis\automation\results_behavior_windows\refractory\coupling_rl1_c1\raw_runs\map_0771.log,C:\Users\vchat\Downloads\Vaishnavi_s_Thesis\automation\results_behavior_windows\refractory\coupling_rl1_c1\plots\map_0771.png,,,
772,ok,9000.0,2.1953067996500143e-08,C:\Users\vchat\Downloads\Vaishnavi_s_Thesis\automation\results_behavior_windows\refractory\coupling_rl1_c1\raw_runs\map_0772.raw,C:\Users\vchat\Downloads\Vaishnavi_s_Thesis\automation\results_behavior_windows\refractory\coupling_rl1_c1\raw_runs\map_0772.log,C:\Users\vchat\Downloads\Vaishnavi_s_Thesis\automation\results_behavior_windows\refractory\coupling_rl1_c1\plots\map_0772.png,,,
773,ok,9000.0,2.2124187214651817e-08,C:\Users\vchat\Downloads\Vaishnavi_s_Thesis\automation\results_behavior_windows\refractory\coupling_rl1_c1\raw_runs\map_0773.raw,C:\Users\vchat\Downloads\Vaishnavi_s_Thesis\automation\results_behavior_windows\refractory\coupling_rl1_c1\raw_runs\map_0773.log,C:\Users\vchat\Downloads\Vaishnavi_s_Thesis\automation\results_behavior_windows\refractory\coupling_rl1_c1\plots\map_0773.png,,,
774,ok,9000.0,2.2296640268549164e-08,C:\Users\vchat\Downloads\Vaishnavi_s_Thesis\automation\results_behavior_windows\refractory\coupling_rl1_c1\raw_runs\map_0774.raw,C:\Users\vchat\Downloads\Vaishnavi_s_Thesis\automation\results_behavior_windows\refractory\coupling_rl1_c1\raw_runs\map_0774.log,C:\Users\vchat\Downloads\Vaishnavi_s_Thesis\automation\results_behavior_windows\refractory\coupling_rl1_c1\plots\map_0774.png,,,
775,ok,9000.0,2.2470437555141253e-08,C:\Users\vchat\Downloads\Vaishnavi_s_Thesis\automation\results_behavior_windows\refractory\coupling_rl1_c1\raw_runs\map_0775.raw,C:\Users\vchat\Downloads\Vaishnavi_s_Thesis\automation\results_behavior_windows\refractory\coupling_rl1_c1\raw_runs\map_0775.log,C:\Users\vchat\Downloads\Vaishnavi_s_Thesis\automation\results_behavior_windows\refractory\coupling_rl1_c1\plots\map_0775.png,,,
776,ok,9000.0,2.2645589552419077e-08,C:\Users\vchat\Downloads\Vaishnavi_s_Thesis\automation\results_behavior_windows\refractory\coupling_rl1_c1\raw_runs\map_0776.raw,C:\Users\vchat\Downloads\Vaishnavi_s_Thesis\automation\results_behavior_windows\refractory\coupling_rl1_c1\raw_runs\map_0776.log,C:\Users\vchat\Downloads\Vaishnavi_s_Thesis\automation\results_behavior_windows\refractory\coupling_rl1_c1\plots\map_0776.png,,,
777,ok,9000.0,2.282210682004707e-08,C:\Users\vchat\Downloads\Vaishnavi_s_Thesis\automation\results_behavior_windows\refractory\coupling_rl1_c1\raw_runs\map_0777.raw,C:\Users\vchat\Downloads\Vaishnavi_s_Thesis\automation\results_behavior_windows\refractory\coupling_rl1_c1\raw_runs\map_0777.log,C:\Users\vchat\Downloads\Vaishnavi_s_Thesis\automation\results_behavior_windows\refractory\coupling_rl1_c1\plots\map_0777.png,,,
778,ok,9000.0,2.300000000000001e-08,C:\Users\vchat\Downloads\Vaishnavi_s_Thesis\automation\results_behavior_windows\refractory\coupling_rl1_c1\raw_runs\map_0778.raw,C:\Users\vchat\Downloads\Vaishnavi_s_Thesis\automation\results_behavior_windows\refractory\coupling_rl1_c1\raw_runs\map_0778.log,C:\Users\vchat\Downloads\Vaishnavi_s_Thesis\automation\results_behavior_windows\refractory\coupling_rl1_c1\plots\map_0778.png,,,
779,ok,9050.0,2.0000000000000004e-08,C:\Users\vchat\Downloads\Vaishnavi_s_Thesis\automation\results_behavior_windows\refractory\coupling_rl1_c1\raw_runs\map_0779.raw,C:\Users\vchat\Downloads\Vaishnavi_s_Thesis\automation\results_behavior_windows\refractory\coupling_rl1_c1\raw_runs\map_0779.log,C:\Users\vchat\Downloads\Vaishnavi_s_Thesis\automation\results_behavior_windows\refractory\coupling_rl1_c1\plots\map_0779.png,,,
780,ok,9050.0,2.0155895493221232e-08,C:\Users\vchat\Downloads\Vaishnavi_s_Thesis\automation\results_behavior_windows\refractory\coupling_rl1_c1\raw_runs\map_0780.raw,C:\Users\vchat\Downloads\Vaishnavi_s_Thesis\automation\results_behavior_windows\refractory\coupling_rl1_c1\raw_runs\map_0780.log,C:\Users\vchat\Downloads\Vaishnavi_s_Thesis\automation\results_behavior_windows\refractory\coupling_rl1_c1\plots\map_0780.png,,,
781,ok,9050.0,2.0313006156682795e-08,C:\Users\vchat\Downloads\Vaishnavi_s_Thesis\automation\results_behavior_windows\refractory\coupling_rl1_c1\raw_runs\map_0781.raw,C:\Users\vchat\Downloads\Vaishnavi_s_Thesis\automation\results_behavior_windows\refractory\coupling_rl1_c1\raw_runs\map_0781.log,C:\Users\vchat\Downloads\Vaishnavi_s_Thesis\automation\results_behavior_windows\refractory\coupling_rl1_c1\plots\map_0781.png,,,
782,ok,9050.0,2.047134146236293e-08,C:\Users\vchat\Downloads\Vaishnavi_s_Thesis\automation\results_behavior_windows\refractory\coupling_rl1_c1\raw_runs\map_0782.raw,C:\Users\vchat\Downloads\Vaishnavi_s_Thesis\automation\results_behavior_windows\refractory\coupling_rl1_c1\raw_runs\map_0782.log,C:\Users\vchat\Downloads\Vaishnavi_s_Thesis\automation\results_behavior_windows\refractory\coupling_rl1_c1\plots\map_0782.png,,,
783,ok,9050.0,2.0630910956071693e-08,C:\Users\vchat\Downloads\Vaishnavi_s_Thesis\automation\results_behavior_windows\refractory\coupling_rl1_c1\raw_runs\map_0783.raw,C:\Users\vchat\Downloads\Vaishnavi_s_Thesis\automation\results_behavior_windows\refractory\coupling_rl1_c1\raw_runs\map_0783.log,C:\Users\vchat\Downloads\Vaishnavi_s_Thesis\automation\results_behavior_windows\refractory\coupling_rl1_c1\plots\map_0783.png,,,
784,ok,9050.0,2.0791724258026693e-08,C:\Users\vchat\Downloads\Vaishnavi_s_Thesis\automation\results_behavior_windows\refractory\coupling_rl1_c1\raw_runs\map_0784.raw,C:\Users\vchat\Downloads\Vaishnavi_s_Thesis\automation\results_behavior_windows\refractory\coupling_rl1_c1\raw_runs\map_0784.log,C:\Users\vchat\Downloads\Vaishnavi_s_Thesis\automation\results_behavior_windows\refractory\coupling_rl1_c1\plots\map_0784.png,,,
785,ok,9050.0,2.0953791063432937e-08,C:\Users\vchat\Downloads\Vaishnavi_s_Thesis\automation\results_behavior_windows\refractory\coupling_rl1_c1\raw_runs\map_0785.raw,C:\Users\vchat\Downloads\Vaishnavi_s_Thesis\automation\results_behavior_windows\refractory\coupling_rl1_c1\raw_runs\map_0785.log,C:\Users\vchat\Downloads\Vaishnavi_s_Thesis\automation\results_behavior_windows\refractory\coupling_rl1_c1\plots\map_0785.png,,,
786,ok,9050.0,2.11171211430674e-08,C:\Users\vchat\Downloads\Vaishnavi_s_Thesis\automation\results_behavior_windows\refractory\coupling_rl1_c1\raw_runs\map_0786.raw,C:\Users\vchat\Downloads\Vaishnavi_s_Thesis\automation\results_behavior_windows\refractory\coupling_rl1_c1\raw_runs\map_0786.log,C:\Users\vchat\Downloads\Vaishnavi_s_Thesis\automation\results_behavior_windows\refractory\coupling_rl1_c1\plots\map_0786.png,,,
787,ok,9050.0,2.1281724343867947e-08,C:\Users\vchat\Downloads\Vaishnavi_s_Thesis\automation\results_behavior_windows\refractory\coupling_rl1_c1\raw_runs\map_0787.raw,C:\Users\vchat\Downloads\Vaishnavi_s_Thesis\automation\results_behavior_windows\refractory\coupling_rl1_c1\raw_runs\map_0787.log,C:\Users\vchat\Downloads\Vaishnavi_s_Thesis\automation\results_behavior_windows\refractory\coupling_rl1_c1\plots\map_0787.png,,,
788,ok,9050.0,2.144761058952722e-08,C:\Users\vchat\Downloads\Vaishnavi_s_Thesis\automation\results_behavior_windows\refractory\coupling_rl1_c1\raw_runs\map_0788.raw,C:\Users\vchat\Downloads\Vaishnavi_s_Thesis\automation\results_behavior_windows\refractory\coupling_rl1_c1\raw_runs\map_0788.log,C:\Users\vchat\Downloads\Vaishnavi_s_Thesis\automation\results_behavior_windows\refractory\coupling_rl1_c1\plots\map_0788.png,,,
789,ok,9050.0,2.1614789881090783e-08,C:\Users\vchat\Downloads\Vaishnavi_s_Thesis\automation\results_behavior_windows\refractory\coupling_rl1_c1\raw_runs\map_0789.raw,C:\Users\vchat\Downloads\Vaishnavi_s_Thesis\automation\results_behavior_windows\refractory\coupling_rl1_c1\raw_runs\map_0789.log,C:\Users\vchat\Downloads\Vaishnavi_s_Thesis\automation\results_behavior_windows\refractory\coupling_rl1_c1\plots\map_0789.png,,,
790,ok,9050.0,2.1783272297560075e-08,C:\Users\vchat\Downloads\Vaishnavi_s_Thesis\automation\results_behavior_windows\refractory\coupling_rl1_c1\raw_runs\map_0790.raw,C:\Users\vchat\Downloads\Vaishnavi_s_Thesis\automation\results_behavior_windows\refractory\coupling_rl1_c1\raw_runs\map_0790.log,C:\Users\vchat\Downloads\Vaishnavi_s_Thesis\automation\results_behavior_windows\refractory\coupling_rl1_c1\plots\map_0790.png,,,
791,ok,9050.0,2.1953067996500143e-08,C:\Users\vchat\Downloads\Vaishnavi_s_Thesis\automation\results_behavior_windows\refractory\coupling_rl1_c1\raw_runs\map_0791.raw,C:\Users\vchat\Downloads\Vaishnavi_s_Thesis\automation\results_behavior_windows\refractory\coupling_rl1_c1\raw_runs\map_0791.log,C:\Users\vchat\Downloads\Vaishnavi_s_Thesis\automation\results_behavior_windows\refractory\coupling_rl1_c1\plots\map_0791.png,,,
792,ok,9050.0,2.2124187214651817e-08,C:\Users\vchat\Downloads\Vaishnavi_s_Thesis\automation\results_behavior_windows\refractory\coupling_rl1_c1\raw_runs\map_0792.raw,C:\Users\vchat\Downloads\Vaishnavi_s_Thesis\automation\results_behavior_windows\refractory\coupling_rl1_c1\raw_runs\map_0792.log,C:\Users\vchat\Downloads\Vaishnavi_s_Thesis\automation\results_behavior_windows\refractory\coupling_rl1_c1\plots\map_0792.png,,,
793,ok,9050.0,2.2296640268549164e-08,C:\Users\vchat\Downloads\Vaishnavi_s_Thesis\automation\results_behavior_windows\refractory\coupling_rl1_c1\raw_runs\map_0793.raw,C:\Users\vchat\Downloads\Vaishnavi_s_Thesis\automation\results_behavior_windows\refractory\coupling_rl1_c1\raw_runs\map_0793.log,C:\Users\vchat\Downloads\Vaishnavi_s_Thesis\automation\results_behavior_windows\refractory\coupling_rl1_c1\plots\map_0793.png,,,
794,ok,9050.0,2.2470437555141253e-08,C:\Users\vchat\Downloads\Vaishnavi_s_Thesis\automation\results_behavior_windows\refractory\coupling_rl1_c1\raw_runs\map_0794.raw,C:\Users\vchat\Downloads\Vaishnavi_s_Thesis\automation\results_behavior_windows\refractory\coupling_rl1_c1\raw_runs\map_0794.log,C:\Users\vchat\Downloads\Vaishnavi_s_Thesis\automation\results_behavior_windows\refractory\coupling_rl1_c1\plots\map_0794.png,,,
795,ok,9050.0,2.2645589552419077e-08,C:\Users\vchat\Downloads\Vaishnavi_s_Thesis\automation\results_behavior_windows\refractory\coupling_rl1_c1\raw_runs\map_0795.raw,C:\Users\vchat\Downloads\Vaishnavi_s_Thesis\automation\results_behavior_windows\refractory\coupling_rl1_c1\raw_runs\map_0795.log,C:\Users\vchat\Downloads\Vaishnavi_s_Thesis\automation\results_behavior_windows\refractory\coupling_rl1_c1\plots\map_0795.png,,,
796,ok,9050.0,2.282210682004707e-08,C:\Users\vchat\Downloads\Vaishnavi_s_Thesis\automation\results_behavior_windows\refractory\coupling_rl1_c1\raw_runs\map_0796.raw,C:\Users\vchat\Downloads\Vaishnavi_s_Thesis\automation\results_behavior_windows\refractory\coupling_rl1_c1\raw_runs\map_0796.log,C:\Users\vchat\Downloads\Vaishnavi_s_Thesis\automation\results_behavior_windows\refractory\coupling_rl1_c1\plots\map_0796.png,,,
797,ok,9050.0,2.300000000000001e-08,C:\Users\vchat\Downloads\Vaishnavi_s_Thesis\automation\results_behavior_windows\refractory\coupling_rl1_c1\raw_runs\map_0797.raw,C:\Users\vchat\Downloads\Vaishnavi_s_Thesis\automation\results_behavior_windows\refractory\coupling_rl1_c1\raw_runs\map_0797.log,C:\Users\vchat\Downloads\Vaishnavi_s_Thesis\automation\results_behavior_windows\refractory\coupling_rl1_c1\plots\map_0797.png,,,
798,ok,9100.0,2.0000000000000004e-08,C:\Users\vchat\Downloads\Vaishnavi_s_Thesis\automation\results_behavior_windows\refractory\coupling_rl1_c1\raw_runs\map_0798.raw,C:\Users\vchat\Downloads\Vaishnavi_s_Thesis\automation\results_behavior_windows\refractory\coupling_rl1_c1\raw_runs\map_0798.log,C:\Users\vchat\Downloads\Vaishnavi_s_Thesis\automation\results_behavior_windows\refractory\coupling_rl1_c1\plots\map_0798.png,,,
799,ok,9100.0,2.0155895493221232e-08,C:\Users\vchat\Downloads\Vaishnavi_s_Thesis\automation\results_behavior_windows\refractory\coupling_rl1_c1\raw_runs\map_0799.raw,C:\Users\vchat\Downloads\Vaishnavi_s_Thesis\automation\results_behavior_windows\refractory\coupling_rl1_c1\raw_runs\map_0799.log,C:\Users\vchat\Downloads\Vaishnavi_s_Thesis\automation\results_behavior_windows\refractory\coupling_rl1_c1\plots\map_0799.png,,,
800,ok,9100.0,2.0313006156682795e-08,C:\Users\vchat\Downloads\Vaishnavi_s_Thesis\automation\results_behavior_windows\refractory\coupling_rl1_c1\raw_runs\map_0800.raw,C:\Users\vchat\Downloads\Vaishnavi_s_Thesis\automation\results_behavior_windows\refractory\coupling_rl1_c1\raw_runs\map_0800.log,C:\Users\vchat\Downloads\Vaishnavi_s_Thesis\automation\results_behavior_windows\refractory\coupling_rl1_c1\plots\map_0800.png,,,
801,ok,9100.0,2.047134146236293e-08,C:\Users\vchat\Downloads\Vaishnavi_s_Thesis\automation\results_behavior_windows\refractory\coupling_rl1_c1\raw_runs\map_0801.raw,C:\Users\vchat\Downloads\Vaishnavi_s_Thesis\automation\results_behavior_windows\refractory\coupling_rl1_c1\raw_runs\map_0801.log,C:\Users\vchat\Downloads\Vaishnavi_s_Thesis\automation\results_behavior_windows\refractory\coupling_rl1_c1\plots\map_0801.png,,,
802,ok,9100.0,2.0630910956071693e-08,C:\Users\vchat\Downloads\Vaishnavi_s_Thesis\automation\results_behavior_windows\refractory\coupling_rl1_c1\raw_runs\map_0802.raw,C:\Users\vchat\Downloads\Vaishnavi_s_Thesis\automation\results_behavior_windows\refractory\coupling_rl1_c1\raw_runs\map_0802.log,C:\Users\vchat\Downloads\Vaishnavi_s_Thesis\automation\results_behavior_windows\refractory\coupling_rl1_c1\plots\map_0802.png,,,
803,ok,9100.0,2.0791724258026693e-08,C:\Users\vchat\Downloads\Vaishnavi_s_Thesis\automation\results_behavior_windows\refractory\coupling_rl1_c1\raw_runs\map_0803.raw,C:\Users\vchat\Downloads\Vaishnavi_s_Thesis\automation\results_behavior_windows\refractory\coupling_rl1_c1\raw_runs\map_0803.log,C:\Users\vchat\Downloads\Vaishnavi_s_Thesis\automation\results_behavior_windows\refractory\coupling_rl1_c1\plots\map_0803.png,,,
804,ok,9100.0,2.0953791063432937e-08,C:\Users\vchat\Downloads\Vaishnavi_s_Thesis\automation\results_behavior_windows\refractory\coupling_rl1_c1\raw_runs\map_0804.raw,C:\Users\vchat\Downloads\Vaishnavi_s_Thesis\automation\results_behavior_windows\refractory\coupling_rl1_c1\raw_runs\map_0804.log,C:\Users\vchat\Downloads\Vaishnavi_s_Thesis\automation\results_behavior_windows\refractory\coupling_rl1_c1\plots\map_0804.png,,,
805,ok,9100.0,2.11171211430674e-08,C:\Users\vchat\Downloads\Vaishnavi_s_Thesis\automation\results_behavior_windows\refractory\coupling_rl1_c1\raw_runs\map_0805.raw,C:\Users\vchat\Downloads\Vaishnavi_s_Thesis\automation\results_behavior_windows\refractory\coupling_rl1_c1\raw_runs\map_0805.log,C:\Users\vchat\Downloads\Vaishnavi_s_Thesis\automation\results_behavior_windows\refractory\coupling_rl1_c1\plots\map_0805.png,,,
806,ok,9100.0,2.1281724343867947e-08,C:\Users\vchat\Downloads\Vaishnavi_s_Thesis\automation\results_behavior_windows\refractory\coupling_rl1_c1\raw_runs\map_0806.raw,C:\Users\vchat\Downloads\Vaishnavi_s_Thesis\automation\results_behavior_windows\refractory\coupling_rl1_c1\raw_runs\map_0806.log,C:\Users\vchat\Downloads\Vaishnavi_s_Thesis\automation\results_behavior_windows\refractory\coupling_rl1_c1\plots\map_0806.png,,,
807,ok,9100.0,2.144761058952722e-08,C:\Users\vchat\Downloads\Vaishnavi_s_Thesis\automation\results_behavior_windows\refractory\coupling_rl1_c1\raw_runs\map_0807.raw,C:\Users\vchat\Downloads\Vaishnavi_s_Thesis\automation\results_behavior_windows\refractory\coupling_rl1_c1\raw_runs\map_0807.log,C:\Users\vchat\Downloads\Vaishnavi_s_Thesis\automation\results_behavior_windows\refractory\coupling_rl1_c1\plots\map_0807.png,,,
808,ok,9100.0,2.1614789881090783e-08,C:\Users\vchat\Downloads\Vaishnavi_s_Thesis\automation\results_behavior_windows\refractory\coupling_rl1_c1\raw_runs\map_0808.raw,C:\Users\vchat\Downloads\Vaishnavi_s_Thesis\automation\results_behavior_windows\refractory\coupling_rl1_c1\raw_runs\map_0808.log,C:\Users\vchat\Downloads\Vaishnavi_s_Thesis\automation\results_behavior_windows\refractory\coupling_rl1_c1\plots\map_0808.png,,,
809,ok,9100.0,2.1783272297560075e-08,C:\Users\vchat\Downloads\Vaishnavi_s_Thesis\automation\results_behavior_windows\refractory\coupling_rl1_c1\raw_runs\map_0809.raw,C:\Users\vchat\Downloads\Vaishnavi_s_Thesis\automation\results_behavior_windows\refractory\coupling_rl1_c1\raw_runs\map_0809.log,C:\Users\vchat\Downloads\Vaishnavi_s_Thesis\automation\results_behavior_windows\refractory\coupling_rl1_c1\plots\map_0809.png,,,
810,ok,9100.0,2.1953067996500143e-08,C:\Users\vchat\Downloads\Vaishnavi_s_Thesis\automation\results_behavior_windows\refractory\coupling_rl1_c1\raw_runs\map_0810.raw,C:\Users\vchat\Downloads\Vaishnavi_s_Thesis\automation\results_behavior_windows\refractory\coupling_rl1_c1\raw_runs\map_0810.log,C:\Users\vchat\Downloads\Vaishnavi_s_Thesis\automation\results_behavior_windows\refractory\coupling_rl1_c1\plots\map_0810.png,,,
811,ok,9100.0,2.2124187214651817e-08,C:\Users\vchat\Downloads\Vaishnavi_s_Thesis\automation\results_behavior_windows\refractory\coupling_rl1_c1\raw_runs\map_0811.raw,C:\Users\vchat\Downloads\Vaishnavi_s_Thesis\automation\results_behavior_windows\refractory\coupling_rl1_c1\raw_runs\map_0811.log,C:\Users\vchat\Downloads\Vaishnavi_s_Thesis\automation\results_behavior_windows\refractory\coupling_rl1_c1\plots\map_0811.png,,,
812,ok,9100.0,2.2296640268549164e-08,C:\Users\vchat\Downloads\Vaishnavi_s_Thesis\automation\results_behavior_windows\refractory\coupling_rl1_c1\raw_runs\map_0812.raw,C:\Users\vchat\Downloads\Vaishnavi_s_Thesis\automation\results_behavior_windows\refractory\coupling_rl1_c1\raw_runs\map_0812.log,C:\Users\vchat\Downloads\Vaishnavi_s_Thesis\automation\results_behavior_windows\refractory\coupling_rl1_c1\plots\map_0812.png,,,
813,ok,9100.0,2.2470437555141253e-08,C:\Users\vchat\Downloads\Vaishnavi_s_Thesis\automation\results_behavior_windows\refractory\coupling_rl1_c1\raw_runs\map_0813.raw,C:\Users\vchat\Downloads\Vaishnavi_s_Thesis\automation\results_behavior_windows\refractory\coupling_rl1_c1\raw_runs\map_0813.log,C:\Users\vchat\Downloads\Vaishnavi_s_Thesis\automation\results_behavior_windows\refractory\coupling_rl1_c1\plots\map_0813.png,,,
814,ok,9100.0,2.2645589552419077e-08,C:\Users\vchat\Downloads\Vaishnavi_s_Thesis\automation\results_behavior_windows\refractory\coupling_rl1_c1\raw_runs\map_0814.raw,C:\Users\vchat\Downloads\Vaishnavi_s_Thesis\automation\results_behavior_windows\refractory\coupling_rl1_c1\raw_runs\map_0814.log,C:\Users\vchat\Downloads\Vaishnavi_s_Thesis\automation\results_behavior_windows\refractory\coupling_rl1_c1\plots\map_0814.png,,,
815,ok,9100.0,2.282210682004707e-08,C:\Users\vchat\Downloads\Vaishnavi_s_Thesis\automation\results_behavior_windows\refractory\coupling_rl1_c1\raw_runs\map_0815.raw,C:\Users\vchat\Downloads\Vaishnavi_s_Thesis\automation\results_behavior_windows\refractory\coupling_rl1_c1\raw_runs\map_0815.log,C:\Users\vchat\Downloads\Vaishnavi_s_Thesis\automation\results_behavior_windows\refractory\coupling_rl1_c1\plots\map_0815.png,,,
816,ok,9100.0,2.300000000000001e-08,C:\Users\vchat\Downloads\Vaishnavi_s_Thesis\automation\results_behavior_windows\refractory\coupling_rl1_c1\raw_runs\map_0816.raw,C:\Users\vchat\Downloads\Vaishnavi_s_Thesis\automation\results_behavior_windows\refractory\coupling_rl1_c1\raw_runs\map_0816.log,C:\Users\vchat\Downloads\Vaishnavi_s_Thesis\automation\results_behavior_windows\refractory\coupling_rl1_c1\plots\map_0816.png,,,
817,ok,9150.0,2.0000000000000004e-08,C:\Users\vchat\Downloads\Vaishnavi_s_Thesis\automation\results_behavior_windows\refractory\coupling_rl1_c1\raw_runs\map_0817.raw,C:\Users\vchat\Downloads\Vaishnavi_s_Thesis\automation\results_behavior_windows\refractory\coupling_rl1_c1\raw_runs\map_0817.log,C:\Users\vchat\Downloads\Vaishnavi_s_Thesis\automation\results_behavior_windows\refractory\coupling_rl1_c1\plots\map_0817.png,,,
818,ok,9150.0,2.0155895493221232e-08,C:\Users\vchat\Downloads\Vaishnavi_s_Thesis\automation\results_behavior_windows\refractory\coupling_rl1_c1\raw_runs\map_0818.raw,C:\Users\vchat\Downloads\Vaishnavi_s_Thesis\automation\results_behavior_windows\refractory\coupling_rl1_c1\raw_runs\map_0818.log,C:\Users\vchat\Downloads\Vaishnavi_s_Thesis\automation\results_behavior_windows\refractory\coupling_rl1_c1\plots\map_0818.png,,,
819,ok,9150.0,2.0313006156682795e-08,C:\Users\vchat\Downloads\Vaishnavi_s_Thesis\automation\results_behavior_windows\refractory\coupling_rl1_c1\raw_runs\map_0819.raw,C:\Users\vchat\Downloads\Vaishnavi_s_Thesis\automation\results_behavior_windows\refractory\coupling_rl1_c1\raw_runs\map_0819.log,C:\Users\vchat\Downloads\Vaishnavi_s_Thesis\automation\results_behavior_windows\refractory\coupling_rl1_c1\plots\map_0819.png,,,
820,ok,9150.0,2.047134146236293e-08,C:\Users\vchat\Downloads\Vaishnavi_s_Thesis\automation\results_behavior_windows\refractory\coupling_rl1_c1\raw_runs\map_0820.raw,C:\Users\vchat\Downloads\Vaishnavi_s_Thesis\automation\results_behavior_windows\refractory\coupling_rl1_c1\raw_runs\map_0820.log,C:\Users\vchat\Downloads\Vaishnavi_s_Thesis\automation\results_behavior_windows\refractory\coupling_rl1_c1\plots\map_0820.png,,,
821,ok,9150.0,2.0630910956071693e-08,C:\Users\vchat\Downloads\Vaishnavi_s_Thesis\automation\results_behavior_windows\refractory\coupling_rl1_c1\raw_runs\map_0821.raw,C:\Users\vchat\Downloads\Vaishnavi_s_Thesis\automation\results_behavior_windows\refractory\coupling_rl1_c1\raw_runs\map_0821.log,C:\Users\vchat\Downloads\Vaishnavi_s_Thesis\automation\results_behavior_windows\refractory\coupling_rl1_c1\plots\map_0821.png,,,
822,ok,9150.0,2.0791724258026693e-08,C:\Users\vchat\Downloads\Vaishnavi_s_Thesis\automation\results_behavior_windows\refractory\coupling_rl1_c1\raw_runs\map_0822.raw,C:\Users\vchat\Downloads\Vaishnavi_s_Thesis\automation\results_behavior_windows\refractory\coupling_rl1_c1\raw_runs\map_0822.log,C:\Users\vchat\Downloads\Vaishnavi_s_Thesis\automation\results_behavior_windows\refractory\coupling_rl1_c1\plots\map_0822.png,,,
823,ok,9150.0,2.0953791063432937e-08,C:\Users\vchat\Downloads\Vaishnavi_s_Thesis\automation\results_behavior_windows\refractory\coupling_rl1_c1\raw_runs\map_0823.raw,C:\Users\vchat\Downloads\Vaishnavi_s_Thesis\automation\results_behavior_windows\refractory\coupling_rl1_c1\raw_runs\map_0823.log,C:\Users\vchat\Downloads\Vaishnavi_s_Thesis\automation\results_behavior_windows\refractory\coupling_rl1_c1\plots\map_0823.png,,,
824,ok,9150.0,2.11171211430674e-08,C:\Users\vchat\Downloads\Vaishnavi_s_Thesis\automation\results_behavior_windows\refractory\coupling_rl1_c1\raw_runs\map_0824.raw,C:\Users\vchat\Downloads\Vaishnavi_s_Thesis\automation\results_behavior_windows\refractory\coupling_rl1_c1\raw_runs\map_0824.log,C:\Users\vchat\Downloads\Vaishnavi_s_Thesis\automation\results_behavior_windows\refractory\coupling_rl1_c1\plots\map_0824.png,,,
825,ok,9150.0,2.1281724343867947e-08,C:\Users\vchat\Downloads\Vaishnavi_s_Thesis\automation\results_behavior_windows\refractory\coupling_rl1_c1\raw_runs\map_0825.raw,C:\Users\vchat\Downloads\Vaishnavi_s_Thesis\automation\results_behavior_windows\refractory\coupling_rl1_c1\raw_runs\map_0825.log,C:\Users\vchat\Downloads\Vaishnavi_s_Thesis\automation\results_behavior_windows\refractory\coupling_rl1_c1\plots\map_0825.png,,,
826,ok,9150.0,2.144761058952722e-08,C:\Users\vchat\Downloads\Vaishnavi_s_Thesis\automation\results_behavior_windows\refractory\coupling_rl1_c1\raw_runs\map_0826.raw,C:\Users\vchat\Downloads\Vaishnavi_s_Thesis\automation\results_behavior_windows\refractory\coupling_rl1_c1\raw_runs\map_0826.log,C:\Users\vchat\Downloads\Vaishnavi_s_Thesis\automation\results_behavior_windows\refractory\coupling_rl1_c1\plots\map_0826.png,,,
827,ok,9150.0,2.1614789881090783e-08,C:\Users\vchat\Downloads\Vaishnavi_s_Thesis\automation\results_behavior_windows\refractory\coupling_rl1_c1\raw_runs\map_0827.raw,C:\Users\vchat\Downloads\Vaishnavi_s_Thesis\automation\results_behavior_windows\refractory\coupling_rl1_c1\raw_runs\map_0827.log,C:\Users\vchat\Downloads\Vaishnavi_s_Thesis\automation\results_behavior_windows\refractory\coupling_rl1_c1\plots\map_0827.png,,,
828,ok,9150.0,2.1783272297560075e-08,C:\Users\vchat\Downloads\Vaishnavi_s_Thesis\automation\results_behavior_windows\refractory\coupling_rl1_c1\raw_runs\map_0828.raw,C:\Users\vchat\Downloads\Vaishnavi_s_Thesis\automation\results_behavior_windows\refractory\coupling_rl1_c1\raw_runs\map_0828.log,C:\Users\vchat\Downloads\Vaishnavi_s_Thesis\automation\results_behavior_windows\refractory\coupling_rl1_c1\plots\map_0828.png,,,
829,ok,9150.0,2.1953067996500143e-08,C:\Users\vchat\Downloads\Vaishnavi_s_Thesis\automation\results_behavior_windows\refractory\coupling_rl1_c1\raw_runs\map_0829.raw,C:\Users\vchat\Downloads\Vaishnavi_s_Thesis\automation\results_behavior_windows\refractory\coupling_rl1_c1\raw_runs\map_0829.log,C:\Users\vchat\Downloads\Vaishnavi_s_Thesis\automation\results_behavior_windows\refractory\coupling_rl1_c1\plots\map_0829.png,,,
830,ok,9150.0,2.2124187214651817e-08,C:\Users\vchat\Downloads\Vaishnavi_s_Thesis\automation\results_behavior_windows\refractory\coupling_rl1_c1\raw_runs\map_0830.raw,C:\Users\vchat\Downloads\Vaishnavi_s_Thesis\automation\results_behavior_windows\refractory\coupling_rl1_c1\raw_runs\map_0830.log,C:\Users\vchat\Downloads\Vaishnavi_s_Thesis\automation\results_behavior_windows\refractory\coupling_rl1_c1\plots\map_0830.png,,,
831,ok,9150.0,2.2296640268549164e-08,C:\Users\vchat\Downloads\Vaishnavi_s_Thesis\automation\results_behavior_windows\refractory\coupling_rl1_c1\raw_runs\map_0831.raw,C:\Users\vchat\Downloads\Vaishnavi_s_Thesis\automation\results_behavior_windows\refractory\coupling_rl1_c1\raw_runs\map_0831.log,C:\Users\vchat\Downloads\Vaishnavi_s_Thesis\automation\results_behavior_windows\refractory\coupling_rl1_c1\plots\map_0831.png,,,
832,ok,9150.0,2.2470437555141253e-08,C:\Users\vchat\Downloads\Vaishnavi_s_Thesis\automation\results_behavior_windows\refractory\coupling_rl1_c1\raw_runs\map_0832.raw,C:\Users\vchat\Downloads\Vaishnavi_s_Thesis\automation\results_behavior_windows\refractory\coupling_rl1_c1\raw_runs\map_0832.log,C:\Users\vchat\Downloads\Vaishnavi_s_Thesis\automation\results_behavior_windows\refractory\coupling_rl1_c1\plots\map_0832.png,,,
833,ok,9150.0,2.2645589552419077e-08,C:\Users\vchat\Downloads\Vaishnavi_s_Thesis\automation\results_behavior_windows\refractory\coupling_rl1_c1\raw_runs\map_0833.raw,C:\Users\vchat\Downloads\Vaishnavi_s_Thesis\automation\results_behavior_windows\refractory\coupling_rl1_c1\raw_runs\map_0833.log,C:\Users\vchat\Downloads\Vaishnavi_s_Thesis\automation\results_behavior_windows\refractory\coupling_rl1_c1\plots\map_0833.png,,,
834,ok,9150.0,2.282210682004707e-08,C:\Users\vchat\Downloads\Vaishnavi_s_Thesis\automation\results_behavior_windows\refractory\coupling_rl1_c1\raw_runs\map_0834.raw,C:\Users\vchat\Downloads\Vaishnavi_s_Thesis\automation\results_behavior_windows\refractory\coupling_rl1_c1\raw_runs\map_0834.log,C:\Users\vchat\Downloads\Vaishnavi_s_Thesis\automation\results_behavior_windows\refractory\coupling_rl1_c1\plots\map_0834.png,,,
835,ok,9150.0,2.300000000000001e-08,C:\Users\vchat\Downloads\Vaishnavi_s_Thesis\automation\results_behavior_windows\refractory\coupling_rl1_c1\raw_runs\map_0835.raw,C:\Users\vchat\Downloads\Vaishnavi_s_Thesis\automation\results_behavior_windows\refractory\coupling_rl1_c1\raw_runs\map_0835.log,C:\Users\vchat\Downloads\Vaishnavi_s_Thesis\automation\results_behavior_windows\refractory\coupling_rl1_c1\plots\map_0835.png,,,
836,ok,9200.0,2.0000000000000004e-08,C:\Users\vchat\Downloads\Vaishnavi_s_Thesis\automation\results_behavior_windows\refractory\coupling_rl1_c1\raw_runs\map_0836.raw,C:\Users\vchat\Downloads\Vaishnavi_s_Thesis\automation\results_behavior_windows\refractory\coupling_rl1_c1\raw_runs\map_0836.log,C:\Users\vchat\Downloads\Vaishnavi_s_Thesis\automation\results_behavior_windows\refractory\coupling_rl1_c1\plots\map_0836.png,,,
837,ok,9200.0,2.0155895493221232e-08,C:\Users\vchat\Downloads\Vaishnavi_s_Thesis\automation\results_behavior_windows\refractory\coupling_rl1_c1\raw_runs\map_0837.raw,C:\Users\vchat\Downloads\Vaishnavi_s_Thesis\automation\results_behavior_windows\refractory\coupling_rl1_c1\raw_runs\map_0837.log,C:\Users\vchat\Downloads\Vaishnavi_s_Thesis\automation\results_behavior_windows\refractory\coupling_rl1_c1\plots\map_0837.png,,,
838,ok,9200.0,2.0313006156682795e-08,C:\Users\vchat\Downloads\Vaishnavi_s_Thesis\automation\results_behavior_windows\refractory\coupling_rl1_c1\raw_runs\map_0838.raw,C:\Users\vchat\Downloads\Vaishnavi_s_Thesis\automation\results_behavior_windows\refractory\coupling_rl1_c1\raw_runs\map_0838.log,C:\Users\vchat\Downloads\Vaishnavi_s_Thesis\automation\results_behavior_windows\refractory\coupling_rl1_c1\plots\map_0838.png,,,
839,ok,9200.0,2.047134146236293e-08,C:\Users\vchat\Downloads\Vaishnavi_s_Thesis\automation\results_behavior_windows\refractory\coupling_rl1_c1\raw_runs\map_0839.raw,C:\Users\vchat\Downloads\Vaishnavi_s_Thesis\automation\results_behavior_windows\refractory\coupling_rl1_c1\raw_runs\map_0839.log,C:\Users\vchat\Downloads\Vaishnavi_s_Thesis\automation\results_behavior_windows\refractory\coupling_rl1_c1\plots\map_0839.png,,,
840,ok,9200.0,2.0630910956071693e-08,C:\Users\vchat\Downloads\Vaishnavi_s_Thesis\automation\results_behavior_windows\refractory\coupling_rl1_c1\raw_runs\map_0840.raw,C:\Users\vchat\Downloads\Vaishnavi_s_Thesis\automation\results_behavior_windows\refractory\coupling_rl1_c1\raw_runs\map_0840.log,C:\Users\vchat\Downloads\Vaishnavi_s_Thesis\automation\results_behavior_windows\refractory\coupling_rl1_c1\plots\map_0840.png,,,
841,ok,9200.0,2.0791724258026693e-08,C:\Users\vchat\Downloads\Vaishnavi_s_Thesis\automation\results_behavior_windows\refractory\coupling_rl1_c1\raw_runs\map_0841.raw,C:\Users\vchat\Downloads\Vaishnavi_s_Thesis\automation\results_behavior_windows\refractory\coupling_rl1_c1\raw_runs\map_0841.log,C:\Users\vchat\Downloads\Vaishnavi_s_Thesis\automation\results_behavior_windows\refractory\coupling_rl1_c1\plots\map_0841.png,,,
842,ok,9200.0,2.0953791063432937e-08,C:\Users\vchat\Downloads\Vaishnavi_s_Thesis\automation\results_behavior_windows\refractory\coupling_rl1_c1\raw_runs\map_0842.raw,C:\Users\vchat\Downloads\Vaishnavi_s_Thesis\automation\results_behavior_windows\refractory\coupling_rl1_c1\raw_runs\map_0842.log,C:\Users\vchat\Downloads\Vaishnavi_s_Thesis\automation\results_behavior_windows\refractory\coupling_rl1_c1\plots\map_0842.png,,,
843,ok,9200.0,2.11171211430674e-08,C:\Users\vchat\Downloads\Vaishnavi_s_Thesis\automation\results_behavior_windows\refractory\coupling_rl1_c1\raw_runs\map_0843.raw,C:\Users\vchat\Downloads\Vaishnavi_s_Thesis\automation\results_behavior_windows\refractory\coupling_rl1_c1\raw_runs\map_0843.log,C:\Users\vchat\Downloads\Vaishnavi_s_Thesis\automation\results_behavior_windows\refractory\coupling_rl1_c1\plots\map_0843.png,,,
844,ok,9200.0,2.1281724343867947e-08,C:\Users\vchat\Downloads\Vaishnavi_s_Thesis\automation\results_behavior_windows\refractory\coupling_rl1_c1\raw_runs\map_0844.raw,C:\Users\vchat\Downloads\Vaishnavi_s_Thesis\automation\results_behavior_windows\refractory\coupling_rl1_c1\raw_runs\map_0844.log,C:\Users\vchat\Downloads\Vaishnavi_s_Thesis\automation\results_behavior_windows\refractory\coupling_rl1_c1\plots\map_0844.png,,,
845,ok,9200.0,2.144761058952722e-08,C:\Users\vchat\Downloads\Vaishnavi_s_Thesis\automation\results_behavior_windows\refractory\coupling_rl1_c1\raw_runs\map_0845.raw,C:\Users\vchat\Downloads\Vaishnavi_s_Thesis\automation\results_behavior_windows\refractory\coupling_rl1_c1\raw_runs\map_0845.log,C:\Users\vchat\Downloads\Vaishnavi_s_Thesis\automation\results_behavior_windows\refractory\coupling_rl1_c1\plots\map_0845.png,,,
846,ok,9200.0,2.1614789881090783e-08,C:\Users\vchat\Downloads\Vaishnavi_s_Thesis\automation\results_behavior_windows\refractory\coupling_rl1_c1\raw_runs\map_0846.raw,C:\Users\vchat\Downloads\Vaishnavi_s_Thesis\automation\results_behavior_windows\refractory\coupling_rl1_c1\raw_runs\map_0846.log,C:\Users\vchat\Downloads\Vaishnavi_s_Thesis\automation\results_behavior_windows\refractory\coupling_rl1_c1\plots\map_0846.png,,,
847,ok,9200.0,2.1783272297560075e-08,C:\Users\vchat\Downloads\Vaishnavi_s_Thesis\automation\results_behavior_windows\refractory\coupling_rl1_c1\raw_runs\map_0847.raw,C:\Users\vchat\Downloads\Vaishnavi_s_Thesis\automation\results_behavior_windows\refractory\coupling_rl1_c1\raw_runs\map_0847.log,C:\Users\vchat\Downloads\Vaishnavi_s_Thesis\automation\results_behavior_windows\refractory\coupling_rl1_c1\plots\map_0847.png,,,
848,ok,9200.0,2.1953067996500143e-08,C:\Users\vchat\Downloads\Vaishnavi_s_Thesis\automation\results_behavior_windows\refractory\coupling_rl1_c1\raw_runs\map_0848.raw,C:\Users\vchat\Downloads\Vaishnavi_s_Thesis\automation\results_behavior_windows\refractory\coupling_rl1_c1\raw_runs\map_0848.log,C:\Users\vchat\Downloads\Vaishnavi_s_Thesis\automation\results_behavior_windows\refractory\coupling_rl1_c1\plots\map_0848.png,,,
849,ok,9200.0,2.2124187214651817e-08,C:\Users\vchat\Downloads\Vaishnavi_s_Thesis\automation\results_behavior_windows\refractory\coupling_rl1_c1\raw_runs\map_0849.raw,C:\Users\vchat\Downloads\Vaishnavi_s_Thesis\automation\results_behavior_windows\refractory\coupling_rl1_c1\raw_runs\map_0849.log,C:\Users\vchat\Downloads\Vaishnavi_s_Thesis\automation\results_behavior_windows\refractory\coupling_rl1_c1\plots\map_0849.png,,,
850,ok,9200.0,2.2296640268549164e-08,C:\Users\vchat\Downloads\Vaishnavi_s_Thesis\automation\results_behavior_windows\refractory\coupling_rl1_c1\raw_runs\map_0850.raw,C:\Users\vchat\Downloads\Vaishnavi_s_Thesis\automation\results_behavior_windows\refractory\coupling_rl1_c1\raw_runs\map_0850.log,C:\Users\vchat\Downloads\Vaishnavi_s_Thesis\automation\results_behavior_windows\refractory\coupling_rl1_c1\plots\map_0850.png,,,
851,ok,9200.0,2.2470437555141253e-08,C:\Users\vchat\Downloads\Vaishnavi_s_Thesis\automation\results_behavior_windows\refractory\coupling_rl1_c1\raw_runs\map_0851.raw,C:\Users\vchat\Downloads\Vaishnavi_s_Thesis\automation\results_behavior_windows\refractory\coupling_rl1_c1\raw_runs\map_0851.log,C:\Users\vchat\Downloads\Vaishnavi_s_Thesis\automation\results_behavior_windows\refractory\coupling_rl1_c1\plots\map_0851.png,,,
852,ok,9200.0,2.2645589552419077e-08,C:\Users\vchat\Downloads\Vaishnavi_s_Thesis\automation\results_behavior_windows\refractory\coupling_rl1_c1\raw_runs\map_0852.raw,C:\Users\vchat\Downloads\Vaishnavi_s_Thesis\automation\results_behavior_windows\refractory\coupling_rl1_c1\raw_runs\map_0852.log,C:\Users\vchat\Downloads\Vaishnavi_s_Thesis\automation\results_behavior_windows\refractory\coupling_rl1_c1\plots\map_0852.png,,,
853,ok,9200.0,2.282210682004707e-08,C:\Users\vchat\Downloads\Vaishnavi_s_Thesis\automation\results_behavior_windows\refractory\coupling_rl1_c1\raw_runs\map_0853.raw,C:\Users\vchat\Downloads\Vaishnavi_s_Thesis\automation\results_behavior_windows\refractory\coupling_rl1_c1\raw_runs\map_0853.log,C:\Users\vchat\Downloads\Vaishnavi_s_Thesis\automation\results_behavior_windows\refractory\coupling_rl1_c1\plots\map_0853.png,,,
854,ok,9200.0,2.300000000000001e-08,C:\Users\vchat\Downloads\Vaishnavi_s_Thesis\automation\results_behavior_windows\refractory\coupling_rl1_c1\raw_runs\map_0854.raw,C:\Users\vchat\Downloads\Vaishnavi_s_Thesis\automation\results_behavior_windows\refractory\coupling_rl1_c1\raw_runs\map_0854.log,C:\Users\vchat\Downloads\Vaishnavi_s_Thesis\automation\results_behavior_windows\refractory\coupling_rl1_c1\plots\map_0854.png,,,
855,ok,9250.0,2.0000000000000004e-08,C:\Users\vchat\Downloads\Vaishnavi_s_Thesis\automation\results_behavior_windows\refractory\coupling_rl1_c1\raw_runs\map_0855.raw,C:\Users\vchat\Downloads\Vaishnavi_s_Thesis\automation\results_behavior_windows\refractory\coupling_rl1_c1\raw_runs\map_0855.log,C:\Users\vchat\Downloads\Vaishnavi_s_Thesis\automation\results_behavior_windows\refractory\coupling_rl1_c1\plots\map_0855.png,,,
856,ok,9250.0,2.0155895493221232e-08,C:\Users\vchat\Downloads\Vaishnavi_s_Thesis\automation\results_behavior_windows\refractory\coupling_rl1_c1\raw_runs\map_0856.raw,C:\Users\vchat\Downloads\Vaishnavi_s_Thesis\automation\results_behavior_windows\refractory\coupling_rl1_c1\raw_runs\map_0856.log,C:\Users\vchat\Downloads\Vaishnavi_s_Thesis\automation\results_behavior_windows\refractory\coupling_rl1_c1\plots\map_0856.png,,,
857,ok,9250.0,2.0313006156682795e-08,C:\Users\vchat\Downloads\Vaishnavi_s_Thesis\automation\results_behavior_windows\refractory\coupling_rl1_c1\raw_runs\map_0857.raw,C:\Users\vchat\Downloads\Vaishnavi_s_Thesis\automation\results_behavior_windows\refractory\coupling_rl1_c1\raw_runs\map_0857.log,C:\Users\vchat\Downloads\Vaishnavi_s_Thesis\automation\results_behavior_windows\refractory\coupling_rl1_c1\plots\map_0857.png,,,
858,ok,9250.0,2.047134146236293e-08,C:\Users\vchat\Downloads\Vaishnavi_s_Thesis\automation\results_behavior_windows\refractory\coupling_rl1_c1\raw_runs\map_0858.raw,C:\Users\vchat\Downloads\Vaishnavi_s_Thesis\automation\results_behavior_windows\refractory\coupling_rl1_c1\raw_runs\map_0858.log,C:\Users\vchat\Downloads\Vaishnavi_s_Thesis\automation\results_behavior_windows\refractory\coupling_rl1_c1\plots\map_0858.png,,,
859,ok,9250.0,2.0630910956071693e-08,C:\Users\vchat\Downloads\Vaishnavi_s_Thesis\automation\results_behavior_windows\refractory\coupling_rl1_c1\raw_runs\map_0859.raw,C:\Users\vchat\Downloads\Vaishnavi_s_Thesis\automation\results_behavior_windows\refractory\coupling_rl1_c1\raw_runs\map_0859.log,C:\Users\vchat\Downloads\Vaishnavi_s_Thesis\automation\results_behavior_windows\refractory\coupling_rl1_c1\plots\map_0859.png,,,
860,ok,9250.0,2.0791724258026693e-08,C:\Users\vchat\Downloads\Vaishnavi_s_Thesis\automation\results_behavior_windows\refractory\coupling_rl1_c1\raw_runs\map_0860.raw,C:\Users\vchat\Downloads\Vaishnavi_s_Thesis\automation\results_behavior_windows\refractory\coupling_rl1_c1\raw_runs\map_0860.log,C:\Users\vchat\Downloads\Vaishnavi_s_Thesis\automation\results_behavior_windows\refractory\coupling_rl1_c1\plots\map_0860.png,,,
861,ok,9250.0,2.0953791063432937e-08,C:\Users\vchat\Downloads\Vaishnavi_s_Thesis\automation\results_behavior_windows\refractory\coupling_rl1_c1\raw_runs\map_0861.raw,C:\Users\vchat\Downloads\Vaishnavi_s_Thesis\automation\results_behavior_windows\refractory\coupling_rl1_c1\raw_runs\map_0861.log,C:\Users\vchat\Downloads\Vaishnavi_s_Thesis\automation\results_behavior_windows\refractory\coupling_rl1_c1\plots\map_0861.png,,,
862,ok,9250.0,2.11171211430674e-08,C:\Users\vchat\Downloads\Vaishnavi_s_Thesis\automation\results_behavior_windows\refractory\coupling_rl1_c1\raw_runs\map_0862.raw,C:\Users\vchat\Downloads\Vaishnavi_s_Thesis\automation\results_behavior_windows\refractory\coupling_rl1_c1\raw_runs\map_0862.log,C:\Users\vchat\Downloads\Vaishnavi_s_Thesis\automation\results_behavior_windows\refractory\coupling_rl1_c1\plots\map_0862.png,,,
863,ok,9250.0,2.1281724343867947e-08,C:\Users\vchat\Downloads\Vaishnavi_s_Thesis\automation\results_behavior_windows\refractory\coupling_rl1_c1\raw_runs\map_0863.raw,C:\Users\vchat\Downloads\Vaishnavi_s_Thesis\automation\results_behavior_windows\refractory\coupling_rl1_c1\raw_runs\map_0863.log,C:\Users\vchat\Downloads\Vaishnavi_s_Thesis\automation\results_behavior_windows\refractory\coupling_rl1_c1\plots\map_0863.png,,,
864,ok,9250.0,2.144761058952722e-08,C:\Users\vchat\Downloads\Vaishnavi_s_Thesis\automation\results_behavior_windows\refractory\coupling_rl1_c1\raw_runs\map_0864.raw,C:\Users\vchat\Downloads\Vaishnavi_s_Thesis\automation\results_behavior_windows\refractory\coupling_rl1_c1\raw_runs\map_0864.log,C:\Users\vchat\Downloads\Vaishnavi_s_Thesis\automation\results_behavior_windows\refractory\coupling_rl1_c1\plots\map_0864.png,,,
865,ok,9250.0,2.1614789881090783e-08,C:\Users\vchat\Downloads\Vaishnavi_s_Thesis\automation\results_behavior_windows\refractory\coupling_rl1_c1\raw_runs\map_0865.raw,C:\Users\vchat\Downloads\Vaishnavi_s_Thesis\automation\results_behavior_windows\refractory\coupling_rl1_c1\raw_runs\map_0865.log,C:\Users\vchat\Downloads\Vaishnavi_s_Thesis\automation\results_behavior_windows\refractory\coupling_rl1_c1\plots\map_0865.png,,,
866,ok,9250.0,2.1783272297560075e-08,C:\Users\vchat\Downloads\Vaishnavi_s_Thesis\automation\results_behavior_windows\refractory\coupling_rl1_c1\raw_runs\map_0866.raw,C:\Users\vchat\Downloads\Vaishnavi_s_Thesis\automation\results_behavior_windows\refractory\coupling_rl1_c1\raw_runs\map_0866.log,C:\Users\vchat\Downloads\Vaishnavi_s_Thesis\automation\results_behavior_windows\refractory\coupling_rl1_c1\plots\map_0866.png,,,
867,ok,9250.0,2.1953067996500143e-08,C:\Users\vchat\Downloads\Vaishnavi_s_Thesis\automation\results_behavior_windows\refractory\coupling_rl1_c1\raw_runs\map_0867.raw,C:\Users\vchat\Downloads\Vaishnavi_s_Thesis\automation\results_behavior_windows\refractory\coupling_rl1_c1\raw_runs\map_0867.log,C:\Users\vchat\Downloads\Vaishnavi_s_Thesis\automation\results_behavior_windows\refractory\coupling_rl1_c1\plots\map_0867.png,,,
868,ok,9250.0,2.2124187214651817e-08,C:\Users\vchat\Downloads\Vaishnavi_s_Thesis\automation\results_behavior_windows\refractory\coupling_rl1_c1\raw_runs\map_0868.raw,C:\Users\vchat\Downloads\Vaishnavi_s_Thesis\automation\results_behavior_windows\refractory\coupling_rl1_c1\raw_runs\map_0868.log,C:\Users\vchat\Downloads\Vaishnavi_s_Thesis\automation\results_behavior_windows\refractory\coupling_rl1_c1\plots\map_0868.png,,,
869,ok,9250.0,2.2296640268549164e-08,C:\Users\vchat\Downloads\Vaishnavi_s_Thesis\automation\results_behavior_windows\refractory\coupling_rl1_c1\raw_runs\map_0869.raw,C:\Users\vchat\Downloads\Vaishnavi_s_Thesis\automation\results_behavior_windows\refractory\coupling_rl1_c1\raw_runs\map_0869.log,C:\Users\vchat\Downloads\Vaishnavi_s_Thesis\automation\results_behavior_windows\refractory\coupling_rl1_c1\plots\map_0869.png,,,
870,ok,9250.0,2.2470437555141253e-08,C:\Users\vchat\Downloads\Vaishnavi_s_Thesis\automation\results_behavior_windows\refractory\coupling_rl1_c1\raw_runs\map_0870.raw,C:\Users\vchat\Downloads\Vaishnavi_s_Thesis\automation\results_behavior_windows\refractory\coupling_rl1_c1\raw_runs\map_0870.log,C:\Users\vchat\Downloads\Vaishnavi_s_Thesis\automation\results_behavior_windows\refractory\coupling_rl1_c1\plots\map_0870.png,,,
871,ok,9250.0,2.2645589552419077e-08,C:\Users\vchat\Downloads\Vaishnavi_s_Thesis\automation\results_behavior_windows\refractory\coupling_rl1_c1\raw_runs\map_0871.raw,C:\Users\vchat\Downloads\Vaishnavi_s_Thesis\automation\results_behavior_windows\refractory\coupling_rl1_c1\raw_runs\map_0871.log,C:\Users\vchat\Downloads\Vaishnavi_s_Thesis\automation\results_behavior_windows\refractory\coupling_rl1_c1\plots\map_0871.png,,,
872,ok,9250.0,2.282210682004707e-08,C:\Users\vchat\Downloads\Vaishnavi_s_Thesis\automation\results_behavior_windows\refractory\coupling_rl1_c1\raw_runs\map_0872.raw,C:\Users\vchat\Downloads\Vaishnavi_s_Thesis\automation\results_behavior_windows\refractory\coupling_rl1_c1\raw_runs\map_0872.log,C:\Users\vchat\Downloads\Vaishnavi_s_Thesis\automation\results_behavior_windows\refractory\coupling_rl1_c1\plots\map_0872.png,,,
873,ok,9250.0,2.300000000000001e-08,C:\Users\vchat\Downloads\Vaishnavi_s_Thesis\automation\results_behavior_windows\refractory\coupling_rl1_c1\raw_runs\map_0873.raw,C:\Users\vchat\Downloads\Vaishnavi_s_Thesis\automation\results_behavior_windows\refractory\coupling_rl1_c1\raw_runs\map_0873.log,C:\Users\vchat\Downloads\Vaishnavi_s_Thesis\automation\results_behavior_windows\refractory\coupling_rl1_c1\plots\map_0873.png,,,
874,ok,9300.0,2.0000000000000004e-08,C:\Users\vchat\Downloads\Vaishnavi_s_Thesis\automation\results_behavior_windows\refractory\coupling_rl1_c1\raw_runs\map_0874.raw,C:\Users\vchat\Downloads\Vaishnavi_s_Thesis\automation\results_behavior_windows\refractory\coupling_rl1_c1\raw_runs\map_0874.log,C:\Users\vchat\Downloads\Vaishnavi_s_Thesis\automation\results_behavior_windows\refractory\coupling_rl1_c1\plots\map_0874.png,,,
875,ok,9300.0,2.0155895493221232e-08,C:\Users\vchat\Downloads\Vaishnavi_s_Thesis\automation\results_behavior_windows\refractory\coupling_rl1_c1\raw_runs\map_0875.raw,C:\Users\vchat\Downloads\Vaishnavi_s_Thesis\automation\results_behavior_windows\refractory\coupling_rl1_c1\raw_runs\map_0875.log,C:\Users\vchat\Downloads\Vaishnavi_s_Thesis\automation\results_behavior_windows\refractory\coupling_rl1_c1\plots\map_0875.png,,,
876,ok,9300.0,2.0313006156682795e-08,C:\Users\vchat\Downloads\Vaishnavi_s_Thesis\automation\results_behavior_windows\refractory\coupling_rl1_c1\raw_runs\map_0876.raw,C:\Users\vchat\Downloads\Vaishnavi_s_Thesis\automation\results_behavior_windows\refractory\coupling_rl1_c1\raw_runs\map_0876.log,C:\Users\vchat\Downloads\Vaishnavi_s_Thesis\automation\results_behavior_windows\refractory\coupling_rl1_c1\plots\map_0876.png,,,
877,ok,9300.0,2.047134146236293e-08,C:\Users\vchat\Downloads\Vaishnavi_s_Thesis\automation\results_behavior_windows\refractory\coupling_rl1_c1\raw_runs\map_0877.raw,C:\Users\vchat\Downloads\Vaishnavi_s_Thesis\automation\results_behavior_windows\refractory\coupling_rl1_c1\raw_runs\map_0877.log,C:\Users\vchat\Downloads\Vaishnavi_s_Thesis\automation\results_behavior_windows\refractory\coupling_rl1_c1\plots\map_0877.png,,,
878,ok,9300.0,2.0630910956071693e-08,C:\Users\vchat\Downloads\Vaishnavi_s_Thesis\automation\results_behavior_windows\refractory\coupling_rl1_c1\raw_runs\map_0878.raw,C:\Users\vchat\Downloads\Vaishnavi_s_Thesis\automation\results_behavior_windows\refractory\coupling_rl1_c1\raw_runs\map_0878.log,C:\Users\vchat\Downloads\Vaishnavi_s_Thesis\automation\results_behavior_windows\refractory\coupling_rl1_c1\plots\map_0878.png,,,
879,ok,9300.0,2.0791724258026693e-08,C:\Users\vchat\Downloads\Vaishnavi_s_Thesis\automation\results_behavior_windows\refractory\coupling_rl1_c1\raw_runs\map_0879.raw,C:\Users\vchat\Downloads\Vaishnavi_s_Thesis\automation\results_behavior_windows\refractory\coupling_rl1_c1\raw_runs\map_0879.log,C:\Users\vchat\Downloads\Vaishnavi_s_Thesis\automation\results_behavior_windows\refractory\coupling_rl1_c1\plots\map_0879.png,,,
880,ok,9300.0,2.0953791063432937e-08,C:\Users\vchat\Downloads\Vaishnavi_s_Thesis\automation\results_behavior_windows\refractory\coupling_rl1_c1\raw_runs\map_0880.raw,C:\Users\vchat\Downloads\Vaishnavi_s_Thesis\automation\results_behavior_windows\refractory\coupling_rl1_c1\raw_runs\map_0880.log,C:\Users\vchat\Downloads\Vaishnavi_s_Thesis\automation\results_behavior_windows\refractory\coupling_rl1_c1\plots\map_0880.png,,,
881,ok,9300.0,2.11171211430674e-08,C:\Users\vchat\Downloads\Vaishnavi_s_Thesis\automation\results_behavior_windows\refractory\coupling_rl1_c1\raw_runs\map_0881.raw,C:\Users\vchat\Downloads\Vaishnavi_s_Thesis\automation\results_behavior_windows\refractory\coupling_rl1_c1\raw_runs\map_0881.log,C:\Users\vchat\Downloads\Vaishnavi_s_Thesis\automation\results_behavior_windows\refractory\coupling_rl1_c1\plots\map_0881.png,,,
882,ok,9300.0,2.1281724343867947e-08,C:\Users\vchat\Downloads\Vaishnavi_s_Thesis\automation\results_behavior_windows\refractory\coupling_rl1_c1\raw_runs\map_0882.raw,C:\Users\vchat\Downloads\Vaishnavi_s_Thesis\automation\results_behavior_windows\refractory\coupling_rl1_c1\raw_runs\map_0882.log,C:\Users\vchat\Downloads\Vaishnavi_s_Thesis\automation\results_behavior_windows\refractory\coupling_rl1_c1\plots\map_0882.png,,,
883,ok,9300.0,2.144761058952722e-08,C:\Users\vchat\Downloads\Vaishnavi_s_Thesis\automation\results_behavior_windows\refractory\coupling_rl1_c1\raw_runs\map_0883.raw,C:\Users\vchat\Downloads\Vaishnavi_s_Thesis\automation\results_behavior_windows\refractory\coupling_rl1_c1\raw_runs\map_0883.log,C:\Users\vchat\Downloads\Vaishnavi_s_Thesis\automation\results_behavior_windows\refractory\coupling_rl1_c1\plots\map_0883.png,,,
884,ok,9300.0,2.1614789881090783e-08,C:\Users\vchat\Downloads\Vaishnavi_s_Thesis\automation\results_behavior_windows\refractory\coupling_rl1_c1\raw_runs\map_0884.raw,C:\Users\vchat\Downloads\Vaishnavi_s_Thesis\automation\results_behavior_windows\refractory\coupling_rl1_c1\raw_runs\map_0884.log,C:\Users\vchat\Downloads\Vaishnavi_s_Thesis\automation\results_behavior_windows\refractory\coupling_rl1_c1\plots\map_0884.png,,,
885,ok,9300.0,2.1783272297560075e-08,C:\Users\vchat\Downloads\Vaishnavi_s_Thesis\automation\results_behavior_windows\refractory\coupling_rl1_c1\raw_runs\map_0885.raw,C:\Users\vchat\Downloads\Vaishnavi_s_Thesis\automation\results_behavior_windows\refractory\coupling_rl1_c1\raw_runs\map_0885.log,C:\Users\vchat\Downloads\Vaishnavi_s_Thesis\automation\results_behavior_windows\refractory\coupling_rl1_c1\plots\map_0885.png,,,
886,ok,9300.0,2.1953067996500143e-08,C:\Users\vchat\Downloads\Vaishnavi_s_Thesis\automation\results_behavior_windows\refractory\coupling_rl1_c1\raw_runs\map_0886.raw,C:\Users\vchat\Downloads\Vaishnavi_s_Thesis\automation\results_behavior_windows\refractory\coupling_rl1_c1\raw_runs\map_0886.log,C:\Users\vchat\Downloads\Vaishnavi_s_Thesis\automation\results_behavior_windows\refractory\coupling_rl1_c1\plots\map_0886.png,,,
887,ok,9300.0,2.2124187214651817e-08,C:\Users\vchat\Downloads\Vaishnavi_s_Thesis\automation\results_behavior_windows\refractory\coupling_rl1_c1\raw_runs\map_0887.raw,C:\Users\vchat\Downloads\Vaishnavi_s_Thesis\automation\results_behavior_windows\refractory\coupling_rl1_c1\raw_runs\map_0887.log,C:\Users\vchat\Downloads\Vaishnavi_s_Thesis\automation\results_behavior_windows\refractory\coupling_rl1_c1\plots\map_0887.png,,,
888,ok,9300.0,2.2296640268549164e-08,C:\Users\vchat\Downloads\Vaishnavi_s_Thesis\automation\results_behavior_windows\refractory\coupling_rl1_c1\raw_runs\map_0888.raw,C:\Users\vchat\Downloads\Vaishnavi_s_Thesis\automation\results_behavior_windows\refractory\coupling_rl1_c1\raw_runs\map_0888.log,C:\Users\vchat\Downloads\Vaishnavi_s_Thesis\automation\results_behavior_windows\refractory\coupling_rl1_c1\plots\map_0888.png,,,
889,ok,9300.0,2.2470437555141253e-08,C:\Users\vchat\Downloads\Vaishnavi_s_Thesis\automation\results_behavior_windows\refractory\coupling_rl1_c1\raw_runs\map_0889.raw,C:\Users\vchat\Downloads\Vaishnavi_s_Thesis\automation\results_behavior_windows\refractory\coupling_rl1_c1\raw_runs\map_0889.log,C:\Users\vchat\Downloads\Vaishnavi_s_Thesis\automation\results_behavior_windows\refractory\coupling_rl1_c1\plots\map_0889.png,,,
890,ok,9300.0,2.2645589552419077e-08,C:\Users\vchat\Downloads\Vaishnavi_s_Thesis\automation\results_behavior_windows\refractory\coupling_rl1_c1\raw_runs\map_0890.raw,C:\Users\vchat\Downloads\Vaishnavi_s_Thesis\automation\results_behavior_windows\refractory\coupling_rl1_c1\raw_runs\map_0890.log,C:\Users\vchat\Downloads\Vaishnavi_s_Thesis\automation\results_behavior_windows\refractory\coupling_rl1_c1\plots\map_0890.png,,,
891,ok,9300.0,2.282210682004707e-08,C:\Users\vchat\Downloads\Vaishnavi_s_Thesis\automation\results_behavior_windows\refractory\coupling_rl1_c1\raw_runs\map_0891.raw,C:\Users\vchat\Downloads\Vaishnavi_s_Thesis\automation\results_behavior_windows\refractory\coupling_rl1_c1\raw_runs\map_0891.log,C:\Users\vchat\Downloads\Vaishnavi_s_Thesis\automation\results_behavior_windows\refractory\coupling_rl1_c1\plots\map_0891.png,,,
892,ok,9300.0,2.300000000000001e-08,C:\Users\vchat\Downloads\Vaishnavi_s_Thesis\automation\results_behavior_windows\refractory\coupling_rl1_c1\raw_runs\map_0892.raw,C:\Users\vchat\Downloads\Vaishnavi_s_Thesis\automation\results_behavior_windows\refractory\coupling_rl1_c1\raw_runs\map_0892.log,C:\Users\vchat\Downloads\Vaishnavi_s_Thesis\automation\results_behavior_windows\refractory\coupling_rl1_c1\plots\map_0892.png,,,
893,ok,9350.0,2.0000000000000004e-08,C:\Users\vchat\Downloads\Vaishnavi_s_Thesis\automation\results_behavior_windows\refractory\coupling_rl1_c1\raw_runs\map_0893.raw,C:\Users\vchat\Downloads\Vaishnavi_s_Thesis\automation\results_behavior_windows\refractory\coupling_rl1_c1\raw_runs\map_0893.log,C:\Users\vchat\Downloads\Vaishnavi_s_Thesis\automation\results_behavior_windows\refractory\coupling_rl1_c1\plots\map_0893.png,,,
894,ok,9350.0,2.0155895493221232e-08,C:\Users\vchat\Downloads\Vaishnavi_s_Thesis\automation\results_behavior_windows\refractory\coupling_rl1_c1\raw_runs\map_0894.raw,C:\Users\vchat\Downloads\Vaishnavi_s_Thesis\automation\results_behavior_windows\refractory\coupling_rl1_c1\raw_runs\map_0894.log,C:\Users\vchat\Downloads\Vaishnavi_s_Thesis\automation\results_behavior_windows\refractory\coupling_rl1_c1\plots\map_0894.png,,,
895,ok,9350.0,2.0313006156682795e-08,C:\Users\vchat\Downloads\Vaishnavi_s_Thesis\automation\results_behavior_windows\refractory\coupling_rl1_c1\raw_runs\map_0895.raw,C:\Users\vchat\Downloads\Vaishnavi_s_Thesis\automation\results_behavior_windows\refractory\coupling_rl1_c1\raw_runs\map_0895.log,C:\Users\vchat\Downloads\Vaishnavi_s_Thesis\automation\results_behavior_windows\refractory\coupling_rl1_c1\plots\map_0895.png,,,
896,ok,9350.0,2.047134146236293e-08,C:\Users\vchat\Downloads\Vaishnavi_s_Thesis\automation\results_behavior_windows\refractory\coupling_rl1_c1\raw_runs\map_0896.raw,C:\Users\vchat\Downloads\Vaishnavi_s_Thesis\automation\results_behavior_windows\refractory\coupling_rl1_c1\raw_runs\map_0896.log,C:\Users\vchat\Downloads\Vaishnavi_s_Thesis\automation\results_behavior_windows\refractory\coupling_rl1_c1\plots\map_0896.png,,,
897,ok,9350.0,2.0630910956071693e-08,C:\Users\vchat\Downloads\Vaishnavi_s_Thesis\automation\results_behavior_windows\refractory\coupling_rl1_c1\raw_runs\map_0897.raw,C:\Users\vchat\Downloads\Vaishnavi_s_Thesis\automation\results_behavior_windows\refractory\coupling_rl1_c1\raw_runs\map_0897.log,C:\Users\vchat\Downloads\Vaishnavi_s_Thesis\automation\results_behavior_windows\refractory\coupling_rl1_c1\plots\map_0897.png,,,
898,ok,9350.0,2.0791724258026693e-08,C:\Users\vchat\Downloads\Vaishnavi_s_Thesis\automation\results_behavior_windows\refractory\coupling_rl1_c1\raw_runs\map_0898.raw,C:\Users\vchat\Downloads\Vaishnavi_s_Thesis\automation\results_behavior_windows\refractory\coupling_rl1_c1\raw_runs\map_0898.log,C:\Users\vchat\Downloads\Vaishnavi_s_Thesis\automation\results_behavior_windows\refractory\coupling_rl1_c1\plots\map_0898.png,,,
899,ok,9350.0,2.0953791063432937e-08,C:\Users\vchat\Downloads\Vaishnavi_s_Thesis\automation\results_behavior_windows\refractory\coupling_rl1_c1\raw_runs\map_0899.raw,C:\Users\vchat\Downloads\Vaishnavi_s_Thesis\automation\results_behavior_windows\refractory\coupling_rl1_c1\raw_runs\map_0899.log,C:\Users\vchat\Downloads\Vaishnavi_s_Thesis\automation\results_behavior_windows\refractory\coupling_rl1_c1\plots\map_0899.png,,,
900,ok,9350.0,2.11171211430674e-08,C:\Users\vchat\Downloads\Vaishnavi_s_Thesis\automation\results_behavior_windows\refractory\coupling_rl1_c1\raw_runs\map_0900.raw,C:\Users\vchat\Downloads\Vaishnavi_s_Thesis\automation\results_behavior_windows\refractory\coupling_rl1_c1\raw_runs\map_0900.log,C:\Users\vchat\Downloads\Vaishnavi_s_Thesis\automation\results_behavior_windows\refractory\coupling_rl1_c1\plots\map_0900.png,,,
901,ok,9350.0,2.1281724343867947e-08,C:\Users\vchat\Downloads\Vaishnavi_s_Thesis\automation\results_behavior_windows\refractory\coupling_rl1_c1\raw_runs\map_0901.raw,C:\Users\vchat\Downloads\Vaishnavi_s_Thesis\automation\results_behavior_windows\refractory\coupling_rl1_c1\raw_runs\map_0901.log,C:\Users\vchat\Downloads\Vaishnavi_s_Thesis\automation\results_behavior_windows\refractory\coupling_rl1_c1\plots\map_0901.png,,,
902,ok,9350.0,2.144761058952722e-08,C:\Users\vchat\Downloads\Vaishnavi_s_Thesis\automation\results_behavior_windows\refractory\coupling_rl1_c1\raw_runs\map_0902.raw,C:\Users\vchat\Downloads\Vaishnavi_s_Thesis\automation\results_behavior_windows\refractory\coupling_rl1_c1\raw_runs\map_0902.log,C:\Users\vchat\Downloads\Vaishnavi_s_Thesis\automation\results_behavior_windows\refractory\coupling_rl1_c1\plots\map_0902.png,,,
903,ok,9350.0,2.1614789881090783e-08,C:\Users\vchat\Downloads\Vaishnavi_s_Thesis\automation\results_behavior_windows\refractory\coupling_rl1_c1\raw_runs\map_0903.raw,C:\Users\vchat\Downloads\Vaishnavi_s_Thesis\automation\results_behavior_windows\refractory\coupling_rl1_c1\raw_runs\map_0903.log,C:\Users\vchat\Downloads\Vaishnavi_s_Thesis\automation\results_behavior_windows\refractory\coupling_rl1_c1\plots\map_0903.png,,,
904,ok,9350.0,2.1783272297560075e-08,C:\Users\vchat\Downloads\Vaishnavi_s_Thesis\automation\results_behavior_windows\refractory\coupling_rl1_c1\raw_runs\map_0904.raw,C:\Users\vchat\Downloads\Vaishnavi_s_Thesis\automation\results_behavior_windows\refractory\coupling_rl1_c1\raw_runs\map_0904.log,C:\Users\vchat\Downloads\Vaishnavi_s_Thesis\automation\results_behavior_windows\refractory\coupling_rl1_c1\plots\map_0904.png,,,
905,ok,9350.0,2.1953067996500143e-08,C:\Users\vchat\Downloads\Vaishnavi_s_Thesis\automation\results_behavior_windows\refractory\coupling_rl1_c1\raw_runs\map_0905.raw,C:\Users\vchat\Downloads\Vaishnavi_s_Thesis\automation\results_behavior_windows\refractory\coupling_rl1_c1\raw_runs\map_0905.log,C:\Users\vchat\Downloads\Vaishnavi_s_Thesis\automation\results_behavior_windows\refractory\coupling_rl1_c1\plots\map_0905.png,,,
906,ok,9350.0,2.2124187214651817e-08,C:\Users\vchat\Downloads\Vaishnavi_s_Thesis\automation\results_behavior_windows\refractory\coupling_rl1_c1\raw_runs\map_0906.raw,C:\Users\vchat\Downloads\Vaishnavi_s_Thesis\automation\results_behavior_windows\refractory\coupling_rl1_c1\raw_runs\map_0906.log,C:\Users\vchat\Downloads\Vaishnavi_s_Thesis\automation\results_behavior_windows\refractory\coupling_rl1_c1\plots\map_0906.png,,,
907,ok,9350.0,2.2296640268549164e-08,C:\Users\vchat\Downloads\Vaishnavi_s_Thesis\automation\results_behavior_windows\refractory\coupling_rl1_c1\raw_runs\map_0907.raw,C:\Users\vchat\Downloads\Vaishnavi_s_Thesis\automation\results_behavior_windows\refractory\coupling_rl1_c1\raw_runs\map_0907.log,C:\Users\vchat\Downloads\Vaishnavi_s_Thesis\automation\results_behavior_windows\refractory\coupling_rl1_c1\plots\map_0907.png,,,
908,ok,9350.0,2.2470437555141253e-08,C:\Users\vchat\Downloads\Vaishnavi_s_Thesis\automation\results_behavior_windows\refractory\coupling_rl1_c1\raw_runs\map_0908.raw,C:\Users\vchat\Downloads\Vaishnavi_s_Thesis\automation\results_behavior_windows\refractory\coupling_rl1_c1\raw_runs\map_0908.log,C:\Users\vchat\Downloads\Vaishnavi_s_Thesis\automation\results_behavior_windows\refractory\coupling_rl1_c1\plots\map_0908.png,,,
909,ok,9350.0,2.2645589552419077e-08,C:\Users\vchat\Downloads\Vaishnavi_s_Thesis\automation\results_behavior_windows\refractory\coupling_rl1_c1\raw_runs\map_0909.raw,C:\Users\vchat\Downloads\Vaishnavi_s_Thesis\automation\results_behavior_windows\refractory\coupling_rl1_c1\raw_runs\map_0909.log,C:\Users\vchat\Downloads\Vaishnavi_s_Thesis\automation\results_behavior_windows\refractory\coupling_rl1_c1\plots\map_0909.png,,,
910,ok,9350.0,2.282210682004707e-08,C:\Users\vchat\Downloads\Vaishnavi_s_Thesis\automation\results_behavior_windows\refractory\coupling_rl1_c1\raw_runs\map_0910.raw,C:\Users\vchat\Downloads\Vaishnavi_s_Thesis\automation\results_behavior_windows\refractory\coupling_rl1_c1\raw_runs\map_0910.log,C:\Users\vchat\Downloads\Vaishnavi_s_Thesis\automation\results_behavior_windows\refractory\coupling_rl1_c1\plots\map_0910.png,,,
911,ok,9350.0,2.300000000000001e-08,C:\Users\vchat\Downloads\Vaishnavi_s_Thesis\automation\results_behavior_windows\refractory\coupling_rl1_c1\raw_runs\map_0911.raw,C:\Users\vchat\Downloads\Vaishnavi_s_Thesis\automation\results_behavior_windows\refractory\coupling_rl1_c1\raw_runs\map_0911.log,C:\Users\vchat\Downloads\Vaishnavi_s_Thesis\automation\results_behavior_windows\refractory\coupling_rl1_c1\plots\map_0911.png,,,
912,ok,9400.0,2.0000000000000004e-08,C:\Users\vchat\Downloads\Vaishnavi_s_Thesis\automation\results_behavior_windows\refractory\coupling_rl1_c1\raw_runs\map_0912.raw,C:\Users\vchat\Downloads\Vaishnavi_s_Thesis\automation\results_behavior_windows\refractory\coupling_rl1_c1\raw_runs\map_0912.log,C:\Users\vchat\Downloads\Vaishnavi_s_Thesis\automation\results_behavior_windows\refractory\coupling_rl1_c1\plots\map_0912.png,,,
913,ok,9400.0,2.0155895493221232e-08,C:\Users\vchat\Downloads\Vaishnavi_s_Thesis\automation\results_behavior_windows\refractory\coupling_rl1_c1\raw_runs\map_0913.raw,C:\Users\vchat\Downloads\Vaishnavi_s_Thesis\automation\results_behavior_windows\refractory\coupling_rl1_c1\raw_runs\map_0913.log,C:\Users\vchat\Downloads\Vaishnavi_s_Thesis\automation\results_behavior_windows\refractory\coupling_rl1_c1\plots\map_0913.png,,,
914,ok,9400.0,2.0313006156682795e-08,C:\Users\vchat\Downloads\Vaishnavi_s_Thesis\automation\results_behavior_windows\refractory\coupling_rl1_c1\raw_runs\map_0914.raw,C:\Users\vchat\Downloads\Vaishnavi_s_Thesis\automation\results_behavior_windows\refractory\coupling_rl1_c1\raw_runs\map_0914.log,C:\Users\vchat\Downloads\Vaishnavi_s_Thesis\automation\results_behavior_windows\refractory\coupling_rl1_c1\plots\map_0914.png,,,
915,ok,9400.0,2.047134146236293e-08,C:\Users\vchat\Downloads\Vaishnavi_s_Thesis\automation\results_behavior_windows\refractory\coupling_rl1_c1\raw_runs\map_0915.raw,C:\Users\vchat\Downloads\Vaishnavi_s_Thesis\automation\results_behavior_windows\refractory\coupling_rl1_c1\raw_runs\map_0915.log,C:\Users\vchat\Downloads\Vaishnavi_s_Thesis\automation\results_behavior_windows\refractory\coupling_rl1_c1\plots\map_0915.png,,,
916,ok,9400.0,2.0630910956071693e-08,C:\Users\vchat\Downloads\Vaishnavi_s_Thesis\automation\results_behavior_windows\refractory\coupling_rl1_c1\raw_runs\map_0916.raw,C:\Users\vchat\Downloads\Vaishnavi_s_Thesis\automation\results_behavior_windows\refractory\coupling_rl1_c1\raw_runs\map_0916.log,C:\Users\vchat\Downloads\Vaishnavi_s_Thesis\automation\results_behavior_windows\refractory\coupling_rl1_c1\plots\map_0916.png,,,
917,ok,9400.0,2.0791724258026693e-08,C:\Users\vchat\Downloads\Vaishnavi_s_Thesis\automation\results_behavior_windows\refractory\coupling_rl1_c1\raw_runs\map_0917.raw,C:\Users\vchat\Downloads\Vaishnavi_s_Thesis\automation\results_behavior_windows\refractory\coupling_rl1_c1\raw_runs\map_0917.log,C:\Users\vchat\Downloads\Vaishnavi_s_Thesis\automation\results_behavior_windows\refractory\coupling_rl1_c1\plots\map_0917.png,,,
918,ok,9400.0,2.0953791063432937e-08,C:\Users\vchat\Downloads\Vaishnavi_s_Thesis\automation\results_behavior_windows\refractory\coupling_rl1_c1\raw_runs\map_0918.raw,C:\Users\vchat\Downloads\Vaishnavi_s_Thesis\automation\results_behavior_windows\refractory\coupling_rl1_c1\raw_runs\map_0918.log,C:\Users\vchat\Downloads\Vaishnavi_s_Thesis\automation\results_behavior_windows\refractory\coupling_rl1_c1\plots\map_0918.png,,,
919,ok,9400.0,2.11171211430674e-08,C:\Users\vchat\Downloads\Vaishnavi_s_Thesis\automation\results_behavior_windows\refractory\coupling_rl1_c1\raw_runs\map_0919.raw,C:\Users\vchat\Downloads\Vaishnavi_s_Thesis\automation\results_behavior_windows\refractory\coupling_rl1_c1\raw_runs\map_0919.log,C:\Users\vchat\Downloads\Vaishnavi_s_Thesis\automation\results_behavior_windows\refractory\coupling_rl1_c1\plots\map_0919.png,,,
920,ok,9400.0,2.1281724343867947e-08,C:\Users\vchat\Downloads\Vaishnavi_s_Thesis\automation\results_behavior_windows\refractory\coupling_rl1_c1\raw_runs\map_0920.raw,C:\Users\vchat\Downloads\Vaishnavi_s_Thesis\automation\results_behavior_windows\refractory\coupling_rl1_c1\raw_runs\map_0920.log,C:\Users\vchat\Downloads\Vaishnavi_s_Thesis\automation\results_behavior_windows\refractory\coupling_rl1_c1\plots\map_0920.png,,,
921,ok,9400.0,2.144761058952722e-08,C:\Users\vchat\Downloads\Vaishnavi_s_Thesis\automation\results_behavior_windows\refractory\coupling_rl1_c1\raw_runs\map_0921.raw,C:\Users\vchat\Downloads\Vaishnavi_s_Thesis\automation\results_behavior_windows\refractory\coupling_rl1_c1\raw_runs\map_0921.log,C:\Users\vchat\Downloads\Vaishnavi_s_Thesis\automation\results_behavior_windows\refractory\coupling_rl1_c1\plots\map_0921.png,,,
922,ok,9400.0,2.1614789881090783e-08,C:\Users\vchat\Downloads\Vaishnavi_s_Thesis\automation\results_behavior_windows\refractory\coupling_rl1_c1\raw_runs\map_0922.raw,C:\Users\vchat\Downloads\Vaishnavi_s_Thesis\automation\results_behavior_windows\refractory\coupling_rl1_c1\raw_runs\map_0922.log,C:\Users\vchat\Downloads\Vaishnavi_s_Thesis\automation\results_behavior_windows\refractory\coupling_rl1_c1\plots\map_0922.png,,,
923,ok,9400.0,2.1783272297560075e-08,C:\Users\vchat\Downloads\Vaishnavi_s_Thesis\automation\results_behavior_windows\refractory\coupling_rl1_c1\raw_runs\map_0923.raw,C:\Users\vchat\Downloads\Vaishnavi_s_Thesis\automation\results_behavior_windows\refractory\coupling_rl1_c1\raw_runs\map_0923.log,C:\Users\vchat\Downloads\Vaishnavi_s_Thesis\automation\results_behavior_windows\refractory\coupling_rl1_c1\plots\map_0923.png,,,
924,ok,9400.0,2.1953067996500143e-08,C:\Users\vchat\Downloads\Vaishnavi_s_Thesis\automation\results_behavior_windows\refractory\coupling_rl1_c1\raw_runs\map_0924.raw,C:\Users\vchat\Downloads\Vaishnavi_s_Thesis\automation\results_behavior_windows\refractory\coupling_rl1_c1\raw_runs\map_0924.log,C:\Users\vchat\Downloads\Vaishnavi_s_Thesis\automation\results_behavior_windows\refractory\coupling_rl1_c1\plots\map_0924.png,,,
925,ok,9400.0,2.2124187214651817e-08,C:\Users\vchat\Downloads\Vaishnavi_s_Thesis\automation\results_behavior_windows\refractory\coupling_rl1_c1\raw_runs\map_0925.raw,C:\Users\vchat\Downloads\Vaishnavi_s_Thesis\automation\results_behavior_windows\refractory\coupling_rl1_c1\raw_runs\map_0925.log,C:\Users\vchat\Downloads\Vaishnavi_s_Thesis\automation\results_behavior_windows\refractory\coupling_rl1_c1\plots\map_0925.png,,,
926,ok,9400.0,2.2296640268549164e-08,C:\Users\vchat\Downloads\Vaishnavi_s_Thesis\automation\results_behavior_windows\refractory\coupling_rl1_c1\raw_runs\map_0926.raw,C:\Users\vchat\Downloads\Vaishnavi_s_Thesis\automation\results_behavior_windows\refractory\coupling_rl1_c1\raw_runs\map_0926.log,C:\Users\vchat\Downloads\Vaishnavi_s_Thesis\automation\results_behavior_windows\refractory\coupling_rl1_c1\plots\map_0926.png,,,
927,ok,9400.0,2.2470437555141253e-08,C:\Users\vchat\Downloads\Vaishnavi_s_Thesis\automation\results_behavior_windows\refractory\coupling_rl1_c1\raw_runs\map_0927.raw,C:\Users\vchat\Downloads\Vaishnavi_s_Thesis\automation\results_behavior_windows\refractory\coupling_rl1_c1\raw_runs\map_0927.log,C:\Users\vchat\Downloads\Vaishnavi_s_Thesis\automation\results_behavior_windows\refractory\coupling_rl1_c1\plots\map_0927.png,,,
928,ok,9400.0,2.2645589552419077e-08,C:\Users\vchat\Downloads\Vaishnavi_s_Thesis\automation\results_behavior_windows\refractory\coupling_rl1_c1\raw_runs\map_0928.raw,C:\Users\vchat\Downloads\Vaishnavi_s_Thesis\automation\results_behavior_windows\refractory\coupling_rl1_c1\raw_runs\map_0928.log,C:\Users\vchat\Downloads\Vaishnavi_s_Thesis\automation\results_behavior_windows\refractory\coupling_rl1_c1\plots\map_0928.png,,,
929,ok,9400.0,2.282210682004707e-08,C:\Users\vchat\Downloads\Vaishnavi_s_Thesis\automation\results_behavior_windows\refractory\coupling_rl1_c1\raw_runs\map_0929.raw,C:\Users\vchat\Downloads\Vaishnavi_s_Thesis\automation\results_behavior_windows\refractory\coupling_rl1_c1\raw_runs\map_0929.log,C:\Users\vchat\Downloads\Vaishnavi_s_Thesis\automation\results_behavior_windows\refractory\coupling_rl1_c1\plots\map_0929.png,,,
930,ok,9400.0,2.300000000000001e-08,C:\Users\vchat\Downloads\Vaishnavi_s_Thesis\automation\results_behavior_windows\refractory\coupling_rl1_c1\raw_runs\map_0930.raw,C:\Users\vchat\Downloads\Vaishnavi_s_Thesis\automation\results_behavior_windows\refractory\coupling_rl1_c1\raw_runs\map_0930.log,C:\Users\vchat\Downloads\Vaishnavi_s_Thesis\automation\results_behavior_windows\refractory\coupling_rl1_c1\plots\map_0930.png,,,
931,ok,9450.0,2.0000000000000004e-08,C:\Users\vchat\Downloads\Vaishnavi_s_Thesis\automation\results_behavior_windows\refractory\coupling_rl1_c1\raw_runs\map_0931.raw,C:\Users\vchat\Downloads\Vaishnavi_s_Thesis\automation\results_behavior_windows\refractory\coupling_rl1_c1\raw_runs\map_0931.log,C:\Users\vchat\Downloads\Vaishnavi_s_Thesis\automation\results_behavior_windows\refractory\coupling_rl1_c1\plots\map_0931.png,,,
932,ok,9450.0,2.0155895493221232e-08,C:\Users\vchat\Downloads\Vaishnavi_s_Thesis\automation\results_behavior_windows\refractory\coupling_rl1_c1\raw_runs\map_0932.raw,C:\Users\vchat\Downloads\Vaishnavi_s_Thesis\automation\results_behavior_windows\refractory\coupling_rl1_c1\raw_runs\map_0932.log,C:\Users\vchat\Downloads\Vaishnavi_s_Thesis\automation\results_behavior_windows\refractory\coupling_rl1_c1\plots\map_0932.png,,,
933,ok,9450.0,2.0313006156682795e-08,C:\Users\vchat\Downloads\Vaishnavi_s_Thesis\automation\results_behavior_windows\refractory\coupling_rl1_c1\raw_runs\map_0933.raw,C:\Users\vchat\Downloads\Vaishnavi_s_Thesis\automation\results_behavior_windows\refractory\coupling_rl1_c1\raw_runs\map_0933.log,C:\Users\vchat\Downloads\Vaishnavi_s_Thesis\automation\results_behavior_windows\refractory\coupling_rl1_c1\plots\map_0933.png,,,
934,ok,9450.0,2.047134146236293e-08,C:\Users\vchat\Downloads\Vaishnavi_s_Thesis\automation\results_behavior_windows\refractory\coupling_rl1_c1\raw_runs\map_0934.raw,C:\Users\vchat\Downloads\Vaishnavi_s_Thesis\automation\results_behavior_windows\refractory\coupling_rl1_c1\raw_runs\map_0934.log,C:\Users\vchat\Downloads\Vaishnavi_s_Thesis\automation\results_behavior_windows\refractory\coupling_rl1_c1\plots\map_0934.png,,,
935,ok,9450.0,2.0630910956071693e-08,C:\Users\vchat\Downloads\Vaishnavi_s_Thesis\automation\results_behavior_windows\refractory\coupling_rl1_c1\raw_runs\map_0935.raw,C:\Users\vchat\Downloads\Vaishnavi_s_Thesis\automation\results_behavior_windows\refractory\coupling_rl1_c1\raw_runs\map_0935.log,C:\Users\vchat\Downloads\Vaishnavi_s_Thesis\automation\results_behavior_windows\refractory\coupling_rl1_c1\plots\map_0935.png,,,
936,ok,9450.0,2.0791724258026693e-08,C:\Users\vchat\Downloads\Vaishnavi_s_Thesis\automation\results_behavior_windows\refractory\coupling_rl1_c1\raw_runs\map_0936.raw,C:\Users\vchat\Downloads\Vaishnavi_s_Thesis\automation\results_behavior_windows\refractory\coupling_rl1_c1\raw_runs\map_0936.log,C:\Users\vchat\Downloads\Vaishnavi_s_Thesis\automation\results_behavior_windows\refractory\coupling_rl1_c1\plots\map_0936.png,,,
937,ok,9450.0,2.0953791063432937e-08,C:\Users\vchat\Downloads\Vaishnavi_s_Thesis\automation\results_behavior_windows\refractory\coupling_rl1_c1\raw_runs\map_0937.raw,C:\Users\vchat\Downloads\Vaishnavi_s_Thesis\automation\results_behavior_windows\refractory\coupling_rl1_c1\raw_runs\map_0937.log,C:\Users\vchat\Downloads\Vaishnavi_s_Thesis\automation\results_behavior_windows\refractory\coupling_rl1_c1\plots\map_0937.png,,,
938,ok,9450.0,2.11171211430674e-08,C:\Users\vchat\Downloads\Vaishnavi_s_Thesis\automation\results_behavior_windows\refractory\coupling_rl1_c1\raw_runs\map_0938.raw,C:\Users\vchat\Downloads\Vaishnavi_s_Thesis\automation\results_behavior_windows\refractory\coupling_rl1_c1\raw_runs\map_0938.log,C:\Users\vchat\Downloads\Vaishnavi_s_Thesis\automation\results_behavior_windows\refractory\coupling_rl1_c1\plots\map_0938.png,,,
939,ok,9450.0,2.1281724343867947e-08,C:\Users\vchat\Downloads\Vaishnavi_s_Thesis\automation\results_behavior_windows\refractory\coupling_rl1_c1\raw_runs\map_0939.raw,C:\Users\vchat\Downloads\Vaishnavi_s_Thesis\automation\results_behavior_windows\refractory\coupling_rl1_c1\raw_runs\map_0939.log,C:\Users\vchat\Downloads\Vaishnavi_s_Thesis\automation\results_behavior_windows\refractory\coupling_rl1_c1\plots\map_0939.png,,,
940,ok,9450.0,2.144761058952722e-08,C:\Users\vchat\Downloads\Vaishnavi_s_Thesis\automation\results_behavior_windows\refractory\coupling_rl1_c1\raw_runs\map_0940.raw,C:\Users\vchat\Downloads\Vaishnavi_s_Thesis\automation\results_behavior_windows\refractory\coupling_rl1_c1\raw_runs\map_0940.log,C:\Users\vchat\Downloads\Vaishnavi_s_Thesis\automation\results_behavior_windows\refractory\coupling_rl1_c1\plots\map_0940.png,,,
941,ok,9450.0,2.1614789881090783e-08,C:\Users\vchat\Downloads\Vaishnavi_s_Thesis\automation\results_behavior_windows\refractory\coupling_rl1_c1\raw_runs\map_0941.raw,C:\Users\vchat\Downloads\Vaishnavi_s_Thesis\automation\results_behavior_windows\refractory\coupling_rl1_c1\raw_runs\map_0941.log,C:\Users\vchat\Downloads\Vaishnavi_s_Thesis\automation\results_behavior_windows\refractory\coupling_rl1_c1\plots\map_0941.png,,,
942,ok,9450.0,2.1783272297560075e-08,C:\Users\vchat\Downloads\Vaishnavi_s_Thesis\automation\results_behavior_windows\refractory\coupling_rl1_c1\raw_runs\map_0942.raw,C:\Users\vchat\Downloads\Vaishnavi_s_Thesis\automation\results_behavior_windows\refractory\coupling_rl1_c1\raw_runs\map_0942.log,C:\Users\vchat\Downloads\Vaishnavi_s_Thesis\automation\results_behavior_windows\refractory\coupling_rl1_c1\plots\map_0942.png,,,
943,ok,9450.0,2.1953067996500143e-08,C:\Users\vchat\Downloads\Vaishnavi_s_Thesis\automation\results_behavior_windows\refractory\coupling_rl1_c1\raw_runs\map_0943.raw,C:\Users\vchat\Downloads\Vaishnavi_s_Thesis\automation\results_behavior_windows\refractory\coupling_rl1_c1\raw_runs\map_0943.log,C:\Users\vchat\Downloads\Vaishnavi_s_Thesis\automation\results_behavior_windows\refractory\coupling_rl1_c1\plots\map_0943.png,,,
944,ok,9450.0,2.2124187214651817e-08,C:\Users\vchat\Downloads\Vaishnavi_s_Thesis\automation\results_behavior_windows\refractory\coupling_rl1_c1\raw_runs\map_0944.raw,C:\Users\vchat\Downloads\Vaishnavi_s_Thesis\automation\results_behavior_windows\refractory\coupling_rl1_c1\raw_runs\map_0944.log,C:\Users\vchat\Downloads\Vaishnavi_s_Thesis\automation\results_behavior_windows\refractory\coupling_rl1_c1\plots\map_0944.png,,,
945,ok,9450.0,2.2296640268549164e-08,C:\Users\vchat\Downloads\Vaishnavi_s_Thesis\automation\results_behavior_windows\refractory\coupling_rl1_c1\raw_runs\map_0945.raw,C:\Users\vchat\Downloads\Vaishnavi_s_Thesis\automation\results_behavior_windows\refractory\coupling_rl1_c1\raw_runs\map_0945.log,C:\Users\vchat\Downloads\Vaishnavi_s_Thesis\automation\results_behavior_windows\refractory\coupling_rl1_c1\plots\map_0945.png,,,
946,ok,9450.0,2.2470437555141253e-08,C:\Users\vchat\Downloads\Vaishnavi_s_Thesis\automation\results_behavior_windows\refractory\coupling_rl1_c1\raw_runs\map_0946.raw,C:\Users\vchat\Downloads\Vaishnavi_s_Thesis\automation\results_behavior_windows\refractory\coupling_rl1_c1\raw_runs\map_0946.log,C:\Users\vchat\Downloads\Vaishnavi_s_Thesis\automation\results_behavior_windows\refractory\coupling_rl1_c1\plots\map_0946.png,,,
947,ok,9450.0,2.2645589552419077e-08,C:\Users\vchat\Downloads\Vaishnavi_s_Thesis\automation\results_behavior_windows\refractory\coupling_rl1_c1\raw_runs\map_0947.raw,C:\Users\vchat\Downloads\Vaishnavi_s_Thesis\automation\results_behavior_windows\refractory\coupling_rl1_c1\raw_runs\map_0947.log,C:\Users\vchat\Downloads\Vaishnavi_s_Thesis\automation\results_behavior_windows\refractory\coupling_rl1_c1\plots\map_0947.png,,,
948,ok,9450.0,2.282210682004707e-08,C:\Users\vchat\Downloads\Vaishnavi_s_Thesis\automation\results_behavior_windows\refractory\coupling_rl1_c1\raw_runs\map_0948.raw,C:\Users\vchat\Downloads\Vaishnavi_s_Thesis\automation\results_behavior_windows\refractory\coupling_rl1_c1\raw_runs\map_0948.log,C:\Users\vchat\Downloads\Vaishnavi_s_Thesis\automation\results_behavior_windows\refractory\coupling_rl1_c1\plots\map_0948.png,,,
949,ok,9450.0,2.300000000000001e-08,C:\Users\vchat\Downloads\Vaishnavi_s_Thesis\automation\results_behavior_windows\refractory\coupling_rl1_c1\raw_runs\map_0949.raw,C:\Users\vchat\Downloads\Vaishnavi_s_Thesis\automation\results_behavior_windows\refractory\coupling_rl1_c1\raw_runs\map_0949.log,C:\Users\vchat\Downloads\Vaishnavi_s_Thesis\automation\results_behavior_windows\refractory\coupling_rl1_c1\plots\map_0949.png,,,
950,ok,9500.0,2.0000000000000004e-08,C:\Users\vchat\Downloads\Vaishnavi_s_Thesis\automation\results_behavior_windows\refractory\coupling_rl1_c1\raw_runs\map_0950.raw,C:\Users\vchat\Downloads\Vaishnavi_s_Thesis\automation\results_behavior_windows\refractory\coupling_rl1_c1\raw_runs\map_0950.log,C:\Users\vchat\Downloads\Vaishnavi_s_Thesis\automation\results_behavior_windows\refractory\coupling_rl1_c1\plots\map_0950.png,,,
951,ok,9500.0,2.0155895493221232e-08,C:\Users\vchat\Downloads\Vaishnavi_s_Thesis\automation\results_behavior_windows\refractory\coupling_rl1_c1\raw_runs\map_0951.raw,C:\Users\vchat\Downloads\Vaishnavi_s_Thesis\automation\results_behavior_windows\refractory\coupling_rl1_c1\raw_runs\map_0951.log,C:\Users\vchat\Downloads\Vaishnavi_s_Thesis\automation\results_behavior_windows\refractory\coupling_rl1_c1\plots\map_0951.png,,,
952,ok,9500.0,2.0313006156682795e-08,C:\Users\vchat\Downloads\Vaishnavi_s_Thesis\automation\results_behavior_windows\refractory\coupling_rl1_c1\raw_runs\map_0952.raw,C:\Users\vchat\Downloads\Vaishnavi_s_Thesis\automation\results_behavior_windows\refractory\coupling_rl1_c1\raw_runs\map_0952.log,C:\Users\vchat\Downloads\Vaishnavi_s_Thesis\automation\results_behavior_windows\refractory\coupling_rl1_c1\plots\map_0952.png,,,
953,ok,9500.0,2.047134146236293e-08,C:\Users\vchat\Downloads\Vaishnavi_s_Thesis\automation\results_behavior_windows\refractory\coupling_rl1_c1\raw_runs\map_0953.raw,C:\Users\vchat\Downloads\Vaishnavi_s_Thesis\automation\results_behavior_windows\refractory\coupling_rl1_c1\raw_runs\map_0953.log,C:\Users\vchat\Downloads\Vaishnavi_s_Thesis\automation\results_behavior_windows\refractory\coupling_rl1_c1\plots\map_0953.png,,,
954,ok,9500.0,2.0630910956071693e-08,C:\Users\vchat\Downloads\Vaishnavi_s_Thesis\automation\results_behavior_windows\refractory\coupling_rl1_c1\raw_runs\map_0954.raw,C:\Users\vchat\Downloads\Vaishnavi_s_Thesis\automation\results_behavior_windows\refractory\coupling_rl1_c1\raw_runs\map_0954.log,C:\Users\vchat\Downloads\Vaishnavi_s_Thesis\automation\results_behavior_windows\refractory\coupling_rl1_c1\plots\map_0954.png,,,
955,ok,9500.0,2.0791724258026693e-08,C:\Users\vchat\Downloads\Vaishnavi_s_Thesis\automation\results_behavior_windows\refractory\coupling_rl1_c1\raw_runs\map_0955.raw,C:\Users\vchat\Downloads\Vaishnavi_s_Thesis\automation\results_behavior_windows\refractory\coupling_rl1_c1\raw_runs\map_0955.log,C:\Users\vchat\Downloads\Vaishnavi_s_Thesis\automation\results_behavior_windows\refractory\coupling_rl1_c1\plots\map_0955.png,,,
956,ok,9500.0,2.0953791063432937e-08,C:\Users\vchat\Downloads\Vaishnavi_s_Thesis\automation\results_behavior_windows\refractory\coupling_rl1_c1\raw_runs\map_0956.raw,C:\Users\vchat\Downloads\Vaishnavi_s_Thesis\automation\results_behavior_windows\refractory\coupling_rl1_c1\raw_runs\map_0956.log,C:\Users\vchat\Downloads\Vaishnavi_s_Thesis\automation\results_behavior_windows\refractory\coupling_rl1_c1\plots\map_0956.png,,,
957,ok,9500.0,2.11171211430674e-08,C:\Users\vchat\Downloads\Vaishnavi_s_Thesis\automation\results_behavior_windows\refractory\coupling_rl1_c1\raw_runs\map_0957.raw,C:\Users\vchat\Downloads\Vaishnavi_s_Thesis\automation\results_behavior_windows\refractory\coupling_rl1_c1\raw_runs\map_0957.log,C:\Users\vchat\Downloads\Vaishnavi_s_Thesis\automation\results_behavior_windows\refractory\coupling_rl1_c1\plots\map_0957.png,,,
958,ok,9500.0,2.1281724343867947e-08,C:\Users\vchat\Downloads\Vaishnavi_s_Thesis\automation\results_behavior_windows\refractory\coupling_rl1_c1\raw_runs\map_0958.raw,C:\Users\vchat\Downloads\Vaishnavi_s_Thesis\automation\results_behavior_windows\refractory\coupling_rl1_c1\raw_runs\map_0958.log,C:\Users\vchat\Downloads\Vaishnavi_s_Thesis\automation\results_behavior_windows\refractory\coupling_rl1_c1\plots\map_0958.png,,,
959,ok,9500.0,2.144761058952722e-08,C:\Users\vchat\Downloads\Vaishnavi_s_Thesis\automation\results_behavior_windows\refractory\coupling_rl1_c1\raw_runs\map_0959.raw,C:\Users\vchat\Downloads\Vaishnavi_s_Thesis\automation\results_behavior_windows\refractory\coupling_rl1_c1\raw_runs\map_0959.log,C:\Users\vchat\Downloads\Vaishnavi_s_Thesis\automation\results_behavior_windows\refractory\coupling_rl1_c1\plots\map_0959.png,,,
960,ok,9500.0,2.1614789881090783e-08,C:\Users\vchat\Downloads\Vaishnavi_s_Thesis\automation\results_behavior_windows\refractory\coupling_rl1_c1\raw_runs\map_0960.raw,C:\Users\vchat\Downloads\Vaishnavi_s_Thesis\automation\results_behavior_windows\refractory\coupling_rl1_c1\raw_runs\map_0960.log,C:\Users\vchat\Downloads\Vaishnavi_s_Thesis\automation\results_behavior_windows\refractory\coupling_rl1_c1\plots\map_0960.png,,,
961,ok,9500.0,2.1783272297560075e-08,C:\Users\vchat\Downloads\Vaishnavi_s_Thesis\automation\results_behavior_windows\refractory\coupling_rl1_c1\raw_runs\map_0961.raw,C:\Users\vchat\Downloads\Vaishnavi_s_Thesis\automation\results_behavior_windows\refractory\coupling_rl1_c1\raw_runs\map_0961.log,C:\Users\vchat\Downloads\Vaishnavi_s_Thesis\automation\results_behavior_windows\refractory\coupling_rl1_c1\plots\map_0961.png,,,
962,ok,9500.0,2.1953067996500143e-08,C:\Users\vchat\Downloads\Vaishnavi_s_Thesis\automation\results_behavior_windows\refractory\coupling_rl1_c1\raw_runs\map_0962.raw,C:\Users\vchat\Downloads\Vaishnavi_s_Thesis\automation\results_behavior_windows\refractory\coupling_rl1_c1\raw_runs\map_0962.log,C:\Users\vchat\Downloads\Vaishnavi_s_Thesis\automation\results_behavior_windows\refractory\coupling_rl1_c1\plots\map_0962.png,,,
963,ok,9500.0,2.2124187214651817e-08,C:\Users\vchat\Downloads\Vaishnavi_s_Thesis\automation\results_behavior_windows\refractory\coupling_rl1_c1\raw_runs\map_0963.raw,C:\Users\vchat\Downloads\Vaishnavi_s_Thesis\automation\results_behavior_windows\refractory\coupling_rl1_c1\raw_runs\map_0963.log,C:\Users\vchat\Downloads\Vaishnavi_s_Thesis\automation\results_behavior_windows\refractory\coupling_rl1_c1\plots\map_0963.png,,,
964,ok,9500.0,2.2296640268549164e-08,C:\Users\vchat\Downloads\Vaishnavi_s_Thesis\automation\results_behavior_windows\refractory\coupling_rl1_c1\raw_runs\map_0964.raw,C:\Users\vchat\Downloads\Vaishnavi_s_Thesis\automation\results_behavior_windows\refractory\coupling_rl1_c1\raw_runs\map_0964.log,C:\Users\vchat\Downloads\Vaishnavi_s_Thesis\automation\results_behavior_windows\refractory\coupling_rl1_c1\plots\map_0964.png,,,
965,ok,9500.0,2.2470437555141253e-08,C:\Users\vchat\Downloads\Vaishnavi_s_Thesis\automation\results_behavior_windows\refractory\coupling_rl1_c1\raw_runs\map_0965.raw,C:\Users\vchat\Downloads\Vaishnavi_s_Thesis\automation\results_behavior_windows\refractory\coupling_rl1_c1\raw_runs\map_0965.log,C:\Users\vchat\Downloads\Vaishnavi_s_Thesis\automation\results_behavior_windows\refractory\coupling_rl1_c1\plots\map_0965.png,,,
966,ok,9500.0,2.2645589552419077e-08,C:\Users\vchat\Downloads\Vaishnavi_s_Thesis\automation\results_behavior_windows\refractory\coupling_rl1_c1\raw_runs\map_0966.raw,C:\Users\vchat\Downloads\Vaishnavi_s_Thesis\automation\results_behavior_windows\refractory\coupling_rl1_c1\raw_runs\map_0966.log,C:\Users\vchat\Downloads\Vaishnavi_s_Thesis\automation\results_behavior_windows\refractory\coupling_rl1_c1\plots\map_0966.png,,,
967,ok,9500.0,2.282210682004707e-08,C:\Users\vchat\Downloads\Vaishnavi_s_Thesis\automation\results_behavior_windows\refractory\coupling_rl1_c1\raw_runs\map_0967.raw,C:\Users\vchat\Downloads\Vaishnavi_s_Thesis\automation\results_behavior_windows\refractory\coupling_rl1_c1\raw_runs\map_0967.log,C:\Users\vchat\Downloads\Vaishnavi_s_Thesis\automation\results_behavior_windows\refractory\coupling_rl1_c1\plots\map_0967.png,,,
968,ok,9500.0,2.300000000000001e-08,C:\Users\vchat\Downloads\Vaishnavi_s_Thesis\automation\results_behavior_windows\refractory\coupling_rl1_c1\raw_runs\map_0968.raw,C:\Users\vchat\Downloads\Vaishnavi_s_Thesis\automation\results_behavior_windows\refractory\coupling_rl1_c1\raw_runs\map_0968.log,C:\Users\vchat\Downloads\Vaishnavi_s_Thesis\automation\results_behavior_windows\refractory\coupling_rl1_c1\plots\map_0968.png,,,
