run_id,status,RL1_value,C1_value,raw_file,log_file,plot_file,manual_behavior_label,manual_notes,error
0,ok,3000.0,8.000000000000003e-10,C:\Users\vchat\Downloads\Vaishnavi_s_Thesis\automation\results_behavior_windows\all_or_nothing\coupling_rl1_c1\raw_runs\map_0000.raw,C:\Users\vchat\Downloads\Vaishnavi_s_Thesis\automation\results_behavior_windows\all_or_nothing\coupling_rl1_c1\raw_runs\map_0000.log,C:\Users\vchat\Downloads\Vaishnavi_s_Thesis\automation\results_behavior_windows\all_or_nothing\coupling_rl1_c1\plots\map_0000.png,,,
1,ok,3000.0,9.47535937727046e-10,C:\Users\vchat\Downloads\Vaishnavi_s_Thesis\automation\results_behavior_windows\all_or_nothing\coupling_rl1_c1\raw_runs\map_0001.raw,C:\Users\vchat\Downloads\Vaishnavi_s_Thesis\automation\results_behavior_windows\all_or_nothing\coupling_rl1_c1\raw_runs\map_0001.log,C:\Users\vchat\Downloads\Vaishnavi_s_Thesis\automation\results_behavior_windows\all_or_nothing\coupling_rl1_c1\plots\map_0001.png,,,
2,ok,3000.0,1.1222804416053399e-09,C:\Users\vchat\Downloads\Vaishnavi_s_Thesis\automation\results_behavior_windows\all_or_nothing\coupling_rl1_c1\raw_runs\map_0002.raw,C:\Users\vchat\Downloads\Vaishnavi_s_Thesis\automation\results_behavior_windows\all_or_nothing\coupling_rl1_c1\raw_runs\map_0002.log,C:\Users\vchat\Downloads\Vaishnavi_s_Thesis\automation\results_behavior_windows\all_or_nothing\coupling_rl1_c1\plots\map_0002.png,,,
3,ok,3000.0,1.329251313286548e-09,C:\Users\vchat\Downloads\Vaishnavi_s_Thesis\automation\results_behavior_windows\all_or_nothing\coupling_rl1_c1\raw_runs\map_0003.raw,C:\Users\vchat\Downloads\Vaishnavi_s_Thesis\automation\results_behavior_windows\all_or_nothing\coupling_rl1_c1\raw_runs\map_0003.log,C:\Users\vchat\Downloads\Vaishnavi_s_Thesis\automation\results_behavior_windows\all_or_nothing\coupling_rl1_c1\plots\map_0003.png,,,
4,ok,3000.0,1.574391737012345e-09,C:\Users\vchat\Downloads\Vaishnavi_s_Thesis\automation\results_behavior_windows\all_or_nothing\coupling_rl1_c1\raw_runs\map_0004.raw,C:\Users\vchat\Downloads\Vaishnavi_s_Thesis\automation\results_behavior_windows\all_or_nothing\coupling_rl1_c1\raw_runs\map_0004.log,C:\Users\vchat\Downloads\Vaishnavi_s_Thesis\automation\results_behavior_windows\all_or_nothing\coupling_rl1_c1\plots\map_0004.png,,,
5,ok,3000.0,1.8647409385996303e-09,C:\Users\vchat\Downloads\Vaishnavi_s_Thesis\automation\results_behavior_windows\all_or_nothing\coupling_rl1_c1\raw_runs\map_0005.raw,C:\Users\vchat\Downloads\Vaishnavi_s_Thesis\automation\results_behavior_windows\all_or_nothing\coupling_rl1_c1\raw_runs\map_0005.log,C:\Users\vchat\Downloads\Vaishnavi_s_Thesis\automation\results_behavior_windows\all_or_nothing\coupling_rl1_c1\plots\map_0005.png,,,
6,ok,3000.0,2.208636317342515e-09,C:\Users\vchat\Downloads\Vaishnavi_s_Thesis\automation\results_behavior_windows\all_or_nothing\coupling_rl1_c1\raw_runs\map_0006.raw,C:\Users\vchat\Downloads\Vaishnavi_s_Thesis\automation\results_behavior_windows\all_or_nothing\coupling_rl1_c1\raw_runs\map_0006.log,C:\Users\vchat\Downloads\Vaishnavi_s_Thesis\automation\results_behavior_windows\all_or_nothing\coupling_rl1_c1\plots\map_0006.png,,,
7,ok,3000.0,2.6159528550639355e-09,C:\Users\vchat\Downloads\Vaishnavi_s_Thesis\automation\results_behavior_windows\all_or_nothing\coupling_rl1_c1\raw_runs\map_0007.raw,C:\Users\vchat\Downloads\Vaishnavi_s_Thesis\automation\results_behavior_windows\all_or_nothing\coupling_rl1_c1\raw_runs\map_0007.log,C:\Users\vchat\Downloads\Vaishnavi_s_Thesis\automation\results_behavior_windows\all_or_nothing\coupling_rl1_c1\plots\map_0007.png,,,
8,ok,3000.0,3.098386676965935e-09,C:\Users\vchat\Downloads\Vaishnavi_s_Thesis\automation\results_behavior_windows\all_or_nothing\coupling_rl1_c1\raw_runs\map_0008.raw,C:\Users\vchat\Downloads\Vaishnavi_s_Thesis\automation\results_behavior_windows\all_or_nothing\coupling_rl1_c1\raw_runs\map_0008.log,C:\Users\vchat\Downloads\Vaishnavi_s_Thesis\automation\results_behavior_windows\all_or_nothing\coupling_rl1_c1\plots\map_0008.png,,,
9,ok,3000.0,3.6697909067498772e-09,C:\Users\vchat\Downloads\Vaishnavi_s_Thesis\automation\results_behavior_windows\all_or_nothing\coupling_rl1_c1\raw_runs\map_0009.raw,C:\Users\vchat\Downloads\Vaishnavi_s_Thesis\automation\results_behavior_windows\all_or_nothing\coupling_rl1_c1\raw_runs\map_0009.log,C:\Users\vchat\Downloads\Vaishnavi_s_Thesis\automation\results_behavior_windows\all_or_nothing\coupling_rl1_c1\plots\map_0009.png,,,
10,ok,3000.0,4.346573460111787e-09,C:\Users\vchat\Downloads\Vaishnavi_s_Thesis\automation\results_behavior_windows\all_or_nothing\coupling_rl1_c1\raw_runs\map_0010.raw,C:\Users\vchat\Downloads\Vaishnavi_s_Thesis\automation\results_behavior_windows\all_or_nothing\coupling_rl1_c1\raw_runs\map_0010.log,C:\Users\vchat\Downloads\Vaishnavi_s_Thesis\automation\results_behavior_windows\all_or_nothing\coupling_rl1_c1\plots\map_0010.png,,,
11,ok,3000.0,5.148168199283139e-09,C:\Users\vchat\Downloads\Vaishnavi_s_Thesis\automation\results_behavior_windows\all_or_nothing\coupling_rl1_c1\raw_runs\map_0011.raw,C:\Users\vchat\Downloads\Vaishnavi_s_Thesis\automation\results_behavior_windows\all_or_nothing\coupling_rl1_c1\raw_runs\map_0011.log,C:\Users\vchat\Downloads\Vaishnavi_s_Thesis\automation\results_behavior_windows\all_or_nothing\coupling_rl1_c1\plots\map_0011.png,,,
12,ok,3000.0,6.09759297785538e-09,C:\Users\vchat\Downloads\Vaishnavi_s_Thesis\automation\results_behavior_windows\all_or_nothing\coupling_rl1_c1\raw_runs\map_0012.raw,C:\Users\vchat\Downloads\Vaishnavi_s_Thesis\automation\results_behavior_windows\all_or_nothing\coupling_rl1_c1\raw_runs\map_0012.log,C:\Users\vchat\Downloads\Vaishnavi_s_Thesis\automation\results_behavior_windows\all_or_nothing\coupling_rl1_c1\plots\map_0012.png,,,
13,ok,3000.0,7.222110600187557e-09,C:\Users\vchat\Downloads\Vaishnavi_s_Thesis\automation\results_behavior_windows\all_or_nothing\coupling_rl1_c1\raw_runs\map_0013.raw,C:\Users\vchat\Downloads\Vaishnavi_s_Thesis\automation\results_behavior_windows\all_or_nothing\coupling_rl1_c1\raw_runs\map_0013.log,C:\Users\vchat\Downloads\Vaishnavi_s_Thesis\automation\results_behavior_windows\all_or_nothing\coupling_rl1_c1\plots\map_0013.png,,,
14,ok,3000.0,8.55401167489644e-09,C:\Users\vchat\Downloads\Vaishnavi_s_Thesis\automation\results_behavior_windows\all_or_nothing\coupling_rl1_c1\raw_runs\map_0014.raw,C:\Users\vchat\Downloads\Vaishnavi_s_Thesis\automation\results_behavior_windows\all_or_nothing\coupling_rl1_c1\raw_runs\map_0014.log,C:\Users\vchat\Downloads\Vaishnavi_s_Thesis\automation\results_behavior_windows\all_or_nothing\coupling_rl1_c1\plots\map_0014.png,,,
15,ok,3000.0,1.0131541842126369e-08,C:\Users\vchat\Downloads\Vaishnavi_s_Thesis\automation\results_behavior_windows\all_or_nothing\coupling_rl1_c1\raw_runs\map_0015.raw,C:\Users\vchat\Downloads\Vaishnavi_s_Thesis\automation\results_behavior_windows\all_or_nothing\coupling_rl1_c1\raw_runs\map_0015.log,C:\Users\vchat\Downloads\Vaishnavi_s_Thesis\automation\results_behavior_windows\all_or_nothing\coupling_rl1_c1\plots\map_0015.png,,,
16,ok,3000.0,1.2000000000000008e-08,C:\Users\vchat\Downloads\Vaishnavi_s_Thesis\automation\results_behavior_windows\all_or_nothing\coupling_rl1_c1\raw_runs\map_0016.raw,C:\Users\vchat\Downloads\Vaishnavi_s_Thesis\automation\results_behavior_windows\all_or_nothing\coupling_rl1_c1\raw_runs\map_0016.log,C:\Users\vchat\Downloads\Vaishnavi_s_Thesis\automation\results_behavior_windows\all_or_nothing\coupling_rl1_c1\plots\map_0016.png,,,
17,ok,3250.0,8.000000000000003e-10,C:\Users\vchat\Downloads\Vaishnavi_s_Thesis\automation\results_behavior_windows\all_or_nothing\coupling_rl1_c1\raw_runs\map_0017.raw,C:\Users\vchat\Downloads\Vaishnavi_s_Thesis\automation\results_behavior_windows\all_or_nothing\coupling_rl1_c1\raw_runs\map_0017.log,C:\Users\vchat\Downloads\Vaishnavi_s_Thesis\automation\results_behavior_windows\all_or_nothing\coupling_rl1_c1\plots\map_0017.png,,,
18,ok,3250.0,9.47535937727046e-10,C:\Users\vchat\Downloads\Vaishnavi_s_Thesis\automation\results_behavior_windows\all_or_nothing\coupling_rl1_c1\raw_runs\map_0018.raw,C:\Users\vchat\Downloads\Vaishnavi_s_Thesis\automation\results_behavior_windows\all_or_nothing\coupling_rl1_c1\raw_runs\map_0018.log,C:\Users\vchat\Downloads\Vaishnavi_s_Thesis\automation\results_behavior_windows\all_or_nothing\coupling_rl1_c1\plots\map_0018.png,,,
19,ok,3250.0,1.1222804416053399e-09,C:\Users\vchat\Downloads\Vaishnavi_s_Thesis\automation\results_behavior_windows\all_or_nothing\coupling_rl1_c1\raw_runs\map_0019.raw,C:\Users\vchat\Downloads\Vaishnavi_s_Thesis\automation\results_behavior_windows\all_or_nothing\coupling_rl1_c1\raw_runs\map_0019.log,C:\Users\vchat\Downloads\Vaishnavi_s_Thesis\automation\results_behavior_windows\all_or_nothing\coupling_rl1_c1\plots\map_0019.png,,,
20,ok,3250.0,1.329251313286548e-09,C:\Users\vchat\Downloads\Vaishnavi_s_Thesis\automation\results_behavior_windows\all_or_nothing\coupling_rl1_c1\raw_runs\map_0020.raw,C:\Users\vchat\Downloads\Vaishnavi_s_Thesis\automation\results_behavior_windows\all_or_nothing\coupling_rl1_c1\raw_runs\map_0020.log,C:\Users\vchat\Downloads\Vaishnavi_s_Thesis\automation\results_behavior_windows\all_or_nothing\coupling_rl1_c1\plots\map_0020.png,,,
21,ok,3250.0,1.574391737012345e-09,C:\Users\vchat\Downloads\Vaishnavi_s_Thesis\automation\results_behavior_windows\all_or_nothing\coupling_rl1_c1\raw_runs\map_0021.raw,C:\Users\vchat\Downloads\Vaishnavi_s_Thesis\automation\results_behavior_windows\all_or_nothing\coupling_rl1_c1\raw_runs\map_0021.log,C:\Users\vchat\Downloads\Vaishnavi_s_Thesis\automation\results_behavior_windows\all_or_nothing\coupling_rl1_c1\plots\map_0021.png,,,
22,ok,3250.0,1.8647409385996303e-09,C:\Users\vchat\Downloads\Vaishnavi_s_Thesis\automation\results_behavior_windows\all_or_nothing\coupling_rl1_c1\raw_runs\map_0022.raw,C:\Users\vchat\Downloads\Vaishnavi_s_Thesis\automation\results_behavior_windows\all_or_nothing\coupling_rl1_c1\raw_runs\map_0022.log,C:\Users\vchat\Downloads\Vaishnavi_s_Thesis\automation\results_behavior_windows\all_or_nothing\coupling_rl1_c1\plots\map_0022.png,,,
23,ok,3250.0,2.208636317342515e-09,C:\Users\vchat\Downloads\Vaishnavi_s_Thesis\automation\results_behavior_windows\all_or_nothing\coupling_rl1_c1\raw_runs\map_0023.raw,C:\Users\vchat\Downloads\Vaishnavi_s_Thesis\automation\results_behavior_windows\all_or_nothing\coupling_rl1_c1\raw_runs\map_0023.log,C:\Users\vchat\Downloads\Vaishnavi_s_Thesis\automation\results_behavior_windows\all_or_nothing\coupling_rl1_c1\plots\map_0023.png,,,
24,ok,3250.0,2.6159528550639355e-09,C:\Users\vchat\Downloads\Vaishnavi_s_Thesis\automation\results_behavior_windows\all_or_nothing\coupling_rl1_c1\raw_runs\map_0024.raw,C:\Users\vchat\Downloads\Vaishnavi_s_Thesis\automation\results_behavior_windows\all_or_nothing\coupling_rl1_c1\raw_runs\map_0024.log,C:\Users\vchat\Downloads\Vaishnavi_s_Thesis\automation\results_behavior_windows\all_or_nothing\coupling_rl1_c1\plots\map_0024.png,,,
25,ok,3250.0,3.098386676965935e-09,C:\Users\vchat\Downloads\Vaishnavi_s_Thesis\automation\results_behavior_windows\all_or_nothing\coupling_rl1_c1\raw_runs\map_0025.raw,C:\Users\vchat\Downloads\Vaishnavi_s_Thesis\automation\results_behavior_windows\all_or_nothing\coupling_rl1_c1\raw_runs\map_0025.log,C:\Users\vchat\Downloads\Vaishnavi_s_Thesis\automation\results_behavior_windows\all_or_nothing\coupling_rl1_c1\plots\map_0025.png,,,
26,ok,3250.0,3.6697909067498772e-09,C:\Users\vchat\Downloads\Vaishnavi_s_Thesis\automation\results_behavior_windows\all_or_nothing\coupling_rl1_c1\raw_runs\map_0026.raw,C:\Users\vchat\Downloads\Vaishnavi_s_Thesis\automation\results_behavior_windows\all_or_nothing\coupling_rl1_c1\raw_runs\map_0026.log,C:\Users\vchat\Downloads\Vaishnavi_s_Thesis\automation\results_behavior_windows\all_or_nothing\coupling_rl1_c1\plots\map_0026.png,,,
27,ok,3250.0,4.346573460111787e-09,C:\Users\vchat\Downloads\Vaishnavi_s_Thesis\automation\results_behavior_windows\all_or_nothing\coupling_rl1_c1\raw_runs\map_0027.raw,C:\Users\vchat\Downloads\Vaishnavi_s_Thesis\automation\results_behavior_windows\all_or_nothing\coupling_rl1_c1\raw_runs\map_0027.log,C:\Users\vchat\Downloads\Vaishnavi_s_Thesis\automation\results_behavior_windows\all_or_nothing\coupling_rl1_c1\plots\map_0027.png,,,
28,ok,3250.0,5.148168199283139e-09,C:\Users\vchat\Downloads\Vaishnavi_s_Thesis\automation\results_behavior_windows\all_or_nothing\coupling_rl1_c1\raw_runs\map_0028.raw,C:\Users\vchat\Downloads\Vaishnavi_s_Thesis\automation\results_behavior_windows\all_or_nothing\coupling_rl1_c1\raw_runs\map_0028.log,C:\Users\vchat\Downloads\Vaishnavi_s_Thesis\automation\results_behavior_windows\all_or_nothing\coupling_rl1_c1\plots\map_0028.png,,,
29,ok,3250.0,6.09759297785538e-09,C:\Users\vchat\Downloads\Vaishnavi_s_Thesis\automation\results_behavior_windows\all_or_nothing\coupling_rl1_c1\raw_runs\map_0029.raw,C:\Users\vchat\Downloads\Vaishnavi_s_Thesis\automation\results_behavior_windows\all_or_nothing\coupling_rl1_c1\raw_runs\map_0029.log,C:\Users\vchat\Downloads\Vaishnavi_s_Thesis\automation\results_behavior_windows\all_or_nothing\coupling_rl1_c1\plots\map_0029.png,,,
30,ok,3250.0,7.222110600187557e-09,C:\Users\vchat\Downloads\Vaishnavi_s_Thesis\automation\results_behavior_windows\all_or_nothing\coupling_rl1_c1\raw_runs\map_0030.raw,C:\Users\vchat\Downloads\Vaishnavi_s_Thesis\automation\results_behavior_windows\all_or_nothing\coupling_rl1_c1\raw_runs\map_0030.log,C:\Users\vchat\Downloads\Vaishnavi_s_Thesis\automation\results_behavior_windows\all_or_nothing\coupling_rl1_c1\plots\map_0030.png,,,
31,ok,3250.0,8.55401167489644e-09,C:\Users\vchat\Downloads\Vaishnavi_s_Thesis\automation\results_behavior_windows\all_or_nothing\coupling_rl1_c1\raw_runs\map_0031.raw,C:\Users\vchat\Downloads\Vaishnavi_s_Thesis\automation\results_behavior_windows\all_or_nothing\coupling_rl1_c1\raw_runs\map_0031.log,C:\Users\vchat\Downloads\Vaishnavi_s_Thesis\automation\results_behavior_windows\all_or_nothing\coupling_rl1_c1\plots\map_0031.png,,,
32,ok,3250.0,1.0131541842126369e-08,C:\Users\vchat\Downloads\Vaishnavi_s_Thesis\automation\results_behavior_windows\all_or_nothing\coupling_rl1_c1\raw_runs\map_0032.raw,C:\Users\vchat\Downloads\Vaishnavi_s_Thesis\automation\results_behavior_windows\all_or_nothing\coupling_rl1_c1\raw_runs\map_0032.log,C:\Users\vchat\Downloads\Vaishnavi_s_Thesis\automation\results_behavior_windows\all_or_nothing\coupling_rl1_c1\plots\map_0032.png,,,
33,ok,3250.0,1.2000000000000008e-08,C:\Users\vchat\Downloads\Vaishnavi_s_Thesis\automation\results_behavior_windows\all_or_nothing\coupling_rl1_c1\raw_runs\map_0033.raw,C:\Users\vchat\Downloads\Vaishnavi_s_Thesis\automation\results_behavior_windows\all_or_nothing\coupling_rl1_c1\raw_runs\map_0033.log,C:\Users\vchat\Downloads\Vaishnavi_s_Thesis\automation\results_behavior_windows\all_or_nothing\coupling_rl1_c1\plots\map_0033.png,,,
34,ok,3500.0,8.000000000000003e-10,C:\Users\vchat\Downloads\Vaishnavi_s_Thesis\automation\results_behavior_windows\all_or_nothing\coupling_rl1_c1\raw_runs\map_0034.raw,C:\Users\vchat\Downloads\Vaishnavi_s_Thesis\automation\results_behavior_windows\all_or_nothing\coupling_rl1_c1\raw_runs\map_0034.log,C:\Users\vchat\Downloads\Vaishnavi_s_Thesis\automation\results_behavior_windows\all_or_nothing\coupling_rl1_c1\plots\map_0034.png,,,
35,ok,3500.0,9.47535937727046e-10,C:\Users\vchat\Downloads\Vaishnavi_s_Thesis\automation\results_behavior_windows\all_or_nothing\coupling_rl1_c1\raw_runs\map_0035.raw,C:\Users\vchat\Downloads\Vaishnavi_s_Thesis\automation\results_behavior_windows\all_or_nothing\coupling_rl1_c1\raw_runs\map_0035.log,C:\Users\vchat\Downloads\Vaishnavi_s_Thesis\automation\results_behavior_windows\all_or_nothing\coupling_rl1_c1\plots\map_0035.png,,,
36,ok,3500.0,1.1222804416053399e-09,C:\Users\vchat\Downloads\Vaishnavi_s_Thesis\automation\results_behavior_windows\all_or_nothing\coupling_rl1_c1\raw_runs\map_0036.raw,C:\Users\vchat\Downloads\Vaishnavi_s_Thesis\automation\results_behavior_windows\all_or_nothing\coupling_rl1_c1\raw_runs\map_0036.log,C:\Users\vchat\Downloads\Vaishnavi_s_Thesis\automation\results_behavior_windows\all_or_nothing\coupling_rl1_c1\plots\map_0036.png,,,
37,ok,3500.0,1.329251313286548e-09,C:\Users\vchat\Downloads\Vaishnavi_s_Thesis\automation\results_behavior_windows\all_or_nothing\coupling_rl1_c1\raw_runs\map_0037.raw,C:\Users\vchat\Downloads\Vaishnavi_s_Thesis\automation\results_behavior_windows\all_or_nothing\coupling_rl1_c1\raw_runs\map_0037.log,C:\Users\vchat\Downloads\Vaishnavi_s_Thesis\automation\results_behavior_windows\all_or_nothing\coupling_rl1_c1\plots\map_0037.png,,,
38,ok,3500.0,1.574391737012345e-09,C:\Users\vchat\Downloads\Vaishnavi_s_Thesis\automation\results_behavior_windows\all_or_nothing\coupling_rl1_c1\raw_runs\map_0038.raw,C:\Users\vchat\Downloads\Vaishnavi_s_Thesis\automation\results_behavior_windows\all_or_nothing\coupling_rl1_c1\raw_runs\map_0038.log,C:\Users\vchat\Downloads\Vaishnavi_s_Thesis\automation\results_behavior_windows\all_or_nothing\coupling_rl1_c1\plots\map_0038.png,,,
39,ok,3500.0,1.8647409385996303e-09,C:\Users\vchat\Downloads\Vaishnavi_s_Thesis\automation\results_behavior_windows\all_or_nothing\coupling_rl1_c1\raw_runs\map_0039.raw,C:\Users\vchat\Downloads\Vaishnavi_s_Thesis\automation\results_behavior_windows\all_or_nothing\coupling_rl1_c1\raw_runs\map_0039.log,C:\Users\vchat\Downloads\Vaishnavi_s_Thesis\automation\results_behavior_windows\all_or_nothing\coupling_rl1_c1\plots\map_0039.png,,,
40,ok,3500.0,2.208636317342515e-09,C:\Users\vchat\Downloads\Vaishnavi_s_Thesis\automation\results_behavior_windows\all_or_nothing\coupling_rl1_c1\raw_runs\map_0040.raw,C:\Users\vchat\Downloads\Vaishnavi_s_Thesis\automation\results_behavior_windows\all_or_nothing\coupling_rl1_c1\raw_runs\map_0040.log,C:\Users\vchat\Downloads\Vaishnavi_s_Thesis\automation\results_behavior_windows\all_or_nothing\coupling_rl1_c1\plots\map_0040.png,,,
41,ok,3500.0,2.6159528550639355e-09,C:\Users\vchat\Downloads\Vaishnavi_s_Thesis\automation\results_behavior_windows\all_or_nothing\coupling_rl1_c1\raw_runs\map_0041.raw,C:\Users\vchat\Downloads\Vaishnavi_s_Thesis\automation\results_behavior_windows\all_or_nothing\coupling_rl1_c1\raw_runs\map_0041.log,C:\Users\vchat\Downloads\Vaishnavi_s_Thesis\automation\results_behavior_windows\all_or_nothing\coupling_rl1_c1\plots\map_0041.png,,,
42,ok,3500.0,3.098386676965935e-09,C:\Users\vchat\Downloads\Vaishnavi_s_Thesis\automation\results_behavior_windows\all_or_nothing\coupling_rl1_c1\raw_runs\map_0042.raw,C:\Users\vchat\Downloads\Vaishnavi_s_Thesis\automation\results_behavior_windows\all_or_nothing\coupling_rl1_c1\raw_runs\map_0042.log,C:\Users\vchat\Downloads\Vaishnavi_s_Thesis\automation\results_behavior_windows\all_or_nothing\coupling_rl1_c1\plots\map_0042.png,,,
43,ok,3500.0,3.6697909067498772e-09,C:\Users\vchat\Downloads\Vaishnavi_s_Thesis\automation\results_behavior_windows\all_or_nothing\coupling_rl1_c1\raw_runs\map_0043.raw,C:\Users\vchat\Downloads\Vaishnavi_s_Thesis\automation\results_behavior_windows\all_or_nothing\coupling_rl1_c1\raw_runs\map_0043.log,C:\Users\vchat\Downloads\Vaishnavi_s_Thesis\automation\results_behavior_windows\all_or_nothing\coupling_rl1_c1\plots\map_0043.png,,,
44,ok,3500.0,4.346573460111787e-09,C:\Users\vchat\Downloads\Vaishnavi_s_Thesis\automation\results_behavior_windows\all_or_nothing\coupling_rl1_c1\raw_runs\map_0044.raw,C:\Users\vchat\Downloads\Vaishnavi_s_Thesis\automation\results_behavior_windows\all_or_nothing\coupling_rl1_c1\raw_runs\map_0044.log,C:\Users\vchat\Downloads\Vaishnavi_s_Thesis\automation\results_behavior_windows\all_or_nothing\coupling_rl1_c1\plots\map_0044.png,,,
45,ok,3500.0,5.148168199283139e-09,C:\Users\vchat\Downloads\Vaishnavi_s_Thesis\automation\results_behavior_windows\all_or_nothing\coupling_rl1_c1\raw_runs\map_0045.raw,C:\Users\vchat\Downloads\Vaishnavi_s_Thesis\automation\results_behavior_windows\all_or_nothing\coupling_rl1_c1\raw_runs\map_0045.log,C:\Users\vchat\Downloads\Vaishnavi_s_Thesis\automation\results_behavior_windows\all_or_nothing\coupling_rl1_c1\plots\map_0045.png,,,
46,ok,3500.0,6.09759297785538e-09,C:\Users\vchat\Downloads\Vaishnavi_s_Thesis\automation\results_behavior_windows\all_or_nothing\coupling_rl1_c1\raw_runs\map_0046.raw,C:\Users\vchat\Downloads\Vaishnavi_s_Thesis\automation\results_behavior_windows\all_or_nothing\coupling_rl1_c1\raw_runs\map_0046.log,C:\Users\vchat\Downloads\Vaishnavi_s_Thesis\automation\results_behavior_windows\all_or_nothing\coupling_rl1_c1\plots\map_0046.png,,,
47,ok,3500.0,7.222110600187557e-09,C:\Users\vchat\Downloads\Vaishnavi_s_Thesis\automation\results_behavior_windows\all_or_nothing\coupling_rl1_c1\raw_runs\map_0047.raw,C:\Users\vchat\Downloads\Vaishnavi_s_Thesis\automation\results_behavior_windows\all_or_nothing\coupling_rl1_c1\raw_runs\map_0047.log,C:\Users\vchat\Downloads\Vaishnavi_s_Thesis\automation\results_behavior_windows\all_or_nothing\coupling_rl1_c1\plots\map_0047.png,,,
48,ok,3500.0,8.55401167489644e-09,C:\Users\vchat\Downloads\Vaishnavi_s_Thesis\automation\results_behavior_windows\all_or_nothing\coupling_rl1_c1\raw_runs\map_0048.raw,C:\Users\vchat\Downloads\Vaishnavi_s_Thesis\automation\results_behavior_windows\all_or_nothing\coupling_rl1_c1\raw_runs\map_0048.log,C:\Users\vchat\Downloads\Vaishnavi_s_Thesis\automation\results_behavior_windows\all_or_nothing\coupling_rl1_c1\plots\map_0048.png,,,
49,ok,3500.0,1.0131541842126369e-08,C:\Users\vchat\Downloads\Vaishnavi_s_Thesis\automation\results_behavior_windows\all_or_nothing\coupling_rl1_c1\raw_runs\map_0049.raw,C:\Users\vchat\Downloads\Vaishnavi_s_Thesis\automation\results_behavior_windows\all_or_nothing\coupling_rl1_c1\raw_runs\map_0049.log,C:\Users\vchat\Downloads\Vaishnavi_s_Thesis\automation\results_behavior_windows\all_or_nothing\coupling_rl1_c1\plots\map_0049.png,,,
50,ok,3500.0,1.2000000000000008e-08,C:\Users\vchat\Downloads\Vaishnavi_s_Thesis\automation\results_behavior_windows\all_or_nothing\coupling_rl1_c1\raw_runs\map_0050.raw,C:\Users\vchat\Downloads\Vaishnavi_s_Thesis\automation\results_behavior_windows\all_or_nothing\coupling_rl1_c1\raw_runs\map_0050.log,C:\Users\vchat\Downloads\Vaishnavi_s_Thesis\automation\results_behavior_windows\all_or_nothing\coupling_rl1_c1\plots\map_0050.png,,,
51,ok,3750.0,8.000000000000003e-10,C:\Users\vchat\Downloads\Vaishnavi_s_Thesis\automation\results_behavior_windows\all_or_nothing\coupling_rl1_c1\raw_runs\map_0051.raw,C:\Users\vchat\Downloads\Vaishnavi_s_Thesis\automation\results_behavior_windows\all_or_nothing\coupling_rl1_c1\raw_runs\map_0051.log,C:\Users\vchat\Downloads\Vaishnavi_s_Thesis\automation\results_behavior_windows\all_or_nothing\coupling_rl1_c1\plots\map_0051.png,,,
52,ok,3750.0,9.47535937727046e-10,C:\Users\vchat\Downloads\Vaishnavi_s_Thesis\automation\results_behavior_windows\all_or_nothing\coupling_rl1_c1\raw_runs\map_0052.raw,C:\Users\vchat\Downloads\Vaishnavi_s_Thesis\automation\results_behavior_windows\all_or_nothing\coupling_rl1_c1\raw_runs\map_0052.log,C:\Users\vchat\Downloads\Vaishnavi_s_Thesis\automation\results_behavior_windows\all_or_nothing\coupling_rl1_c1\plots\map_0052.png,,,
53,ok,3750.0,1.1222804416053399e-09,C:\Users\vchat\Downloads\Vaishnavi_s_Thesis\automation\results_behavior_windows\all_or_nothing\coupling_rl1_c1\raw_runs\map_0053.raw,C:\Users\vchat\Downloads\Vaishnavi_s_Thesis\automation\results_behavior_windows\all_or_nothing\coupling_rl1_c1\raw_runs\map_0053.log,C:\Users\vchat\Downloads\Vaishnavi_s_Thesis\automation\results_behavior_windows\all_or_nothing\coupling_rl1_c1\plots\map_0053.png,,,
54,ok,3750.0,1.329251313286548e-09,C:\Users\vchat\Downloads\Vaishnavi_s_Thesis\automation\results_behavior_windows\all_or_nothing\coupling_rl1_c1\raw_runs\map_0054.raw,C:\Users\vchat\Downloads\Vaishnavi_s_Thesis\automation\results_behavior_windows\all_or_nothing\coupling_rl1_c1\raw_runs\map_0054.log,C:\Users\vchat\Downloads\Vaishnavi_s_Thesis\automation\results_behavior_windows\all_or_nothing\coupling_rl1_c1\plots\map_0054.png,,,
55,ok,3750.0,1.574391737012345e-09,C:\Users\vchat\Downloads\Vaishnavi_s_Thesis\automation\results_behavior_windows\all_or_nothing\coupling_rl1_c1\raw_runs\map_0055.raw,C:\Users\vchat\Downloads\Vaishnavi_s_Thesis\automation\results_behavior_windows\all_or_nothing\coupling_rl1_c1\raw_runs\map_0055.log,C:\Users\vchat\Downloads\Vaishnavi_s_Thesis\automation\results_behavior_windows\all_or_nothing\coupling_rl1_c1\plots\map_0055.png,,,
56,ok,3750.0,1.8647409385996303e-09,C:\Users\vchat\Downloads\Vaishnavi_s_Thesis\automation\results_behavior_windows\all_or_nothing\coupling_rl1_c1\raw_runs\map_0056.raw,C:\Users\vchat\Downloads\Vaishnavi_s_Thesis\automation\results_behavior_windows\all_or_nothing\coupling_rl1_c1\raw_runs\map_0056.log,C:\Users\vchat\Downloads\Vaishnavi_s_Thesis\automation\results_behavior_windows\all_or_nothing\coupling_rl1_c1\plots\map_0056.png,,,
57,ok,3750.0,2.208636317342515e-09,C:\Users\vchat\Downloads\Vaishnavi_s_Thesis\automation\results_behavior_windows\all_or_nothing\coupling_rl1_c1\raw_runs\map_0057.raw,C:\Users\vchat\Downloads\Vaishnavi_s_Thesis\automation\results_behavior_windows\all_or_nothing\coupling_rl1_c1\raw_runs\map_0057.log,C:\Users\vchat\Downloads\Vaishnavi_s_Thesis\automation\results_behavior_windows\all_or_nothing\coupling_rl1_c1\plots\map_0057.png,,,
58,ok,3750.0,2.6159528550639355e-09,C:\Users\vchat\Downloads\Vaishnavi_s_Thesis\automation\results_behavior_windows\all_or_nothing\coupling_rl1_c1\raw_runs\map_0058.raw,C:\Users\vchat\Downloads\Vaishnavi_s_Thesis\automation\results_behavior_windows\all_or_nothing\coupling_rl1_c1\raw_runs\map_0058.log,C:\Users\vchat\Downloads\Vaishnavi_s_Thesis\automation\results_behavior_windows\all_or_nothing\coupling_rl1_c1\plots\map_0058.png,,,
59,ok,3750.0,3.098386676965935e-09,C:\Users\vchat\Downloads\Vaishnavi_s_Thesis\automation\results_behavior_windows\all_or_nothing\coupling_rl1_c1\raw_runs\map_0059.raw,C:\Users\vchat\Downloads\Vaishnavi_s_Thesis\automation\results_behavior_windows\all_or_nothing\coupling_rl1_c1\raw_runs\map_0059.log,C:\Users\vchat\Downloads\Vaishnavi_s_Thesis\automation\results_behavior_windows\all_or_nothing\coupling_rl1_c1\plots\map_0059.png,,,
60,ok,3750.0,3.6697909067498772e-09,C:\Users\vchat\Downloads\Vaishnavi_s_Thesis\automation\results_behavior_windows\all_or_nothing\coupling_rl1_c1\raw_runs\map_0060.raw,C:\Users\vchat\Downloads\Vaishnavi_s_Thesis\automation\results_behavior_windows\all_or_nothing\coupling_rl1_c1\raw_runs\map_0060.log,C:\Users\vchat\Downloads\Vaishnavi_s_Thesis\automation\results_behavior_windows\all_or_nothing\coupling_rl1_c1\plots\map_0060.png,,,
61,ok,3750.0,4.346573460111787e-09,C:\Users\vchat\Downloads\Vaishnavi_s_Thesis\automation\results_behavior_windows\all_or_nothing\coupling_rl1_c1\raw_runs\map_0061.raw,C:\Users\vchat\Downloads\Vaishnavi_s_Thesis\automation\results_behavior_windows\all_or_nothing\coupling_rl1_c1\raw_runs\map_0061.log,C:\Users\vchat\Downloads\Vaishnavi_s_Thesis\automation\results_behavior_windows\all_or_nothing\coupling_rl1_c1\plots\map_0061.png,,,
62,ok,3750.0,5.148168199283139e-09,C:\Users\vchat\Downloads\Vaishnavi_s_Thesis\automation\results_behavior_windows\all_or_nothing\coupling_rl1_c1\raw_runs\map_0062.raw,C:\Users\vchat\Downloads\Vaishnavi_s_Thesis\automation\results_behavior_windows\all_or_nothing\coupling_rl1_c1\raw_runs\map_0062.log,C:\Users\vchat\Downloads\Vaishnavi_s_Thesis\automation\results_behavior_windows\all_or_nothing\coupling_rl1_c1\plots\map_0062.png,,,
63,ok,3750.0,6.09759297785538e-09,C:\Users\vchat\Downloads\Vaishnavi_s_Thesis\automation\results_behavior_windows\all_or_nothing\coupling_rl1_c1\raw_runs\map_0063.raw,C:\Users\vchat\Downloads\Vaishnavi_s_Thesis\automation\results_behavior_windows\all_or_nothing\coupling_rl1_c1\raw_runs\map_0063.log,C:\Users\vchat\Downloads\Vaishnavi_s_Thesis\automation\results_behavior_windows\all_or_nothing\coupling_rl1_c1\plots\map_0063.png,,,
64,ok,3750.0,7.222110600187557e-09,C:\Users\vchat\Downloads\Vaishnavi_s_Thesis\automation\results_behavior_windows\all_or_nothing\coupling_rl1_c1\raw_runs\map_0064.raw,C:\Users\vchat\Downloads\Vaishnavi_s_Thesis\automation\results_behavior_windows\all_or_nothing\coupling_rl1_c1\raw_runs\map_0064.log,C:\Users\vchat\Downloads\Vaishnavi_s_Thesis\automation\results_behavior_windows\all_or_nothing\coupling_rl1_c1\plots\map_0064.png,,,
65,ok,3750.0,8.55401167489644e-09,C:\Users\vchat\Downloads\Vaishnavi_s_Thesis\automation\results_behavior_windows\all_or_nothing\coupling_rl1_c1\raw_runs\map_0065.raw,C:\Users\vchat\Downloads\Vaishnavi_s_Thesis\automation\results_behavior_windows\all_or_nothing\coupling_rl1_c1\raw_runs\map_0065.log,C:\Users\vchat\Downloads\Vaishnavi_s_Thesis\automation\results_behavior_windows\all_or_nothing\coupling_rl1_c1\plots\map_0065.png,,,
66,ok,3750.0,1.0131541842126369e-08,C:\Users\vchat\Downloads\Vaishnavi_s_Thesis\automation\results_behavior_windows\all_or_nothing\coupling_rl1_c1\raw_runs\map_0066.raw,C:\Users\vchat\Downloads\Vaishnavi_s_Thesis\automation\results_behavior_windows\all_or_nothing\coupling_rl1_c1\raw_runs\map_0066.log,C:\Users\vchat\Downloads\Vaishnavi_s_Thesis\automation\results_behavior_windows\all_or_nothing\coupling_rl1_c1\plots\map_0066.png,,,
67,ok,3750.0,1.2000000000000008e-08,C:\Users\vchat\Downloads\Vaishnavi_s_Thesis\automation\results_behavior_windows\all_or_nothing\coupling_rl1_c1\raw_runs\map_0067.raw,C:\Users\vchat\Downloads\Vaishnavi_s_Thesis\automation\results_behavior_windows\all_or_nothing\coupling_rl1_c1\raw_runs\map_0067.log,C:\Users\vchat\Downloads\Vaishnavi_s_Thesis\automation\results_behavior_windows\all_or_nothing\coupling_rl1_c1\plots\map_0067.png,,,
68,ok,4000.0,8.000000000000003e-10,C:\Users\vchat\Downloads\Vaishnavi_s_Thesis\automation\results_behavior_windows\all_or_nothing\coupling_rl1_c1\raw_runs\map_0068.raw,C:\Users\vchat\Downloads\Vaishnavi_s_Thesis\automation\results_behavior_windows\all_or_nothing\coupling_rl1_c1\raw_runs\map_0068.log,C:\Users\vchat\Downloads\Vaishnavi_s_Thesis\automation\results_behavior_windows\all_or_nothing\coupling_rl1_c1\plots\map_0068.png,,,
69,ok,4000.0,9.47535937727046e-10,C:\Users\vchat\Downloads\Vaishnavi_s_Thesis\automation\results_behavior_windows\all_or_nothing\coupling_rl1_c1\raw_runs\map_0069.raw,C:\Users\vchat\Downloads\Vaishnavi_s_Thesis\automation\results_behavior_windows\all_or_nothing\coupling_rl1_c1\raw_runs\map_0069.log,C:\Users\vchat\Downloads\Vaishnavi_s_Thesis\automation\results_behavior_windows\all_or_nothing\coupling_rl1_c1\plots\map_0069.png,,,
70,ok,4000.0,1.1222804416053399e-09,C:\Users\vchat\Downloads\Vaishnavi_s_Thesis\automation\results_behavior_windows\all_or_nothing\coupling_rl1_c1\raw_runs\map_0070.raw,C:\Users\vchat\Downloads\Vaishnavi_s_Thesis\automation\results_behavior_windows\all_or_nothing\coupling_rl1_c1\raw_runs\map_0070.log,C:\Users\vchat\Downloads\Vaishnavi_s_Thesis\automation\results_behavior_windows\all_or_nothing\coupling_rl1_c1\plots\map_0070.png,,,
71,ok,4000.0,1.329251313286548e-09,C:\Users\vchat\Downloads\Vaishnavi_s_Thesis\automation\results_behavior_windows\all_or_nothing\coupling_rl1_c1\raw_runs\map_0071.raw,C:\Users\vchat\Downloads\Vaishnavi_s_Thesis\automation\results_behavior_windows\all_or_nothing\coupling_rl1_c1\raw_runs\map_0071.log,C:\Users\vchat\Downloads\Vaishnavi_s_Thesis\automation\results_behavior_windows\all_or_nothing\coupling_rl1_c1\plots\map_0071.png,,,
72,ok,4000.0,1.574391737012345e-09,C:\Users\vchat\Downloads\Vaishnavi_s_Thesis\automation\results_behavior_windows\all_or_nothing\coupling_rl1_c1\raw_runs\map_0072.raw,C:\Users\vchat\Downloads\Vaishnavi_s_Thesis\automation\results_behavior_windows\all_or_nothing\coupling_rl1_c1\raw_runs\map_0072.log,C:\Users\vchat\Downloads\Vaishnavi_s_Thesis\automation\results_behavior_windows\all_or_nothing\coupling_rl1_c1\plots\map_0072.png,,,
73,ok,4000.0,1.8647409385996303e-09,C:\Users\vchat\Downloads\Vaishnavi_s_Thesis\automation\results_behavior_windows\all_or_nothing\coupling_rl1_c1\raw_runs\map_0073.raw,C:\Users\vchat\Downloads\Vaishnavi_s_Thesis\automation\results_behavior_windows\all_or_nothing\coupling_rl1_c1\raw_runs\map_0073.log,C:\Users\vchat\Downloads\Vaishnavi_s_Thesis\automation\results_behavior_windows\all_or_nothing\coupling_rl1_c1\plots\map_0073.png,,,
74,ok,4000.0,2.208636317342515e-09,C:\Users\vchat\Downloads\Vaishnavi_s_Thesis\automation\results_behavior_windows\all_or_nothing\coupling_rl1_c1\raw_runs\map_0074.raw,C:\Users\vchat\Downloads\Vaishnavi_s_Thesis\automation\results_behavior_windows\all_or_nothing\coupling_rl1_c1\raw_runs\map_0074.log,C:\Users\vchat\Downloads\Vaishnavi_s_Thesis\automation\results_behavior_windows\all_or_nothing\coupling_rl1_c1\plots\map_0074.png,,,
75,ok,4000.0,2.6159528550639355e-09,C:\Users\vchat\Downloads\Vaishnavi_s_Thesis\automation\results_behavior_windows\all_or_nothing\coupling_rl1_c1\raw_runs\map_0075.raw,C:\Users\vchat\Downloads\Vaishnavi_s_Thesis\automation\results_behavior_windows\all_or_nothing\coupling_rl1_c1\raw_runs\map_0075.log,C:\Users\vchat\Downloads\Vaishnavi_s_Thesis\automation\results_behavior_windows\all_or_nothing\coupling_rl1_c1\plots\map_0075.png,,,
76,ok,4000.0,3.098386676965935e-09,C:\Users\vchat\Downloads\Vaishnavi_s_Thesis\automation\results_behavior_windows\all_or_nothing\coupling_rl1_c1\raw_runs\map_0076.raw,C:\Users\vchat\Downloads\Vaishnavi_s_Thesis\automation\results_behavior_windows\all_or_nothing\coupling_rl1_c1\raw_runs\map_0076.log,C:\Users\vchat\Downloads\Vaishnavi_s_Thesis\automation\results_behavior_windows\all_or_nothing\coupling_rl1_c1\plots\map_0076.png,,,
77,ok,4000.0,3.6697909067498772e-09,C:\Users\vchat\Downloads\Vaishnavi_s_Thesis\automation\results_behavior_windows\all_or_nothing\coupling_rl1_c1\raw_runs\map_0077.raw,C:\Users\vchat\Downloads\Vaishnavi_s_Thesis\automation\results_behavior_windows\all_or_nothing\coupling_rl1_c1\raw_runs\map_0077.log,C:\Users\vchat\Downloads\Vaishnavi_s_Thesis\automation\results_behavior_windows\all_or_nothing\coupling_rl1_c1\plots\map_0077.png,,,
78,ok,4000.0,4.346573460111787e-09,C:\Users\vchat\Downloads\Vaishnavi_s_Thesis\automation\results_behavior_windows\all_or_nothing\coupling_rl1_c1\raw_runs\map_0078.raw,C:\Users\vchat\Downloads\Vaishnavi_s_Thesis\automation\results_behavior_windows\all_or_nothing\coupling_rl1_c1\raw_runs\map_0078.log,C:\Users\vchat\Downloads\Vaishnavi_s_Thesis\automation\results_behavior_windows\all_or_nothing\coupling_rl1_c1\plots\map_0078.png,,,
79,ok,4000.0,5.148168199283139e-09,C:\Users\vchat\Downloads\Vaishnavi_s_Thesis\automation\results_behavior_windows\all_or_nothing\coupling_rl1_c1\raw_runs\map_0079.raw,C:\Users\vchat\Downloads\Vaishnavi_s_Thesis\automation\results_behavior_windows\all_or_nothing\coupling_rl1_c1\raw_runs\map_0079.log,C:\Users\vchat\Downloads\Vaishnavi_s_Thesis\automation\results_behavior_windows\all_or_nothing\coupling_rl1_c1\plots\map_0079.png,,,
80,ok,4000.0,6.09759297785538e-09,C:\Users\vchat\Downloads\Vaishnavi_s_Thesis\automation\results_behavior_windows\all_or_nothing\coupling_rl1_c1\raw_runs\map_0080.raw,C:\Users\vchat\Downloads\Vaishnavi_s_Thesis\automation\results_behavior_windows\all_or_nothing\coupling_rl1_c1\raw_runs\map_0080.log,C:\Users\vchat\Downloads\Vaishnavi_s_Thesis\automation\results_behavior_windows\all_or_nothing\coupling_rl1_c1\plots\map_0080.png,,,
81,ok,4000.0,7.222110600187557e-09,C:\Users\vchat\Downloads\Vaishnavi_s_Thesis\automation\results_behavior_windows\all_or_nothing\coupling_rl1_c1\raw_runs\map_0081.raw,C:\Users\vchat\Downloads\Vaishnavi_s_Thesis\automation\results_behavior_windows\all_or_nothing\coupling_rl1_c1\raw_runs\map_0081.log,C:\Users\vchat\Downloads\Vaishnavi_s_Thesis\automation\results_behavior_windows\all_or_nothing\coupling_rl1_c1\plots\map_0081.png,,,
82,ok,4000.0,8.55401167489644e-09,C:\Users\vchat\Downloads\Vaishnavi_s_Thesis\automation\results_behavior_windows\all_or_nothing\coupling_rl1_c1\raw_runs\map_0082.raw,C:\Users\vchat\Downloads\Vaishnavi_s_Thesis\automation\results_behavior_windows\all_or_nothing\coupling_rl1_c1\raw_runs\map_0082.log,C:\Users\vchat\Downloads\Vaishnavi_s_Thesis\automation\results_behavior_windows\all_or_nothing\coupling_rl1_c1\plots\map_0082.png,,,
83,ok,4000.0,1.0131541842126369e-08,C:\Users\vchat\Downloads\Vaishnavi_s_Thesis\automation\results_behavior_windows\all_or_nothing\coupling_rl1_c1\raw_runs\map_0083.raw,C:\Users\vchat\Downloads\Vaishnavi_s_Thesis\automation\results_behavior_windows\all_or_nothing\coupling_rl1_c1\raw_runs\map_0083.log,C:\Users\vchat\Downloads\Vaishnavi_s_Thesis\automation\results_behavior_windows\all_or_nothing\coupling_rl1_c1\plots\map_0083.png,,,
84,ok,4000.0,1.2000000000000008e-08,C:\Users\vchat\Downloads\Vaishnavi_s_Thesis\automation\results_behavior_windows\all_or_nothing\coupling_rl1_c1\raw_runs\map_0084.raw,C:\Users\vchat\Downloads\Vaishnavi_s_Thesis\automation\results_behavior_windows\all_or_nothing\coupling_rl1_c1\raw_runs\map_0084.log,C:\Users\vchat\Downloads\Vaishnavi_s_Thesis\automation\results_behavior_windows\all_or_nothing\coupling_rl1_c1\plots\map_0084.png,,,
85,ok,4250.0,8.000000000000003e-10,C:\Users\vchat\Downloads\Vaishnavi_s_Thesis\automation\results_behavior_windows\all_or_nothing\coupling_rl1_c1\raw_runs\map_0085.raw,C:\Users\vchat\Downloads\Vaishnavi_s_Thesis\automation\results_behavior_windows\all_or_nothing\coupling_rl1_c1\raw_runs\map_0085.log,C:\Users\vchat\Downloads\Vaishnavi_s_Thesis\automation\results_behavior_windows\all_or_nothing\coupling_rl1_c1\plots\map_0085.png,,,
86,ok,4250.0,9.47535937727046e-10,C:\Users\vchat\Downloads\Vaishnavi_s_Thesis\automation\results_behavior_windows\all_or_nothing\coupling_rl1_c1\raw_runs\map_0086.raw,C:\Users\vchat\Downloads\Vaishnavi_s_Thesis\automation\results_behavior_windows\all_or_nothing\coupling_rl1_c1\raw_runs\map_0086.log,C:\Users\vchat\Downloads\Vaishnavi_s_Thesis\automation\results_behavior_windows\all_or_nothing\coupling_rl1_c1\plots\map_0086.png,,,
87,ok,4250.0,1.1222804416053399e-09,C:\Users\vchat\Downloads\Vaishnavi_s_Thesis\automation\results_behavior_windows\all_or_nothing\coupling_rl1_c1\raw_runs\map_0087.raw,C:\Users\vchat\Downloads\Vaishnavi_s_Thesis\automation\results_behavior_windows\all_or_nothing\coupling_rl1_c1\raw_runs\map_0087.log,C:\Users\vchat\Downloads\Vaishnavi_s_Thesis\automation\results_behavior_windows\all_or_nothing\coupling_rl1_c1\plots\map_0087.png,,,
88,ok,4250.0,1.329251313286548e-09,C:\Users\vchat\Downloads\Vaishnavi_s_Thesis\automation\results_behavior_windows\all_or_nothing\coupling_rl1_c1\raw_runs\map_0088.raw,C:\Users\vchat\Downloads\Vaishnavi_s_Thesis\automation\results_behavior_windows\all_or_nothing\coupling_rl1_c1\raw_runs\map_0088.log,C:\Users\vchat\Downloads\Vaishnavi_s_Thesis\automation\results_behavior_windows\all_or_nothing\coupling_rl1_c1\plots\map_0088.png,,,
89,ok,4250.0,1.574391737012345e-09,C:\Users\vchat\Downloads\Vaishnavi_s_Thesis\automation\results_behavior_windows\all_or_nothing\coupling_rl1_c1\raw_runs\map_0089.raw,C:\Users\vchat\Downloads\Vaishnavi_s_Thesis\automation\results_behavior_windows\all_or_nothing\coupling_rl1_c1\raw_runs\map_0089.log,C:\Users\vchat\Downloads\Vaishnavi_s_Thesis\automation\results_behavior_windows\all_or_nothing\coupling_rl1_c1\plots\map_0089.png,,,
90,ok,4250.0,1.8647409385996303e-09,C:\Users\vchat\Downloads\Vaishnavi_s_Thesis\automation\results_behavior_windows\all_or_nothing\coupling_rl1_c1\raw_runs\map_0090.raw,C:\Users\vchat\Downloads\Vaishnavi_s_Thesis\automation\results_behavior_windows\all_or_nothing\coupling_rl1_c1\raw_runs\map_0090.log,C:\Users\vchat\Downloads\Vaishnavi_s_Thesis\automation\results_behavior_windows\all_or_nothing\coupling_rl1_c1\plots\map_0090.png,,,
91,ok,4250.0,2.208636317342515e-09,C:\Users\vchat\Downloads\Vaishnavi_s_Thesis\automation\results_behavior_windows\all_or_nothing\coupling_rl1_c1\raw_runs\map_0091.raw,C:\Users\vchat\Downloads\Vaishnavi_s_Thesis\automation\results_behavior_windows\all_or_nothing\coupling_rl1_c1\raw_runs\map_0091.log,C:\Users\vchat\Downloads\Vaishnavi_s_Thesis\automation\results_behavior_windows\all_or_nothing\coupling_rl1_c1\plots\map_0091.png,,,
92,ok,4250.0,2.6159528550639355e-09,C:\Users\vchat\Downloads\Vaishnavi_s_Thesis\automation\results_behavior_windows\all_or_nothing\coupling_rl1_c1\raw_runs\map_0092.raw,C:\Users\vchat\Downloads\Vaishnavi_s_Thesis\automation\results_behavior_windows\all_or_nothing\coupling_rl1_c1\raw_runs\map_0092.log,C:\Users\vchat\Downloads\Vaishnavi_s_Thesis\automation\results_behavior_windows\all_or_nothing\coupling_rl1_c1\plots\map_0092.png,,,
93,ok,4250.0,3.098386676965935e-09,C:\Users\vchat\Downloads\Vaishnavi_s_Thesis\automation\results_behavior_windows\all_or_nothing\coupling_rl1_c1\raw_runs\map_0093.raw,C:\Users\vchat\Downloads\Vaishnavi_s_Thesis\automation\results_behavior_windows\all_or_nothing\coupling_rl1_c1\raw_runs\map_0093.log,C:\Users\vchat\Downloads\Vaishnavi_s_Thesis\automation\results_behavior_windows\all_or_nothing\coupling_rl1_c1\plots\map_0093.png,,,
94,ok,4250.0,3.6697909067498772e-09,C:\Users\vchat\Downloads\Vaishnavi_s_Thesis\automation\results_behavior_windows\all_or_nothing\coupling_rl1_c1\raw_runs\map_0094.raw,C:\Users\vchat\Downloads\Vaishnavi_s_Thesis\automation\results_behavior_windows\all_or_nothing\coupling_rl1_c1\raw_runs\map_0094.log,C:\Users\vchat\Downloads\Vaishnavi_s_Thesis\automation\results_behavior_windows\all_or_nothing\coupling_rl1_c1\plots\map_0094.png,,,
95,ok,4250.0,4.346573460111787e-09,C:\Users\vchat\Downloads\Vaishnavi_s_Thesis\automation\results_behavior_windows\all_or_nothing\coupling_rl1_c1\raw_runs\map_0095.raw,C:\Users\vchat\Downloads\Vaishnavi_s_Thesis\automation\results_behavior_windows\all_or_nothing\coupling_rl1_c1\raw_runs\map_0095.log,C:\Users\vchat\Downloads\Vaishnavi_s_Thesis\automation\results_behavior_windows\all_or_nothing\coupling_rl1_c1\plots\map_0095.png,,,
96,ok,4250.0,5.148168199283139e-09,C:\Users\vchat\Downloads\Vaishnavi_s_Thesis\automation\results_behavior_windows\all_or_nothing\coupling_rl1_c1\raw_runs\map_0096.raw,C:\Users\vchat\Downloads\Vaishnavi_s_Thesis\automation\results_behavior_windows\all_or_nothing\coupling_rl1_c1\raw_runs\map_0096.log,C:\Users\vchat\Downloads\Vaishnavi_s_Thesis\automation\results_behavior_windows\all_or_nothing\coupling_rl1_c1\plots\map_0096.png,,,
97,ok,4250.0,6.09759297785538e-09,C:\Users\vchat\Downloads\Vaishnavi_s_Thesis\automation\results_behavior_windows\all_or_nothing\coupling_rl1_c1\raw_runs\map_0097.raw,C:\Users\vchat\Downloads\Vaishnavi_s_Thesis\automation\results_behavior_windows\all_or_nothing\coupling_rl1_c1\raw_runs\map_0097.log,C:\Users\vchat\Downloads\Vaishnavi_s_Thesis\automation\results_behavior_windows\all_or_nothing\coupling_rl1_c1\plots\map_0097.png,,,
98,ok,4250.0,7.222110600187557e-09,C:\Users\vchat\Downloads\Vaishnavi_s_Thesis\automation\results_behavior_windows\all_or_nothing\coupling_rl1_c1\raw_runs\map_0098.raw,C:\Users\vchat\Downloads\Vaishnavi_s_Thesis\automation\results_behavior_windows\all_or_nothing\coupling_rl1_c1\raw_runs\map_0098.log,C:\Users\vchat\Downloads\Vaishnavi_s_Thesis\automation\results_behavior_windows\all_or_nothing\coupling_rl1_c1\plots\map_0098.png,,,
99,ok,4250.0,8.55401167489644e-09,C:\Users\vchat\Downloads\Vaishnavi_s_Thesis\automation\results_behavior_windows\all_or_nothing\coupling_rl1_c1\raw_runs\map_0099.raw,C:\Users\vchat\Downloads\Vaishnavi_s_Thesis\automation\results_behavior_windows\all_or_nothing\coupling_rl1_c1\raw_runs\map_0099.log,C:\Users\vchat\Downloads\Vaishnavi_s_Thesis\automation\results_behavior_windows\all_or_nothing\coupling_rl1_c1\plots\map_0099.png,,,
100,ok,4250.0,1.0131541842126369e-08,C:\Users\vchat\Downloads\Vaishnavi_s_Thesis\automation\results_behavior_windows\all_or_nothing\coupling_rl1_c1\raw_runs\map_0100.raw,C:\Users\vchat\Downloads\Vaishnavi_s_Thesis\automation\results_behavior_windows\all_or_nothing\coupling_rl1_c1\raw_runs\map_0100.log,C:\Users\vchat\Downloads\Vaishnavi_s_Thesis\automation\results_behavior_windows\all_or_nothing\coupling_rl1_c1\plots\map_0100.png,,,
101,ok,4250.0,1.2000000000000008e-08,C:\Users\vchat\Downloads\Vaishnavi_s_Thesis\automation\results_behavior_windows\all_or_nothing\coupling_rl1_c1\raw_runs\map_0101.raw,C:\Users\vchat\Downloads\Vaishnavi_s_Thesis\automation\results_behavior_windows\all_or_nothing\coupling_rl1_c1\raw_runs\map_0101.log,C:\Users\vchat\Downloads\Vaishnavi_s_Thesis\automation\results_behavior_windows\all_or_nothing\coupling_rl1_c1\plots\map_0101.png,,,
102,ok,4500.0,8.000000000000003e-10,C:\Users\vchat\Downloads\Vaishnavi_s_Thesis\automation\results_behavior_windows\all_or_nothing\coupling_rl1_c1\raw_runs\map_0102.raw,C:\Users\vchat\Downloads\Vaishnavi_s_Thesis\automation\results_behavior_windows\all_or_nothing\coupling_rl1_c1\raw_runs\map_0102.log,C:\Users\vchat\Downloads\Vaishnavi_s_Thesis\automation\results_behavior_windows\all_or_nothing\coupling_rl1_c1\plots\map_0102.png,,,
103,ok,4500.0,9.47535937727046e-10,C:\Users\vchat\Downloads\Vaishnavi_s_Thesis\automation\results_behavior_windows\all_or_nothing\coupling_rl1_c1\raw_runs\map_0103.raw,C:\Users\vchat\Downloads\Vaishnavi_s_Thesis\automation\results_behavior_windows\all_or_nothing\coupling_rl1_c1\raw_runs\map_0103.log,C:\Users\vchat\Downloads\Vaishnavi_s_Thesis\automation\results_behavior_windows\all_or_nothing\coupling_rl1_c1\plots\map_0103.png,,,
104,ok,4500.0,1.1222804416053399e-09,C:\Users\vchat\Downloads\Vaishnavi_s_Thesis\automation\results_behavior_windows\all_or_nothing\coupling_rl1_c1\raw_runs\map_0104.raw,C:\Users\vchat\Downloads\Vaishnavi_s_Thesis\automation\results_behavior_windows\all_or_nothing\coupling_rl1_c1\raw_runs\map_0104.log,C:\Users\vchat\Downloads\Vaishnavi_s_Thesis\automation\results_behavior_windows\all_or_nothing\coupling_rl1_c1\plots\map_0104.png,,,
105,ok,4500.0,1.329251313286548e-09,C:\Users\vchat\Downloads\Vaishnavi_s_Thesis\automation\results_behavior_windows\all_or_nothing\coupling_rl1_c1\raw_runs\map_0105.raw,C:\Users\vchat\Downloads\Vaishnavi_s_Thesis\automation\results_behavior_windows\all_or_nothing\coupling_rl1_c1\raw_runs\map_0105.log,C:\Users\vchat\Downloads\Vaishnavi_s_Thesis\automation\results_behavior_windows\all_or_nothing\coupling_rl1_c1\plots\map_0105.png,,,
106,ok,4500.0,1.574391737012345e-09,C:\Users\vchat\Downloads\Vaishnavi_s_Thesis\automation\results_behavior_windows\all_or_nothing\coupling_rl1_c1\raw_runs\map_0106.raw,C:\Users\vchat\Downloads\Vaishnavi_s_Thesis\automation\results_behavior_windows\all_or_nothing\coupling_rl1_c1\raw_runs\map_0106.log,C:\Users\vchat\Downloads\Vaishnavi_s_Thesis\automation\results_behavior_windows\all_or_nothing\coupling_rl1_c1\plots\map_0106.png,,,
107,ok,4500.0,1.8647409385996303e-09,C:\Users\vchat\Downloads\Vaishnavi_s_Thesis\automation\results_behavior_windows\all_or_nothing\coupling_rl1_c1\raw_runs\map_0107.raw,C:\Users\vchat\Downloads\Vaishnavi_s_Thesis\automation\results_behavior_windows\all_or_nothing\coupling_rl1_c1\raw_runs\map_0107.log,C:\Users\vchat\Downloads\Vaishnavi_s_Thesis\automation\results_behavior_windows\all_or_nothing\coupling_rl1_c1\plots\map_0107.png,,,
108,ok,4500.0,2.208636317342515e-09,C:\Users\vchat\Downloads\Vaishnavi_s_Thesis\automation\results_behavior_windows\all_or_nothing\coupling_rl1_c1\raw_runs\map_0108.raw,C:\Users\vchat\Downloads\Vaishnavi_s_Thesis\automation\results_behavior_windows\all_or_nothing\coupling_rl1_c1\raw_runs\map_0108.log,C:\Users\vchat\Downloads\Vaishnavi_s_Thesis\automation\results_behavior_windows\all_or_nothing\coupling_rl1_c1\plots\map_0108.png,,,
109,ok,4500.0,2.6159528550639355e-09,C:\Users\vchat\Downloads\Vaishnavi_s_Thesis\automation\results_behavior_windows\all_or_nothing\coupling_rl1_c1\raw_runs\map_0109.raw,C:\Users\vchat\Downloads\Vaishnavi_s_Thesis\automation\results_behavior_windows\all_or_nothing\coupling_rl1_c1\raw_runs\map_0109.log,C:\Users\vchat\Downloads\Vaishnavi_s_Thesis\automation\results_behavior_windows\all_or_nothing\coupling_rl1_c1\plots\map_0109.png,,,
110,ok,4500.0,3.098386676965935e-09,C:\Users\vchat\Downloads\Vaishnavi_s_Thesis\automation\results_behavior_windows\all_or_nothing\coupling_rl1_c1\raw_runs\map_0110.raw,C:\Users\vchat\Downloads\Vaishnavi_s_Thesis\automation\results_behavior_windows\all_or_nothing\coupling_rl1_c1\raw_runs\map_0110.log,C:\Users\vchat\Downloads\Vaishnavi_s_Thesis\automation\results_behavior_windows\all_or_nothing\coupling_rl1_c1\plots\map_0110.png,,,
111,ok,4500.0,3.6697909067498772e-09,C:\Users\vchat\Downloads\Vaishnavi_s_Thesis\automation\results_behavior_windows\all_or_nothing\coupling_rl1_c1\raw_runs\map_0111.raw,C:\Users\vchat\Downloads\Vaishnavi_s_Thesis\automation\results_behavior_windows\all_or_nothing\coupling_rl1_c1\raw_runs\map_0111.log,C:\Users\vchat\Downloads\Vaishnavi_s_Thesis\automation\results_behavior_windows\all_or_nothing\coupling_rl1_c1\plots\map_0111.png,,,
112,ok,4500.0,4.346573460111787e-09,C:\Users\vchat\Downloads\Vaishnavi_s_Thesis\automation\results_behavior_windows\all_or_nothing\coupling_rl1_c1\raw_runs\map_0112.raw,C:\Users\vchat\Downloads\Vaishnavi_s_Thesis\automation\results_behavior_windows\all_or_nothing\coupling_rl1_c1\raw_runs\map_0112.log,C:\Users\vchat\Downloads\Vaishnavi_s_Thesis\automation\results_behavior_windows\all_or_nothing\coupling_rl1_c1\plots\map_0112.png,,,
113,ok,4500.0,5.148168199283139e-09,C:\Users\vchat\Downloads\Vaishnavi_s_Thesis\automation\results_behavior_windows\all_or_nothing\coupling_rl1_c1\raw_runs\map_0113.raw,C:\Users\vchat\Downloads\Vaishnavi_s_Thesis\automation\results_behavior_windows\all_or_nothing\coupling_rl1_c1\raw_runs\map_0113.log,C:\Users\vchat\Downloads\Vaishnavi_s_Thesis\automation\results_behavior_windows\all_or_nothing\coupling_rl1_c1\plots\map_0113.png,,,
114,ok,4500.0,6.09759297785538e-09,C:\Users\vchat\Downloads\Vaishnavi_s_Thesis\automation\results_behavior_windows\all_or_nothing\coupling_rl1_c1\raw_runs\map_0114.raw,C:\Users\vchat\Downloads\Vaishnavi_s_Thesis\automation\results_behavior_windows\all_or_nothing\coupling_rl1_c1\raw_runs\map_0114.log,C:\Users\vchat\Downloads\Vaishnavi_s_Thesis\automation\results_behavior_windows\all_or_nothing\coupling_rl1_c1\plots\map_0114.png,,,
115,ok,4500.0,7.222110600187557e-09,C:\Users\vchat\Downloads\Vaishnavi_s_Thesis\automation\results_behavior_windows\all_or_nothing\coupling_rl1_c1\raw_runs\map_0115.raw,C:\Users\vchat\Downloads\Vaishnavi_s_Thesis\automation\results_behavior_windows\all_or_nothing\coupling_rl1_c1\raw_runs\map_0115.log,C:\Users\vchat\Downloads\Vaishnavi_s_Thesis\automation\results_behavior_windows\all_or_nothing\coupling_rl1_c1\plots\map_0115.png,,,
116,ok,4500.0,8.55401167489644e-09,C:\Users\vchat\Downloads\Vaishnavi_s_Thesis\automation\results_behavior_windows\all_or_nothing\coupling_rl1_c1\raw_runs\map_0116.raw,C:\Users\vchat\Downloads\Vaishnavi_s_Thesis\automation\results_behavior_windows\all_or_nothing\coupling_rl1_c1\raw_runs\map_0116.log,C:\Users\vchat\Downloads\Vaishnavi_s_Thesis\automation\results_behavior_windows\all_or_nothing\coupling_rl1_c1\plots\map_0116.png,,,
117,ok,4500.0,1.0131541842126369e-08,C:\Users\vchat\Downloads\Vaishnavi_s_Thesis\automation\results_behavior_windows\all_or_nothing\coupling_rl1_c1\raw_runs\map_0117.raw,C:\Users\vchat\Downloads\Vaishnavi_s_Thesis\automation\results_behavior_windows\all_or_nothing\coupling_rl1_c1\raw_runs\map_0117.log,C:\Users\vchat\Downloads\Vaishnavi_s_Thesis\automation\results_behavior_windows\all_or_nothing\coupling_rl1_c1\plots\map_0117.png,,,
118,ok,4500.0,1.2000000000000008e-08,C:\Users\vchat\Downloads\Vaishnavi_s_Thesis\automation\results_behavior_windows\all_or_nothing\coupling_rl1_c1\raw_runs\map_0118.raw,C:\Users\vchat\Downloads\Vaishnavi_s_Thesis\automation\results_behavior_windows\all_or_nothing\coupling_rl1_c1\raw_runs\map_0118.log,C:\Users\vchat\Downloads\Vaishnavi_s_Thesis\automation\results_behavior_windows\all_or_nothing\coupling_rl1_c1\plots\map_0118.png,,,
119,ok,4750.0,8.000000000000003e-10,C:\Users\vchat\Downloads\Vaishnavi_s_Thesis\automation\results_behavior_windows\all_or_nothing\coupling_rl1_c1\raw_runs\map_0119.raw,C:\Users\vchat\Downloads\Vaishnavi_s_Thesis\automation\results_behavior_windows\all_or_nothing\coupling_rl1_c1\raw_runs\map_0119.log,C:\Users\vchat\Downloads\Vaishnavi_s_Thesis\automation\results_behavior_windows\all_or_nothing\coupling_rl1_c1\plots\map_0119.png,,,
120,ok,4750.0,9.47535937727046e-10,C:\Users\vchat\Downloads\Vaishnavi_s_Thesis\automation\results_behavior_windows\all_or_nothing\coupling_rl1_c1\raw_runs\map_0120.raw,C:\Users\vchat\Downloads\Vaishnavi_s_Thesis\automation\results_behavior_windows\all_or_nothing\coupling_rl1_c1\raw_runs\map_0120.log,C:\Users\vchat\Downloads\Vaishnavi_s_Thesis\automation\results_behavior_windows\all_or_nothing\coupling_rl1_c1\plots\map_0120.png,,,
121,failed,4750.0,1.1222804416053399e-09,,,,,,"argument should be a str or an os.PathLike object where __fspath__ returns a str, not 'NoneType'"
122,ok,4750.0,1.329251313286548e-09,C:\Users\vchat\Downloads\Vaishnavi_s_Thesis\automation\results_behavior_windows\all_or_nothing\coupling_rl1_c1\raw_runs\map_0122.raw,C:\Users\vchat\Downloads\Vaishnavi_s_Thesis\automation\results_behavior_windows\all_or_nothing\coupling_rl1_c1\raw_runs\map_0122.log,C:\Users\vchat\Downloads\Vaishnavi_s_Thesis\automation\results_behavior_windows\all_or_nothing\coupling_rl1_c1\plots\map_0122.png,,,
123,ok,4750.0,1.574391737012345e-09,C:\Users\vchat\Downloads\Vaishnavi_s_Thesis\automation\results_behavior_windows\all_or_nothing\coupling_rl1_c1\raw_runs\map_0123.raw,C:\Users\vchat\Downloads\Vaishnavi_s_Thesis\automation\results_behavior_windows\all_or_nothing\coupling_rl1_c1\raw_runs\map_0123.log,C:\Users\vchat\Downloads\Vaishnavi_s_Thesis\automation\results_behavior_windows\all_or_nothing\coupling_rl1_c1\plots\map_0123.png,,,
124,ok,4750.0,1.8647409385996303e-09,C:\Users\vchat\Downloads\Vaishnavi_s_Thesis\automation\results_behavior_windows\all_or_nothing\coupling_rl1_c1\raw_runs\map_0124.raw,C:\Users\vchat\Downloads\Vaishnavi_s_Thesis\automation\results_behavior_windows\all_or_nothing\coupling_rl1_c1\raw_runs\map_0124.log,C:\Users\vchat\Downloads\Vaishnavi_s_Thesis\automation\results_behavior_windows\all_or_nothing\coupling_rl1_c1\plots\map_0124.png,,,
125,ok,4750.0,2.208636317342515e-09,C:\Users\vchat\Downloads\Vaishnavi_s_Thesis\automation\results_behavior_windows\all_or_nothing\coupling_rl1_c1\raw_runs\map_0125.raw,C:\Users\vchat\Downloads\Vaishnavi_s_Thesis\automation\results_behavior_windows\all_or_nothing\coupling_rl1_c1\raw_runs\map_0125.log,C:\Users\vchat\Downloads\Vaishnavi_s_Thesis\automation\results_behavior_windows\all_or_nothing\coupling_rl1_c1\plots\map_0125.png,,,
126,ok,4750.0,2.6159528550639355e-09,C:\Users\vchat\Downloads\Vaishnavi_s_Thesis\automation\results_behavior_windows\all_or_nothing\coupling_rl1_c1\raw_runs\map_0126.raw,C:\Users\vchat\Downloads\Vaishnavi_s_Thesis\automation\results_behavior_windows\all_or_nothing\coupling_rl1_c1\raw_runs\map_0126.log,C:\Users\vchat\Downloads\Vaishnavi_s_Thesis\automation\results_behavior_windows\all_or_nothing\coupling_rl1_c1\plots\map_0126.png,,,
127,ok,4750.0,3.098386676965935e-09,C:\Users\vchat\Downloads\Vaishnavi_s_Thesis\automation\results_behavior_windows\all_or_nothing\coupling_rl1_c1\raw_runs\map_0127.raw,C:\Users\vchat\Downloads\Vaishnavi_s_Thesis\automation\results_behavior_windows\all_or_nothing\coupling_rl1_c1\raw_runs\map_0127.log,C:\Users\vchat\Downloads\Vaishnavi_s_Thesis\automation\results_behavior_windows\all_or_nothing\coupling_rl1_c1\plots\map_0127.png,,,
128,ok,4750.0,3.6697909067498772e-09,C:\Users\vchat\Downloads\Vaishnavi_s_Thesis\automation\results_behavior_windows\all_or_nothing\coupling_rl1_c1\raw_runs\map_0128.raw,C:\Users\vchat\Downloads\Vaishnavi_s_Thesis\automation\results_behavior_windows\all_or_nothing\coupling_rl1_c1\raw_runs\map_0128.log,C:\Users\vchat\Downloads\Vaishnavi_s_Thesis\automation\results_behavior_windows\all_or_nothing\coupling_rl1_c1\plots\map_0128.png,,,
129,ok,4750.0,4.346573460111787e-09,C:\Users\vchat\Downloads\Vaishnavi_s_Thesis\automation\results_behavior_windows\all_or_nothing\coupling_rl1_c1\raw_runs\map_0129.raw,C:\Users\vchat\Downloads\Vaishnavi_s_Thesis\automation\results_behavior_windows\all_or_nothing\coupling_rl1_c1\raw_runs\map_0129.log,C:\Users\vchat\Downloads\Vaishnavi_s_Thesis\automation\results_behavior_windows\all_or_nothing\coupling_rl1_c1\plots\map_0129.png,,,
130,ok,4750.0,5.148168199283139e-09,C:\Users\vchat\Downloads\Vaishnavi_s_Thesis\automation\results_behavior_windows\all_or_nothing\coupling_rl1_c1\raw_runs\map_0130.raw,C:\Users\vchat\Downloads\Vaishnavi_s_Thesis\automation\results_behavior_windows\all_or_nothing\coupling_rl1_c1\raw_runs\map_0130.log,C:\Users\vchat\Downloads\Vaishnavi_s_Thesis\automation\results_behavior_windows\all_or_nothing\coupling_rl1_c1\plots\map_0130.png,,,
131,ok,4750.0,6.09759297785538e-09,C:\Users\vchat\Downloads\Vaishnavi_s_Thesis\automation\results_behavior_windows\all_or_nothing\coupling_rl1_c1\raw_runs\map_0131.raw,C:\Users\vchat\Downloads\Vaishnavi_s_Thesis\automation\results_behavior_windows\all_or_nothing\coupling_rl1_c1\raw_runs\map_0131.log,C:\Users\vchat\Downloads\Vaishnavi_s_Thesis\automation\results_behavior_windows\all_or_nothing\coupling_rl1_c1\plots\map_0131.png,,,
132,ok,4750.0,7.222110600187557e-09,C:\Users\vchat\Downloads\Vaishnavi_s_Thesis\automation\results_behavior_windows\all_or_nothing\coupling_rl1_c1\raw_runs\map_0132.raw,C:\Users\vchat\Downloads\Vaishnavi_s_Thesis\automation\results_behavior_windows\all_or_nothing\coupling_rl1_c1\raw_runs\map_0132.log,C:\Users\vchat\Downloads\Vaishnavi_s_Thesis\automation\results_behavior_windows\all_or_nothing\coupling_rl1_c1\plots\map_0132.png,,,
133,ok,4750.0,8.55401167489644e-09,C:\Users\vchat\Downloads\Vaishnavi_s_Thesis\automation\results_behavior_windows\all_or_nothing\coupling_rl1_c1\raw_runs\map_0133.raw,C:\Users\vchat\Downloads\Vaishnavi_s_Thesis\automation\results_behavior_windows\all_or_nothing\coupling_rl1_c1\raw_runs\map_0133.log,C:\Users\vchat\Downloads\Vaishnavi_s_Thesis\automation\results_behavior_windows\all_or_nothing\coupling_rl1_c1\plots\map_0133.png,,,
134,ok,4750.0,1.0131541842126369e-08,C:\Users\vchat\Downloads\Vaishnavi_s_Thesis\automation\results_behavior_windows\all_or_nothing\coupling_rl1_c1\raw_runs\map_0134.raw,C:\Users\vchat\Downloads\Vaishnavi_s_Thesis\automation\results_behavior_windows\all_or_nothing\coupling_rl1_c1\raw_runs\map_0134.log,C:\Users\vchat\Downloads\Vaishnavi_s_Thesis\automation\results_behavior_windows\all_or_nothing\coupling_rl1_c1\plots\map_0134.png,,,
135,ok,4750.0,1.2000000000000008e-08,C:\Users\vchat\Downloads\Vaishnavi_s_Thesis\automation\results_behavior_windows\all_or_nothing\coupling_rl1_c1\raw_runs\map_0135.raw,C:\Users\vchat\Downloads\Vaishnavi_s_Thesis\automation\results_behavior_windows\all_or_nothing\coupling_rl1_c1\raw_runs\map_0135.log,C:\Users\vchat\Downloads\Vaishnavi_s_Thesis\automation\results_behavior_windows\all_or_nothing\coupling_rl1_c1\plots\map_0135.png,,,
136,ok,5000.0,8.000000000000003e-10,C:\Users\vchat\Downloads\Vaishnavi_s_Thesis\automation\results_behavior_windows\all_or_nothing\coupling_rl1_c1\raw_runs\map_0136.raw,C:\Users\vchat\Downloads\Vaishnavi_s_Thesis\automation\results_behavior_windows\all_or_nothing\coupling_rl1_c1\raw_runs\map_0136.log,C:\Users\vchat\Downloads\Vaishnavi_s_Thesis\automation\results_behavior_windows\all_or_nothing\coupling_rl1_c1\plots\map_0136.png,,,
137,ok,5000.0,9.47535937727046e-10,C:\Users\vchat\Downloads\Vaishnavi_s_Thesis\automation\results_behavior_windows\all_or_nothing\coupling_rl1_c1\raw_runs\map_0137.raw,C:\Users\vchat\Downloads\Vaishnavi_s_Thesis\automation\results_behavior_windows\all_or_nothing\coupling_rl1_c1\raw_runs\map_0137.log,C:\Users\vchat\Downloads\Vaishnavi_s_Thesis\automation\results_behavior_windows\all_or_nothing\coupling_rl1_c1\plots\map_0137.png,,,
138,ok,5000.0,1.1222804416053399e-09,C:\Users\vchat\Downloads\Vaishnavi_s_Thesis\automation\results_behavior_windows\all_or_nothing\coupling_rl1_c1\raw_runs\map_0138.raw,C:\Users\vchat\Downloads\Vaishnavi_s_Thesis\automation\results_behavior_windows\all_or_nothing\coupling_rl1_c1\raw_runs\map_0138.log,C:\Users\vchat\Downloads\Vaishnavi_s_Thesis\automation\results_behavior_windows\all_or_nothing\coupling_rl1_c1\plots\map_0138.png,,,
139,ok,5000.0,1.329251313286548e-09,C:\Users\vchat\Downloads\Vaishnavi_s_Thesis\automation\results_behavior_windows\all_or_nothing\coupling_rl1_c1\raw_runs\map_0139.raw,C:\Users\vchat\Downloads\Vaishnavi_s_Thesis\automation\results_behavior_windows\all_or_nothing\coupling_rl1_c1\raw_runs\map_0139.log,C:\Users\vchat\Downloads\Vaishnavi_s_Thesis\automation\results_behavior_windows\all_or_nothing\coupling_rl1_c1\plots\map_0139.png,,,
140,ok,5000.0,1.574391737012345e-09,C:\Users\vchat\Downloads\Vaishnavi_s_Thesis\automation\results_behavior_windows\all_or_nothing\coupling_rl1_c1\raw_runs\map_0140.raw,C:\Users\vchat\Downloads\Vaishnavi_s_Thesis\automation\results_behavior_windows\all_or_nothing\coupling_rl1_c1\raw_runs\map_0140.log,C:\Users\vchat\Downloads\Vaishnavi_s_Thesis\automation\results_behavior_windows\all_or_nothing\coupling_rl1_c1\plots\map_0140.png,,,
141,ok,5000.0,1.8647409385996303e-09,C:\Users\vchat\Downloads\Vaishnavi_s_Thesis\automation\results_behavior_windows\all_or_nothing\coupling_rl1_c1\raw_runs\map_0141.raw,C:\Users\vchat\Downloads\Vaishnavi_s_Thesis\automation\results_behavior_windows\all_or_nothing\coupling_rl1_c1\raw_runs\map_0141.log,C:\Users\vchat\Downloads\Vaishnavi_s_Thesis\automation\results_behavior_windows\all_or_nothing\coupling_rl1_c1\plots\map_0141.png,,,
142,ok,5000.0,2.208636317342515e-09,C:\Users\vchat\Downloads\Vaishnavi_s_Thesis\automation\results_behavior_windows\all_or_nothing\coupling_rl1_c1\raw_runs\map_0142.raw,C:\Users\vchat\Downloads\Vaishnavi_s_Thesis\automation\results_behavior_windows\all_or_nothing\coupling_rl1_c1\raw_runs\map_0142.log,C:\Users\vchat\Downloads\Vaishnavi_s_Thesis\automation\results_behavior_windows\all_or_nothing\coupling_rl1_c1\plots\map_0142.png,,,
143,ok,5000.0,2.6159528550639355e-09,C:\Users\vchat\Downloads\Vaishnavi_s_Thesis\automation\results_behavior_windows\all_or_nothing\coupling_rl1_c1\raw_runs\map_0143.raw,C:\Users\vchat\Downloads\Vaishnavi_s_Thesis\automation\results_behavior_windows\all_or_nothing\coupling_rl1_c1\raw_runs\map_0143.log,C:\Users\vchat\Downloads\Vaishnavi_s_Thesis\automation\results_behavior_windows\all_or_nothing\coupling_rl1_c1\plots\map_0143.png,,,
144,ok,5000.0,3.098386676965935e-09,C:\Users\vchat\Downloads\Vaishnavi_s_Thesis\automation\results_behavior_windows\all_or_nothing\coupling_rl1_c1\raw_runs\map_0144.raw,C:\Users\vchat\Downloads\Vaishnavi_s_Thesis\automation\results_behavior_windows\all_or_nothing\coupling_rl1_c1\raw_runs\map_0144.log,C:\Users\vchat\Downloads\Vaishnavi_s_Thesis\automation\results_behavior_windows\all_or_nothing\coupling_rl1_c1\plots\map_0144.png,,,
145,ok,5000.0,3.6697909067498772e-09,C:\Users\vchat\Downloads\Vaishnavi_s_Thesis\automation\results_behavior_windows\all_or_nothing\coupling_rl1_c1\raw_runs\map_0145.raw,C:\Users\vchat\Downloads\Vaishnavi_s_Thesis\automation\results_behavior_windows\all_or_nothing\coupling_rl1_c1\raw_runs\map_0145.log,C:\Users\vchat\Downloads\Vaishnavi_s_Thesis\automation\results_behavior_windows\all_or_nothing\coupling_rl1_c1\plots\map_0145.png,,,
146,ok,5000.0,4.346573460111787e-09,C:\Users\vchat\Downloads\Vaishnavi_s_Thesis\automation\results_behavior_windows\all_or_nothing\coupling_rl1_c1\raw_runs\map_0146.raw,C:\Users\vchat\Downloads\Vaishnavi_s_Thesis\automation\results_behavior_windows\all_or_nothing\coupling_rl1_c1\raw_runs\map_0146.log,C:\Users\vchat\Downloads\Vaishnavi_s_Thesis\automation\results_behavior_windows\all_or_nothing\coupling_rl1_c1\plots\map_0146.png,,,
147,ok,5000.0,5.148168199283139e-09,C:\Users\vchat\Downloads\Vaishnavi_s_Thesis\automation\results_behavior_windows\all_or_nothing\coupling_rl1_c1\raw_runs\map_0147.raw,C:\Users\vchat\Downloads\Vaishnavi_s_Thesis\automation\results_behavior_windows\all_or_nothing\coupling_rl1_c1\raw_runs\map_0147.log,C:\Users\vchat\Downloads\Vaishnavi_s_Thesis\automation\results_behavior_windows\all_or_nothing\coupling_rl1_c1\plots\map_0147.png,,,
148,ok,5000.0,6.09759297785538e-09,C:\Users\vchat\Downloads\Vaishnavi_s_Thesis\automation\results_behavior_windows\all_or_nothing\coupling_rl1_c1\raw_runs\map_0148.raw,C:\Users\vchat\Downloads\Vaishnavi_s_Thesis\automation\results_behavior_windows\all_or_nothing\coupling_rl1_c1\raw_runs\map_0148.log,C:\Users\vchat\Downloads\Vaishnavi_s_Thesis\automation\results_behavior_windows\all_or_nothing\coupling_rl1_c1\plots\map_0148.png,,,
149,ok,5000.0,7.222110600187557e-09,C:\Users\vchat\Downloads\Vaishnavi_s_Thesis\automation\results_behavior_windows\all_or_nothing\coupling_rl1_c1\raw_runs\map_0149.raw,C:\Users\vchat\Downloads\Vaishnavi_s_Thesis\automation\results_behavior_windows\all_or_nothing\coupling_rl1_c1\raw_runs\map_0149.log,C:\Users\vchat\Downloads\Vaishnavi_s_Thesis\automation\results_behavior_windows\all_or_nothing\coupling_rl1_c1\plots\map_0149.png,,,
150,ok,5000.0,8.55401167489644e-09,C:\Users\vchat\Downloads\Vaishnavi_s_Thesis\automation\results_behavior_windows\all_or_nothing\coupling_rl1_c1\raw_runs\map_0150.raw,C:\Users\vchat\Downloads\Vaishnavi_s_Thesis\automation\results_behavior_windows\all_or_nothing\coupling_rl1_c1\raw_runs\map_0150.log,C:\Users\vchat\Downloads\Vaishnavi_s_Thesis\automation\results_behavior_windows\all_or_nothing\coupling_rl1_c1\plots\map_0150.png,,,
151,ok,5000.0,1.0131541842126369e-08,C:\Users\vchat\Downloads\Vaishnavi_s_Thesis\automation\results_behavior_windows\all_or_nothing\coupling_rl1_c1\raw_runs\map_0151.raw,C:\Users\vchat\Downloads\Vaishnavi_s_Thesis\automation\results_behavior_windows\all_or_nothing\coupling_rl1_c1\raw_runs\map_0151.log,C:\Users\vchat\Downloads\Vaishnavi_s_Thesis\automation\results_behavior_windows\all_or_nothing\coupling_rl1_c1\plots\map_0151.png,,,
152,ok,5000.0,1.2000000000000008e-08,C:\Users\vchat\Downloads\Vaishnavi_s_Thesis\automation\results_behavior_windows\all_or_nothing\coupling_rl1_c1\raw_runs\map_0152.raw,C:\Users\vchat\Downloads\Vaishnavi_s_Thesis\automation\results_behavior_windows\all_or_nothing\coupling_rl1_c1\raw_runs\map_0152.log,C:\Users\vchat\Downloads\Vaishnavi_s_Thesis\automation\results_behavior_windows\all_or_nothing\coupling_rl1_c1\plots\map_0152.png,,,
153,ok,5250.0,8.000000000000003e-10,C:\Users\vchat\Downloads\Vaishnavi_s_Thesis\automation\results_behavior_windows\all_or_nothing\coupling_rl1_c1\raw_runs\map_0153.raw,C:\Users\vchat\Downloads\Vaishnavi_s_Thesis\automation\results_behavior_windows\all_or_nothing\coupling_rl1_c1\raw_runs\map_0153.log,C:\Users\vchat\Downloads\Vaishnavi_s_Thesis\automation\results_behavior_windows\all_or_nothing\coupling_rl1_c1\plots\map_0153.png,,,
154,ok,5250.0,9.47535937727046e-10,C:\Users\vchat\Downloads\Vaishnavi_s_Thesis\automation\results_behavior_windows\all_or_nothing\coupling_rl1_c1\raw_runs\map_0154.raw,C:\Users\vchat\Downloads\Vaishnavi_s_Thesis\automation\results_behavior_windows\all_or_nothing\coupling_rl1_c1\raw_runs\map_0154.log,C:\Users\vchat\Downloads\Vaishnavi_s_Thesis\automation\results_behavior_windows\all_or_nothing\coupling_rl1_c1\plots\map_0154.png,,,
155,ok,5250.0,1.1222804416053399e-09,C:\Users\vchat\Downloads\Vaishnavi_s_Thesis\automation\results_behavior_windows\all_or_nothing\coupling_rl1_c1\raw_runs\map_0155.raw,C:\Users\vchat\Downloads\Vaishnavi_s_Thesis\automation\results_behavior_windows\all_or_nothing\coupling_rl1_c1\raw_runs\map_0155.log,C:\Users\vchat\Downloads\Vaishnavi_s_Thesis\automation\results_behavior_windows\all_or_nothing\coupling_rl1_c1\plots\map_0155.png,,,
156,ok,5250.0,1.329251313286548e-09,C:\Users\vchat\Downloads\Vaishnavi_s_Thesis\automation\results_behavior_windows\all_or_nothing\coupling_rl1_c1\raw_runs\map_0156.raw,C:\Users\vchat\Downloads\Vaishnavi_s_Thesis\automation\results_behavior_windows\all_or_nothing\coupling_rl1_c1\raw_runs\map_0156.log,C:\Users\vchat\Downloads\Vaishnavi_s_Thesis\automation\results_behavior_windows\all_or_nothing\coupling_rl1_c1\plots\map_0156.png,,,
157,ok,5250.0,1.574391737012345e-09,C:\Users\vchat\Downloads\Vaishnavi_s_Thesis\automation\results_behavior_windows\all_or_nothing\coupling_rl1_c1\raw_runs\map_0157.raw,C:\Users\vchat\Downloads\Vaishnavi_s_Thesis\automation\results_behavior_windows\all_or_nothing\coupling_rl1_c1\raw_runs\map_0157.log,C:\Users\vchat\Downloads\Vaishnavi_s_Thesis\automation\results_behavior_windows\all_or_nothing\coupling_rl1_c1\plots\map_0157.png,,,
158,ok,5250.0,1.8647409385996303e-09,C:\Users\vchat\Downloads\Vaishnavi_s_Thesis\automation\results_behavior_windows\all_or_nothing\coupling_rl1_c1\raw_runs\map_0158.raw,C:\Users\vchat\Downloads\Vaishnavi_s_Thesis\automation\results_behavior_windows\all_or_nothing\coupling_rl1_c1\raw_runs\map_0158.log,C:\Users\vchat\Downloads\Vaishnavi_s_Thesis\automation\results_behavior_windows\all_or_nothing\coupling_rl1_c1\plots\map_0158.png,,,
159,ok,5250.0,2.208636317342515e-09,C:\Users\vchat\Downloads\Vaishnavi_s_Thesis\automation\results_behavior_windows\all_or_nothing\coupling_rl1_c1\raw_runs\map_0159.raw,C:\Users\vchat\Downloads\Vaishnavi_s_Thesis\automation\results_behavior_windows\all_or_nothing\coupling_rl1_c1\raw_runs\map_0159.log,C:\Users\vchat\Downloads\Vaishnavi_s_Thesis\automation\results_behavior_windows\all_or_nothing\coupling_rl1_c1\plots\map_0159.png,,,
160,ok,5250.0,2.6159528550639355e-09,C:\Users\vchat\Downloads\Vaishnavi_s_Thesis\automation\results_behavior_windows\all_or_nothing\coupling_rl1_c1\raw_runs\map_0160.raw,C:\Users\vchat\Downloads\Vaishnavi_s_Thesis\automation\results_behavior_windows\all_or_nothing\coupling_rl1_c1\raw_runs\map_0160.log,C:\Users\vchat\Downloads\Vaishnavi_s_Thesis\automation\results_behavior_windows\all_or_nothing\coupling_rl1_c1\plots\map_0160.png,,,
161,ok,5250.0,3.098386676965935e-09,C:\Users\vchat\Downloads\Vaishnavi_s_Thesis\automation\results_behavior_windows\all_or_nothing\coupling_rl1_c1\raw_runs\map_0161.raw,C:\Users\vchat\Downloads\Vaishnavi_s_Thesis\automation\results_behavior_windows\all_or_nothing\coupling_rl1_c1\raw_runs\map_0161.log,C:\Users\vchat\Downloads\Vaishnavi_s_Thesis\automation\results_behavior_windows\all_or_nothing\coupling_rl1_c1\plots\map_0161.png,,,
162,ok,5250.0,3.6697909067498772e-09,C:\Users\vchat\Downloads\Vaishnavi_s_Thesis\automation\results_behavior_windows\all_or_nothing\coupling_rl1_c1\raw_runs\map_0162.raw,C:\Users\vchat\Downloads\Vaishnavi_s_Thesis\automation\results_behavior_windows\all_or_nothing\coupling_rl1_c1\raw_runs\map_0162.log,C:\Users\vchat\Downloads\Vaishnavi_s_Thesis\automation\results_behavior_windows\all_or_nothing\coupling_rl1_c1\plots\map_0162.png,,,
163,ok,5250.0,4.346573460111787e-09,C:\Users\vchat\Downloads\Vaishnavi_s_Thesis\automation\results_behavior_windows\all_or_nothing\coupling_rl1_c1\raw_runs\map_0163.raw,C:\Users\vchat\Downloads\Vaishnavi_s_Thesis\automation\results_behavior_windows\all_or_nothing\coupling_rl1_c1\raw_runs\map_0163.log,C:\Users\vchat\Downloads\Vaishnavi_s_Thesis\automation\results_behavior_windows\all_or_nothing\coupling_rl1_c1\plots\map_0163.png,,,
164,ok,5250.0,5.148168199283139e-09,C:\Users\vchat\Downloads\Vaishnavi_s_Thesis\automation\results_behavior_windows\all_or_nothing\coupling_rl1_c1\raw_runs\map_0164.raw,C:\Users\vchat\Downloads\Vaishnavi_s_Thesis\automation\results_behavior_windows\all_or_nothing\coupling_rl1_c1\raw_runs\map_0164.log,C:\Users\vchat\Downloads\Vaishnavi_s_Thesis\automation\results_behavior_windows\all_or_nothing\coupling_rl1_c1\plots\map_0164.png,,,
165,ok,5250.0,6.09759297785538e-09,C:\Users\vchat\Downloads\Vaishnavi_s_Thesis\automation\results_behavior_windows\all_or_nothing\coupling_rl1_c1\raw_runs\map_0165.raw,C:\Users\vchat\Downloads\Vaishnavi_s_Thesis\automation\results_behavior_windows\all_or_nothing\coupling_rl1_c1\raw_runs\map_0165.log,C:\Users\vchat\Downloads\Vaishnavi_s_Thesis\automation\results_behavior_windows\all_or_nothing\coupling_rl1_c1\plots\map_0165.png,,,
166,ok,5250.0,7.222110600187557e-09,C:\Users\vchat\Downloads\Vaishnavi_s_Thesis\automation\results_behavior_windows\all_or_nothing\coupling_rl1_c1\raw_runs\map_0166.raw,C:\Users\vchat\Downloads\Vaishnavi_s_Thesis\automation\results_behavior_windows\all_or_nothing\coupling_rl1_c1\raw_runs\map_0166.log,C:\Users\vchat\Downloads\Vaishnavi_s_Thesis\automation\results_behavior_windows\all_or_nothing\coupling_rl1_c1\plots\map_0166.png,,,
167,ok,5250.0,8.55401167489644e-09,C:\Users\vchat\Downloads\Vaishnavi_s_Thesis\automation\results_behavior_windows\all_or_nothing\coupling_rl1_c1\raw_runs\map_0167.raw,C:\Users\vchat\Downloads\Vaishnavi_s_Thesis\automation\results_behavior_windows\all_or_nothing\coupling_rl1_c1\raw_runs\map_0167.log,C:\Users\vchat\Downloads\Vaishnavi_s_Thesis\automation\results_behavior_windows\all_or_nothing\coupling_rl1_c1\plots\map_0167.png,,,
168,ok,5250.0,1.0131541842126369e-08,C:\Users\vchat\Downloads\Vaishnavi_s_Thesis\automation\results_behavior_windows\all_or_nothing\coupling_rl1_c1\raw_runs\map_0168.raw,C:\Users\vchat\Downloads\Vaishnavi_s_Thesis\automation\results_behavior_windows\all_or_nothing\coupling_rl1_c1\raw_runs\map_0168.log,C:\Users\vchat\Downloads\Vaishnavi_s_Thesis\automation\results_behavior_windows\all_or_nothing\coupling_rl1_c1\plots\map_0168.png,,,
169,ok,5250.0,1.2000000000000008e-08,C:\Users\vchat\Downloads\Vaishnavi_s_Thesis\automation\results_behavior_windows\all_or_nothing\coupling_rl1_c1\raw_runs\map_0169.raw,C:\Users\vchat\Downloads\Vaishnavi_s_Thesis\automation\results_behavior_windows\all_or_nothing\coupling_rl1_c1\raw_runs\map_0169.log,C:\Users\vchat\Downloads\Vaishnavi_s_Thesis\automation\results_behavior_windows\all_or_nothing\coupling_rl1_c1\plots\map_0169.png,,,
170,ok,5500.0,8.000000000000003e-10,C:\Users\vchat\Downloads\Vaishnavi_s_Thesis\automation\results_behavior_windows\all_or_nothing\coupling_rl1_c1\raw_runs\map_0170.raw,C:\Users\vchat\Downloads\Vaishnavi_s_Thesis\automation\results_behavior_windows\all_or_nothing\coupling_rl1_c1\raw_runs\map_0170.log,C:\Users\vchat\Downloads\Vaishnavi_s_Thesis\automation\results_behavior_windows\all_or_nothing\coupling_rl1_c1\plots\map_0170.png,,,
171,ok,5500.0,9.47535937727046e-10,C:\Users\vchat\Downloads\Vaishnavi_s_Thesis\automation\results_behavior_windows\all_or_nothing\coupling_rl1_c1\raw_runs\map_0171.raw,C:\Users\vchat\Downloads\Vaishnavi_s_Thesis\automation\results_behavior_windows\all_or_nothing\coupling_rl1_c1\raw_runs\map_0171.log,C:\Users\vchat\Downloads\Vaishnavi_s_Thesis\automation\results_behavior_windows\all_or_nothing\coupling_rl1_c1\plots\map_0171.png,,,
172,ok,5500.0,1.1222804416053399e-09,C:\Users\vchat\Downloads\Vaishnavi_s_Thesis\automation\results_behavior_windows\all_or_nothing\coupling_rl1_c1\raw_runs\map_0172.raw,C:\Users\vchat\Downloads\Vaishnavi_s_Thesis\automation\results_behavior_windows\all_or_nothing\coupling_rl1_c1\raw_runs\map_0172.log,C:\Users\vchat\Downloads\Vaishnavi_s_Thesis\automation\results_behavior_windows\all_or_nothing\coupling_rl1_c1\plots\map_0172.png,,,
173,ok,5500.0,1.329251313286548e-09,C:\Users\vchat\Downloads\Vaishnavi_s_Thesis\automation\results_behavior_windows\all_or_nothing\coupling_rl1_c1\raw_runs\map_0173.raw,C:\Users\vchat\Downloads\Vaishnavi_s_Thesis\automation\results_behavior_windows\all_or_nothing\coupling_rl1_c1\raw_runs\map_0173.log,C:\Users\vchat\Downloads\Vaishnavi_s_Thesis\automation\results_behavior_windows\all_or_nothing\coupling_rl1_c1\plots\map_0173.png,,,
174,ok,5500.0,1.574391737012345e-09,C:\Users\vchat\Downloads\Vaishnavi_s_Thesis\automation\results_behavior_windows\all_or_nothing\coupling_rl1_c1\raw_runs\map_0174.raw,C:\Users\vchat\Downloads\Vaishnavi_s_Thesis\automation\results_behavior_windows\all_or_nothing\coupling_rl1_c1\raw_runs\map_0174.log,C:\Users\vchat\Downloads\Vaishnavi_s_Thesis\automation\results_behavior_windows\all_or_nothing\coupling_rl1_c1\plots\map_0174.png,,,
175,ok,5500.0,1.8647409385996303e-09,C:\Users\vchat\Downloads\Vaishnavi_s_Thesis\automation\results_behavior_windows\all_or_nothing\coupling_rl1_c1\raw_runs\map_0175.raw,C:\Users\vchat\Downloads\Vaishnavi_s_Thesis\automation\results_behavior_windows\all_or_nothing\coupling_rl1_c1\raw_runs\map_0175.log,C:\Users\vchat\Downloads\Vaishnavi_s_Thesis\automation\results_behavior_windows\all_or_nothing\coupling_rl1_c1\plots\map_0175.png,,,
176,ok,5500.0,2.208636317342515e-09,C:\Users\vchat\Downloads\Vaishnavi_s_Thesis\automation\results_behavior_windows\all_or_nothing\coupling_rl1_c1\raw_runs\map_0176.raw,C:\Users\vchat\Downloads\Vaishnavi_s_Thesis\automation\results_behavior_windows\all_or_nothing\coupling_rl1_c1\raw_runs\map_0176.log,C:\Users\vchat\Downloads\Vaishnavi_s_Thesis\automation\results_behavior_windows\all_or_nothing\coupling_rl1_c1\plots\map_0176.png,,,
177,ok,5500.0,2.6159528550639355e-09,C:\Users\vchat\Downloads\Vaishnavi_s_Thesis\automation\results_behavior_windows\all_or_nothing\coupling_rl1_c1\raw_runs\map_0177.raw,C:\Users\vchat\Downloads\Vaishnavi_s_Thesis\automation\results_behavior_windows\all_or_nothing\coupling_rl1_c1\raw_runs\map_0177.log,C:\Users\vchat\Downloads\Vaishnavi_s_Thesis\automation\results_behavior_windows\all_or_nothing\coupling_rl1_c1\plots\map_0177.png,,,
178,ok,5500.0,3.098386676965935e-09,C:\Users\vchat\Downloads\Vaishnavi_s_Thesis\automation\results_behavior_windows\all_or_nothing\coupling_rl1_c1\raw_runs\map_0178.raw,C:\Users\vchat\Downloads\Vaishnavi_s_Thesis\automation\results_behavior_windows\all_or_nothing\coupling_rl1_c1\raw_runs\map_0178.log,C:\Users\vchat\Downloads\Vaishnavi_s_Thesis\automation\results_behavior_windows\all_or_nothing\coupling_rl1_c1\plots\map_0178.png,,,
179,ok,5500.0,3.6697909067498772e-09,C:\Users\vchat\Downloads\Vaishnavi_s_Thesis\automation\results_behavior_windows\all_or_nothing\coupling_rl1_c1\raw_runs\map_0179.raw,C:\Users\vchat\Downloads\Vaishnavi_s_Thesis\automation\results_behavior_windows\all_or_nothing\coupling_rl1_c1\raw_runs\map_0179.log,C:\Users\vchat\Downloads\Vaishnavi_s_Thesis\automation\results_behavior_windows\all_or_nothing\coupling_rl1_c1\plots\map_0179.png,,,
180,ok,5500.0,4.346573460111787e-09,C:\Users\vchat\Downloads\Vaishnavi_s_Thesis\automation\results_behavior_windows\all_or_nothing\coupling_rl1_c1\raw_runs\map_0180.raw,C:\Users\vchat\Downloads\Vaishnavi_s_Thesis\automation\results_behavior_windows\all_or_nothing\coupling_rl1_c1\raw_runs\map_0180.log,C:\Users\vchat\Downloads\Vaishnavi_s_Thesis\automation\results_behavior_windows\all_or_nothing\coupling_rl1_c1\plots\map_0180.png,,,
181,failed,5500.0,5.148168199283139e-09,,,,,,"argument should be a str or an os.PathLike object where __fspath__ returns a str, not 'NoneType'"
182,ok,5500.0,6.09759297785538e-09,C:\Users\vchat\Downloads\Vaishnavi_s_Thesis\automation\results_behavior_windows\all_or_nothing\coupling_rl1_c1\raw_runs\map_0182.raw,C:\Users\vchat\Downloads\Vaishnavi_s_Thesis\automation\results_behavior_windows\all_or_nothing\coupling_rl1_c1\raw_runs\map_0182.log,C:\Users\vchat\Downloads\Vaishnavi_s_Thesis\automation\results_behavior_windows\all_or_nothing\coupling_rl1_c1\plots\map_0182.png,,,
183,ok,5500.0,7.222110600187557e-09,C:\Users\vchat\Downloads\Vaishnavi_s_Thesis\automation\results_behavior_windows\all_or_nothing\coupling_rl1_c1\raw_runs\map_0183.raw,C:\Users\vchat\Downloads\Vaishnavi_s_Thesis\automation\results_behavior_windows\all_or_nothing\coupling_rl1_c1\raw_runs\map_0183.log,C:\Users\vchat\Downloads\Vaishnavi_s_Thesis\automation\results_behavior_windows\all_or_nothing\coupling_rl1_c1\plots\map_0183.png,,,
184,ok,5500.0,8.55401167489644e-09,C:\Users\vchat\Downloads\Vaishnavi_s_Thesis\automation\results_behavior_windows\all_or_nothing\coupling_rl1_c1\raw_runs\map_0184.raw,C:\Users\vchat\Downloads\Vaishnavi_s_Thesis\automation\results_behavior_windows\all_or_nothing\coupling_rl1_c1\raw_runs\map_0184.log,C:\Users\vchat\Downloads\Vaishnavi_s_Thesis\automation\results_behavior_windows\all_or_nothing\coupling_rl1_c1\plots\map_0184.png,,,
185,ok,5500.0,1.0131541842126369e-08,C:\Users\vchat\Downloads\Vaishnavi_s_Thesis\automation\results_behavior_windows\all_or_nothing\coupling_rl1_c1\raw_runs\map_0185.raw,C:\Users\vchat\Downloads\Vaishnavi_s_Thesis\automation\results_behavior_windows\all_or_nothing\coupling_rl1_c1\raw_runs\map_0185.log,C:\Users\vchat\Downloads\Vaishnavi_s_Thesis\automation\results_behavior_windows\all_or_nothing\coupling_rl1_c1\plots\map_0185.png,,,
186,ok,5500.0,1.2000000000000008e-08,C:\Users\vchat\Downloads\Vaishnavi_s_Thesis\automation\results_behavior_windows\all_or_nothing\coupling_rl1_c1\raw_runs\map_0186.raw,C:\Users\vchat\Downloads\Vaishnavi_s_Thesis\automation\results_behavior_windows\all_or_nothing\coupling_rl1_c1\raw_runs\map_0186.log,C:\Users\vchat\Downloads\Vaishnavi_s_Thesis\automation\results_behavior_windows\all_or_nothing\coupling_rl1_c1\plots\map_0186.png,,,
187,ok,5750.0,8.000000000000003e-10,C:\Users\vchat\Downloads\Vaishnavi_s_Thesis\automation\results_behavior_windows\all_or_nothing\coupling_rl1_c1\raw_runs\map_0187.raw,C:\Users\vchat\Downloads\Vaishnavi_s_Thesis\automation\results_behavior_windows\all_or_nothing\coupling_rl1_c1\raw_runs\map_0187.log,C:\Users\vchat\Downloads\Vaishnavi_s_Thesis\automation\results_behavior_windows\all_or_nothing\coupling_rl1_c1\plots\map_0187.png,,,
188,ok,5750.0,9.47535937727046e-10,C:\Users\vchat\Downloads\Vaishnavi_s_Thesis\automation\results_behavior_windows\all_or_nothing\coupling_rl1_c1\raw_runs\map_0188.raw,C:\Users\vchat\Downloads\Vaishnavi_s_Thesis\automation\results_behavior_windows\all_or_nothing\coupling_rl1_c1\raw_runs\map_0188.log,C:\Users\vchat\Downloads\Vaishnavi_s_Thesis\automation\results_behavior_windows\all_or_nothing\coupling_rl1_c1\plots\map_0188.png,,,
189,ok,5750.0,1.1222804416053399e-09,C:\Users\vchat\Downloads\Vaishnavi_s_Thesis\automation\results_behavior_windows\all_or_nothing\coupling_rl1_c1\raw_runs\map_0189.raw,C:\Users\vchat\Downloads\Vaishnavi_s_Thesis\automation\results_behavior_windows\all_or_nothing\coupling_rl1_c1\raw_runs\map_0189.log,C:\Users\vchat\Downloads\Vaishnavi_s_Thesis\automation\results_behavior_windows\all_or_nothing\coupling_rl1_c1\plots\map_0189.png,,,
190,ok,5750.0,1.329251313286548e-09,C:\Users\vchat\Downloads\Vaishnavi_s_Thesis\automation\results_behavior_windows\all_or_nothing\coupling_rl1_c1\raw_runs\map_0190.raw,C:\Users\vchat\Downloads\Vaishnavi_s_Thesis\automation\results_behavior_windows\all_or_nothing\coupling_rl1_c1\raw_runs\map_0190.log,C:\Users\vchat\Downloads\Vaishnavi_s_Thesis\automation\results_behavior_windows\all_or_nothing\coupling_rl1_c1\plots\map_0190.png,,,
191,ok,5750.0,1.574391737012345e-09,C:\Users\vchat\Downloads\Vaishnavi_s_Thesis\automation\results_behavior_windows\all_or_nothing\coupling_rl1_c1\raw_runs\map_0191.raw,C:\Users\vchat\Downloads\Vaishnavi_s_Thesis\automation\results_behavior_windows\all_or_nothing\coupling_rl1_c1\raw_runs\map_0191.log,C:\Users\vchat\Downloads\Vaishnavi_s_Thesis\automation\results_behavior_windows\all_or_nothing\coupling_rl1_c1\plots\map_0191.png,,,
192,ok,5750.0,1.8647409385996303e-09,C:\Users\vchat\Downloads\Vaishnavi_s_Thesis\automation\results_behavior_windows\all_or_nothing\coupling_rl1_c1\raw_runs\map_0192.raw,C:\Users\vchat\Downloads\Vaishnavi_s_Thesis\automation\results_behavior_windows\all_or_nothing\coupling_rl1_c1\raw_runs\map_0192.log,C:\Users\vchat\Downloads\Vaishnavi_s_Thesis\automation\results_behavior_windows\all_or_nothing\coupling_rl1_c1\plots\map_0192.png,,,
193,ok,5750.0,2.208636317342515e-09,C:\Users\vchat\Downloads\Vaishnavi_s_Thesis\automation\results_behavior_windows\all_or_nothing\coupling_rl1_c1\raw_runs\map_0193.raw,C:\Users\vchat\Downloads\Vaishnavi_s_Thesis\automation\results_behavior_windows\all_or_nothing\coupling_rl1_c1\raw_runs\map_0193.log,C:\Users\vchat\Downloads\Vaishnavi_s_Thesis\automation\results_behavior_windows\all_or_nothing\coupling_rl1_c1\plots\map_0193.png,,,
194,ok,5750.0,2.6159528550639355e-09,C:\Users\vchat\Downloads\Vaishnavi_s_Thesis\automation\results_behavior_windows\all_or_nothing\coupling_rl1_c1\raw_runs\map_0194.raw,C:\Users\vchat\Downloads\Vaishnavi_s_Thesis\automation\results_behavior_windows\all_or_nothing\coupling_rl1_c1\raw_runs\map_0194.log,C:\Users\vchat\Downloads\Vaishnavi_s_Thesis\automation\results_behavior_windows\all_or_nothing\coupling_rl1_c1\plots\map_0194.png,,,
195,ok,5750.0,3.098386676965935e-09,C:\Users\vchat\Downloads\Vaishnavi_s_Thesis\automation\results_behavior_windows\all_or_nothing\coupling_rl1_c1\raw_runs\map_0195.raw,C:\Users\vchat\Downloads\Vaishnavi_s_Thesis\automation\results_behavior_windows\all_or_nothing\coupling_rl1_c1\raw_runs\map_0195.log,C:\Users\vchat\Downloads\Vaishnavi_s_Thesis\automation\results_behavior_windows\all_or_nothing\coupling_rl1_c1\plots\map_0195.png,,,
196,ok,5750.0,3.6697909067498772e-09,C:\Users\vchat\Downloads\Vaishnavi_s_Thesis\automation\results_behavior_windows\all_or_nothing\coupling_rl1_c1\raw_runs\map_0196.raw,C:\Users\vchat\Downloads\Vaishnavi_s_Thesis\automation\results_behavior_windows\all_or_nothing\coupling_rl1_c1\raw_runs\map_0196.log,C:\Users\vchat\Downloads\Vaishnavi_s_Thesis\automation\results_behavior_windows\all_or_nothing\coupling_rl1_c1\plots\map_0196.png,,,
197,ok,5750.0,4.346573460111787e-09,C:\Users\vchat\Downloads\Vaishnavi_s_Thesis\automation\results_behavior_windows\all_or_nothing\coupling_rl1_c1\raw_runs\map_0197.raw,C:\Users\vchat\Downloads\Vaishnavi_s_Thesis\automation\results_behavior_windows\all_or_nothing\coupling_rl1_c1\raw_runs\map_0197.log,C:\Users\vchat\Downloads\Vaishnavi_s_Thesis\automation\results_behavior_windows\all_or_nothing\coupling_rl1_c1\plots\map_0197.png,,,
198,ok,5750.0,5.148168199283139e-09,C:\Users\vchat\Downloads\Vaishnavi_s_Thesis\automation\results_behavior_windows\all_or_nothing\coupling_rl1_c1\raw_runs\map_0198.raw,C:\Users\vchat\Downloads\Vaishnavi_s_Thesis\automation\results_behavior_windows\all_or_nothing\coupling_rl1_c1\raw_runs\map_0198.log,C:\Users\vchat\Downloads\Vaishnavi_s_Thesis\automation\results_behavior_windows\all_or_nothing\coupling_rl1_c1\plots\map_0198.png,,,
199,ok,5750.0,6.09759297785538e-09,C:\Users\vchat\Downloads\Vaishnavi_s_Thesis\automation\results_behavior_windows\all_or_nothing\coupling_rl1_c1\raw_runs\map_0199.raw,C:\Users\vchat\Downloads\Vaishnavi_s_Thesis\automation\results_behavior_windows\all_or_nothing\coupling_rl1_c1\raw_runs\map_0199.log,C:\Users\vchat\Downloads\Vaishnavi_s_Thesis\automation\results_behavior_windows\all_or_nothing\coupling_rl1_c1\plots\map_0199.png,,,
200,ok,5750.0,7.222110600187557e-09,C:\Users\vchat\Downloads\Vaishnavi_s_Thesis\automation\results_behavior_windows\all_or_nothing\coupling_rl1_c1\raw_runs\map_0200.raw,C:\Users\vchat\Downloads\Vaishnavi_s_Thesis\automation\results_behavior_windows\all_or_nothing\coupling_rl1_c1\raw_runs\map_0200.log,C:\Users\vchat\Downloads\Vaishnavi_s_Thesis\automation\results_behavior_windows\all_or_nothing\coupling_rl1_c1\plots\map_0200.png,,,
201,ok,5750.0,8.55401167489644e-09,C:\Users\vchat\Downloads\Vaishnavi_s_Thesis\automation\results_behavior_windows\all_or_nothing\coupling_rl1_c1\raw_runs\map_0201.raw,C:\Users\vchat\Downloads\Vaishnavi_s_Thesis\automation\results_behavior_windows\all_or_nothing\coupling_rl1_c1\raw_runs\map_0201.log,C:\Users\vchat\Downloads\Vaishnavi_s_Thesis\automation\results_behavior_windows\all_or_nothing\coupling_rl1_c1\plots\map_0201.png,,,
202,ok,5750.0,1.0131541842126369e-08,C:\Users\vchat\Downloads\Vaishnavi_s_Thesis\automation\results_behavior_windows\all_or_nothing\coupling_rl1_c1\raw_runs\map_0202.raw,C:\Users\vchat\Downloads\Vaishnavi_s_Thesis\automation\results_behavior_windows\all_or_nothing\coupling_rl1_c1\raw_runs\map_0202.log,C:\Users\vchat\Downloads\Vaishnavi_s_Thesis\automation\results_behavior_windows\all_or_nothing\coupling_rl1_c1\plots\map_0202.png,,,
203,ok,5750.0,1.2000000000000008e-08,C:\Users\vchat\Downloads\Vaishnavi_s_Thesis\automation\results_behavior_windows\all_or_nothing\coupling_rl1_c1\raw_runs\map_0203.raw,C:\Users\vchat\Downloads\Vaishnavi_s_Thesis\automation\results_behavior_windows\all_or_nothing\coupling_rl1_c1\raw_runs\map_0203.log,C:\Users\vchat\Downloads\Vaishnavi_s_Thesis\automation\results_behavior_windows\all_or_nothing\coupling_rl1_c1\plots\map_0203.png,,,
204,ok,6000.0,8.000000000000003e-10,C:\Users\vchat\Downloads\Vaishnavi_s_Thesis\automation\results_behavior_windows\all_or_nothing\coupling_rl1_c1\raw_runs\map_0204.raw,C:\Users\vchat\Downloads\Vaishnavi_s_Thesis\automation\results_behavior_windows\all_or_nothing\coupling_rl1_c1\raw_runs\map_0204.log,C:\Users\vchat\Downloads\Vaishnavi_s_Thesis\automation\results_behavior_windows\all_or_nothing\coupling_rl1_c1\plots\map_0204.png,,,
205,ok,6000.0,9.47535937727046e-10,C:\Users\vchat\Downloads\Vaishnavi_s_Thesis\automation\results_behavior_windows\all_or_nothing\coupling_rl1_c1\raw_runs\map_0205.raw,C:\Users\vchat\Downloads\Vaishnavi_s_Thesis\automation\results_behavior_windows\all_or_nothing\coupling_rl1_c1\raw_runs\map_0205.log,C:\Users\vchat\Downloads\Vaishnavi_s_Thesis\automation\results_behavior_windows\all_or_nothing\coupling_rl1_c1\plots\map_0205.png,,,
206,ok,6000.0,1.1222804416053399e-09,C:\Users\vchat\Downloads\Vaishnavi_s_Thesis\automation\results_behavior_windows\all_or_nothing\coupling_rl1_c1\raw_runs\map_0206.raw,C:\Users\vchat\Downloads\Vaishnavi_s_Thesis\automation\results_behavior_windows\all_or_nothing\coupling_rl1_c1\raw_runs\map_0206.log,C:\Users\vchat\Downloads\Vaishnavi_s_Thesis\automation\results_behavior_windows\all_or_nothing\coupling_rl1_c1\plots\map_0206.png,,,
207,ok,6000.0,1.329251313286548e-09,C:\Users\vchat\Downloads\Vaishnavi_s_Thesis\automation\results_behavior_windows\all_or_nothing\coupling_rl1_c1\raw_runs\map_0207.raw,C:\Users\vchat\Downloads\Vaishnavi_s_Thesis\automation\results_behavior_windows\all_or_nothing\coupling_rl1_c1\raw_runs\map_0207.log,C:\Users\vchat\Downloads\Vaishnavi_s_Thesis\automation\results_behavior_windows\all_or_nothing\coupling_rl1_c1\plots\map_0207.png,,,
208,ok,6000.0,1.574391737012345e-09,C:\Users\vchat\Downloads\Vaishnavi_s_Thesis\automation\results_behavior_windows\all_or_nothing\coupling_rl1_c1\raw_runs\map_0208.raw,C:\Users\vchat\Downloads\Vaishnavi_s_Thesis\automation\results_behavior_windows\all_or_nothing\coupling_rl1_c1\raw_runs\map_0208.log,C:\Users\vchat\Downloads\Vaishnavi_s_Thesis\automation\results_behavior_windows\all_or_nothing\coupling_rl1_c1\plots\map_0208.png,,,
209,ok,6000.0,1.8647409385996303e-09,C:\Users\vchat\Downloads\Vaishnavi_s_Thesis\automation\results_behavior_windows\all_or_nothing\coupling_rl1_c1\raw_runs\map_0209.raw,C:\Users\vchat\Downloads\Vaishnavi_s_Thesis\automation\results_behavior_windows\all_or_nothing\coupling_rl1_c1\raw_runs\map_0209.log,C:\Users\vchat\Downloads\Vaishnavi_s_Thesis\automation\results_behavior_windows\all_or_nothing\coupling_rl1_c1\plots\map_0209.png,,,
210,ok,6000.0,2.208636317342515e-09,C:\Users\vchat\Downloads\Vaishnavi_s_Thesis\automation\results_behavior_windows\all_or_nothing\coupling_rl1_c1\raw_runs\map_0210.raw,C:\Users\vchat\Downloads\Vaishnavi_s_Thesis\automation\results_behavior_windows\all_or_nothing\coupling_rl1_c1\raw_runs\map_0210.log,C:\Users\vchat\Downloads\Vaishnavi_s_Thesis\automation\results_behavior_windows\all_or_nothing\coupling_rl1_c1\plots\map_0210.png,,,
211,ok,6000.0,2.6159528550639355e-09,C:\Users\vchat\Downloads\Vaishnavi_s_Thesis\automation\results_behavior_windows\all_or_nothing\coupling_rl1_c1\raw_runs\map_0211.raw,C:\Users\vchat\Downloads\Vaishnavi_s_Thesis\automation\results_behavior_windows\all_or_nothing\coupling_rl1_c1\raw_runs\map_0211.log,C:\Users\vchat\Downloads\Vaishnavi_s_Thesis\automation\results_behavior_windows\all_or_nothing\coupling_rl1_c1\plots\map_0211.png,,,
212,ok,6000.0,3.098386676965935e-09,C:\Users\vchat\Downloads\Vaishnavi_s_Thesis\automation\results_behavior_windows\all_or_nothing\coupling_rl1_c1\raw_runs\map_0212.raw,C:\Users\vchat\Downloads\Vaishnavi_s_Thesis\automation\results_behavior_windows\all_or_nothing\coupling_rl1_c1\raw_runs\map_0212.log,C:\Users\vchat\Downloads\Vaishnavi_s_Thesis\automation\results_behavior_windows\all_or_nothing\coupling_rl1_c1\plots\map_0212.png,,,
213,ok,6000.0,3.6697909067498772e-09,C:\Users\vchat\Downloads\Vaishnavi_s_Thesis\automation\results_behavior_windows\all_or_nothing\coupling_rl1_c1\raw_runs\map_0213.raw,C:\Users\vchat\Downloads\Vaishnavi_s_Thesis\automation\results_behavior_windows\all_or_nothing\coupling_rl1_c1\raw_runs\map_0213.log,C:\Users\vchat\Downloads\Vaishnavi_s_Thesis\automation\results_behavior_windows\all_or_nothing\coupling_rl1_c1\plots\map_0213.png,,,
214,ok,6000.0,4.346573460111787e-09,C:\Users\vchat\Downloads\Vaishnavi_s_Thesis\automation\results_behavior_windows\all_or_nothing\coupling_rl1_c1\raw_runs\map_0214.raw,C:\Users\vchat\Downloads\Vaishnavi_s_Thesis\automation\results_behavior_windows\all_or_nothing\coupling_rl1_c1\raw_runs\map_0214.log,C:\Users\vchat\Downloads\Vaishnavi_s_Thesis\automation\results_behavior_windows\all_or_nothing\coupling_rl1_c1\plots\map_0214.png,,,
215,ok,6000.0,5.148168199283139e-09,C:\Users\vchat\Downloads\Vaishnavi_s_Thesis\automation\results_behavior_windows\all_or_nothing\coupling_rl1_c1\raw_runs\map_0215.raw,C:\Users\vchat\Downloads\Vaishnavi_s_Thesis\automation\results_behavior_windows\all_or_nothing\coupling_rl1_c1\raw_runs\map_0215.log,C:\Users\vchat\Downloads\Vaishnavi_s_Thesis\automation\results_behavior_windows\all_or_nothing\coupling_rl1_c1\plots\map_0215.png,,,
216,ok,6000.0,6.09759297785538e-09,C:\Users\vchat\Downloads\Vaishnavi_s_Thesis\automation\results_behavior_windows\all_or_nothing\coupling_rl1_c1\raw_runs\map_0216.raw,C:\Users\vchat\Downloads\Vaishnavi_s_Thesis\automation\results_behavior_windows\all_or_nothing\coupling_rl1_c1\raw_runs\map_0216.log,C:\Users\vchat\Downloads\Vaishnavi_s_Thesis\automation\results_behavior_windows\all_or_nothing\coupling_rl1_c1\plots\map_0216.png,,,
217,ok,6000.0,7.222110600187557e-09,C:\Users\vchat\Downloads\Vaishnavi_s_Thesis\automation\results_behavior_windows\all_or_nothing\coupling_rl1_c1\raw_runs\map_0217.raw,C:\Users\vchat\Downloads\Vaishnavi_s_Thesis\automation\results_behavior_windows\all_or_nothing\coupling_rl1_c1\raw_runs\map_0217.log,C:\Users\vchat\Downloads\Vaishnavi_s_Thesis\automation\results_behavior_windows\all_or_nothing\coupling_rl1_c1\plots\map_0217.png,,,
218,ok,6000.0,8.55401167489644e-09,C:\Users\vchat\Downloads\Vaishnavi_s_Thesis\automation\results_behavior_windows\all_or_nothing\coupling_rl1_c1\raw_runs\map_0218.raw,C:\Users\vchat\Downloads\Vaishnavi_s_Thesis\automation\results_behavior_windows\all_or_nothing\coupling_rl1_c1\raw_runs\map_0218.log,C:\Users\vchat\Downloads\Vaishnavi_s_Thesis\automation\results_behavior_windows\all_or_nothing\coupling_rl1_c1\plots\map_0218.png,,,
219,ok,6000.0,1.0131541842126369e-08,C:\Users\vchat\Downloads\Vaishnavi_s_Thesis\automation\results_behavior_windows\all_or_nothing\coupling_rl1_c1\raw_runs\map_0219.raw,C:\Users\vchat\Downloads\Vaishnavi_s_Thesis\automation\results_behavior_windows\all_or_nothing\coupling_rl1_c1\raw_runs\map_0219.log,C:\Users\vchat\Downloads\Vaishnavi_s_Thesis\automation\results_behavior_windows\all_or_nothing\coupling_rl1_c1\plots\map_0219.png,,,
220,ok,6000.0,1.2000000000000008e-08,C:\Users\vchat\Downloads\Vaishnavi_s_Thesis\automation\results_behavior_windows\all_or_nothing\coupling_rl1_c1\raw_runs\map_0220.raw,C:\Users\vchat\Downloads\Vaishnavi_s_Thesis\automation\results_behavior_windows\all_or_nothing\coupling_rl1_c1\raw_runs\map_0220.log,C:\Users\vchat\Downloads\Vaishnavi_s_Thesis\automation\results_behavior_windows\all_or_nothing\coupling_rl1_c1\plots\map_0220.png,,,
221,ok,6250.0,8.000000000000003e-10,C:\Users\vchat\Downloads\Vaishnavi_s_Thesis\automation\results_behavior_windows\all_or_nothing\coupling_rl1_c1\raw_runs\map_0221.raw,C:\Users\vchat\Downloads\Vaishnavi_s_Thesis\automation\results_behavior_windows\all_or_nothing\coupling_rl1_c1\raw_runs\map_0221.log,C:\Users\vchat\Downloads\Vaishnavi_s_Thesis\automation\results_behavior_windows\all_or_nothing\coupling_rl1_c1\plots\map_0221.png,,,
222,ok,6250.0,9.47535937727046e-10,C:\Users\vchat\Downloads\Vaishnavi_s_Thesis\automation\results_behavior_windows\all_or_nothing\coupling_rl1_c1\raw_runs\map_0222.raw,C:\Users\vchat\Downloads\Vaishnavi_s_Thesis\automation\results_behavior_windows\all_or_nothing\coupling_rl1_c1\raw_runs\map_0222.log,C:\Users\vchat\Downloads\Vaishnavi_s_Thesis\automation\results_behavior_windows\all_or_nothing\coupling_rl1_c1\plots\map_0222.png,,,
223,ok,6250.0,1.1222804416053399e-09,C:\Users\vchat\Downloads\Vaishnavi_s_Thesis\automation\results_behavior_windows\all_or_nothing\coupling_rl1_c1\raw_runs\map_0223.raw,C:\Users\vchat\Downloads\Vaishnavi_s_Thesis\automation\results_behavior_windows\all_or_nothing\coupling_rl1_c1\raw_runs\map_0223.log,C:\Users\vchat\Downloads\Vaishnavi_s_Thesis\automation\results_behavior_windows\all_or_nothing\coupling_rl1_c1\plots\map_0223.png,,,
224,ok,6250.0,1.329251313286548e-09,C:\Users\vchat\Downloads\Vaishnavi_s_Thesis\automation\results_behavior_windows\all_or_nothing\coupling_rl1_c1\raw_runs\map_0224.raw,C:\Users\vchat\Downloads\Vaishnavi_s_Thesis\automation\results_behavior_windows\all_or_nothing\coupling_rl1_c1\raw_runs\map_0224.log,C:\Users\vchat\Downloads\Vaishnavi_s_Thesis\automation\results_behavior_windows\all_or_nothing\coupling_rl1_c1\plots\map_0224.png,,,
225,ok,6250.0,1.574391737012345e-09,C:\Users\vchat\Downloads\Vaishnavi_s_Thesis\automation\results_behavior_windows\all_or_nothing\coupling_rl1_c1\raw_runs\map_0225.raw,C:\Users\vchat\Downloads\Vaishnavi_s_Thesis\automation\results_behavior_windows\all_or_nothing\coupling_rl1_c1\raw_runs\map_0225.log,C:\Users\vchat\Downloads\Vaishnavi_s_Thesis\automation\results_behavior_windows\all_or_nothing\coupling_rl1_c1\plots\map_0225.png,,,
226,ok,6250.0,1.8647409385996303e-09,C:\Users\vchat\Downloads\Vaishnavi_s_Thesis\automation\results_behavior_windows\all_or_nothing\coupling_rl1_c1\raw_runs\map_0226.raw,C:\Users\vchat\Downloads\Vaishnavi_s_Thesis\automation\results_behavior_windows\all_or_nothing\coupling_rl1_c1\raw_runs\map_0226.log,C:\Users\vchat\Downloads\Vaishnavi_s_Thesis\automation\results_behavior_windows\all_or_nothing\coupling_rl1_c1\plots\map_0226.png,,,
227,ok,6250.0,2.208636317342515e-09,C:\Users\vchat\Downloads\Vaishnavi_s_Thesis\automation\results_behavior_windows\all_or_nothing\coupling_rl1_c1\raw_runs\map_0227.raw,C:\Users\vchat\Downloads\Vaishnavi_s_Thesis\automation\results_behavior_windows\all_or_nothing\coupling_rl1_c1\raw_runs\map_0227.log,C:\Users\vchat\Downloads\Vaishnavi_s_Thesis\automation\results_behavior_windows\all_or_nothing\coupling_rl1_c1\plots\map_0227.png,,,
228,ok,6250.0,2.6159528550639355e-09,C:\Users\vchat\Downloads\Vaishnavi_s_Thesis\automation\results_behavior_windows\all_or_nothing\coupling_rl1_c1\raw_runs\map_0228.raw,C:\Users\vchat\Downloads\Vaishnavi_s_Thesis\automation\results_behavior_windows\all_or_nothing\coupling_rl1_c1\raw_runs\map_0228.log,C:\Users\vchat\Downloads\Vaishnavi_s_Thesis\automation\results_behavior_windows\all_or_nothing\coupling_rl1_c1\plots\map_0228.png,,,
229,ok,6250.0,3.098386676965935e-09,C:\Users\vchat\Downloads\Vaishnavi_s_Thesis\automation\results_behavior_windows\all_or_nothing\coupling_rl1_c1\raw_runs\map_0229.raw,C:\Users\vchat\Downloads\Vaishnavi_s_Thesis\automation\results_behavior_windows\all_or_nothing\coupling_rl1_c1\raw_runs\map_0229.log,C:\Users\vchat\Downloads\Vaishnavi_s_Thesis\automation\results_behavior_windows\all_or_nothing\coupling_rl1_c1\plots\map_0229.png,,,
230,ok,6250.0,3.6697909067498772e-09,C:\Users\vchat\Downloads\Vaishnavi_s_Thesis\automation\results_behavior_windows\all_or_nothing\coupling_rl1_c1\raw_runs\map_0230.raw,C:\Users\vchat\Downloads\Vaishnavi_s_Thesis\automation\results_behavior_windows\all_or_nothing\coupling_rl1_c1\raw_runs\map_0230.log,C:\Users\vchat\Downloads\Vaishnavi_s_Thesis\automation\results_behavior_windows\all_or_nothing\coupling_rl1_c1\plots\map_0230.png,,,
231,ok,6250.0,4.346573460111787e-09,C:\Users\vchat\Downloads\Vaishnavi_s_Thesis\automation\results_behavior_windows\all_or_nothing\coupling_rl1_c1\raw_runs\map_0231.raw,C:\Users\vchat\Downloads\Vaishnavi_s_Thesis\automation\results_behavior_windows\all_or_nothing\coupling_rl1_c1\raw_runs\map_0231.log,C:\Users\vchat\Downloads\Vaishnavi_s_Thesis\automation\results_behavior_windows\all_or_nothing\coupling_rl1_c1\plots\map_0231.png,,,
232,ok,6250.0,5.148168199283139e-09,C:\Users\vchat\Downloads\Vaishnavi_s_Thesis\automation\results_behavior_windows\all_or_nothing\coupling_rl1_c1\raw_runs\map_0232.raw,C:\Users\vchat\Downloads\Vaishnavi_s_Thesis\automation\results_behavior_windows\all_or_nothing\coupling_rl1_c1\raw_runs\map_0232.log,C:\Users\vchat\Downloads\Vaishnavi_s_Thesis\automation\results_behavior_windows\all_or_nothing\coupling_rl1_c1\plots\map_0232.png,,,
233,ok,6250.0,6.09759297785538e-09,C:\Users\vchat\Downloads\Vaishnavi_s_Thesis\automation\results_behavior_windows\all_or_nothing\coupling_rl1_c1\raw_runs\map_0233.raw,C:\Users\vchat\Downloads\Vaishnavi_s_Thesis\automation\results_behavior_windows\all_or_nothing\coupling_rl1_c1\raw_runs\map_0233.log,C:\Users\vchat\Downloads\Vaishnavi_s_Thesis\automation\results_behavior_windows\all_or_nothing\coupling_rl1_c1\plots\map_0233.png,,,
234,ok,6250.0,7.222110600187557e-09,C:\Users\vchat\Downloads\Vaishnavi_s_Thesis\automation\results_behavior_windows\all_or_nothing\coupling_rl1_c1\raw_runs\map_0234.raw,C:\Users\vchat\Downloads\Vaishnavi_s_Thesis\automation\results_behavior_windows\all_or_nothing\coupling_rl1_c1\raw_runs\map_0234.log,C:\Users\vchat\Downloads\Vaishnavi_s_Thesis\automation\results_behavior_windows\all_or_nothing\coupling_rl1_c1\plots\map_0234.png,,,
235,ok,6250.0,8.55401167489644e-09,C:\Users\vchat\Downloads\Vaishnavi_s_Thesis\automation\results_behavior_windows\all_or_nothing\coupling_rl1_c1\raw_runs\map_0235.raw,C:\Users\vchat\Downloads\Vaishnavi_s_Thesis\automation\results_behavior_windows\all_or_nothing\coupling_rl1_c1\raw_runs\map_0235.log,C:\Users\vchat\Downloads\Vaishnavi_s_Thesis\automation\results_behavior_windows\all_or_nothing\coupling_rl1_c1\plots\map_0235.png,,,
236,ok,6250.0,1.0131541842126369e-08,C:\Users\vchat\Downloads\Vaishnavi_s_Thesis\automation\results_behavior_windows\all_or_nothing\coupling_rl1_c1\raw_runs\map_0236.raw,C:\Users\vchat\Downloads\Vaishnavi_s_Thesis\automation\results_behavior_windows\all_or_nothing\coupling_rl1_c1\raw_runs\map_0236.log,C:\Users\vchat\Downloads\Vaishnavi_s_Thesis\automation\results_behavior_windows\all_or_nothing\coupling_rl1_c1\plots\map_0236.png,,,
237,ok,6250.0,1.2000000000000008e-08,C:\Users\vchat\Downloads\Vaishnavi_s_Thesis\automation\results_behavior_windows\all_or_nothing\coupling_rl1_c1\raw_runs\map_0237.raw,C:\Users\vchat\Downloads\Vaishnavi_s_Thesis\automation\results_behavior_windows\all_or_nothing\coupling_rl1_c1\raw_runs\map_0237.log,C:\Users\vchat\Downloads\Vaishnavi_s_Thesis\automation\results_behavior_windows\all_or_nothing\coupling_rl1_c1\plots\map_0237.png,,,
238,ok,6500.0,8.000000000000003e-10,C:\Users\vchat\Downloads\Vaishnavi_s_Thesis\automation\results_behavior_windows\all_or_nothing\coupling_rl1_c1\raw_runs\map_0238.raw,C:\Users\vchat\Downloads\Vaishnavi_s_Thesis\automation\results_behavior_windows\all_or_nothing\coupling_rl1_c1\raw_runs\map_0238.log,C:\Users\vchat\Downloads\Vaishnavi_s_Thesis\automation\results_behavior_windows\all_or_nothing\coupling_rl1_c1\plots\map_0238.png,,,
239,ok,6500.0,9.47535937727046e-10,C:\Users\vchat\Downloads\Vaishnavi_s_Thesis\automation\results_behavior_windows\all_or_nothing\coupling_rl1_c1\raw_runs\map_0239.raw,C:\Users\vchat\Downloads\Vaishnavi_s_Thesis\automation\results_behavior_windows\all_or_nothing\coupling_rl1_c1\raw_runs\map_0239.log,C:\Users\vchat\Downloads\Vaishnavi_s_Thesis\automation\results_behavior_windows\all_or_nothing\coupling_rl1_c1\plots\map_0239.png,,,
240,ok,6500.0,1.1222804416053399e-09,C:\Users\vchat\Downloads\Vaishnavi_s_Thesis\automation\results_behavior_windows\all_or_nothing\coupling_rl1_c1\raw_runs\map_0240.raw,C:\Users\vchat\Downloads\Vaishnavi_s_Thesis\automation\results_behavior_windows\all_or_nothing\coupling_rl1_c1\raw_runs\map_0240.log,C:\Users\vchat\Downloads\Vaishnavi_s_Thesis\automation\results_behavior_windows\all_or_nothing\coupling_rl1_c1\plots\map_0240.png,,,
241,ok,6500.0,1.329251313286548e-09,C:\Users\vchat\Downloads\Vaishnavi_s_Thesis\automation\results_behavior_windows\all_or_nothing\coupling_rl1_c1\raw_runs\map_0241.raw,C:\Users\vchat\Downloads\Vaishnavi_s_Thesis\automation\results_behavior_windows\all_or_nothing\coupling_rl1_c1\raw_runs\map_0241.log,C:\Users\vchat\Downloads\Vaishnavi_s_Thesis\automation\results_behavior_windows\all_or_nothing\coupling_rl1_c1\plots\map_0241.png,,,
242,ok,6500.0,1.574391737012345e-09,C:\Users\vchat\Downloads\Vaishnavi_s_Thesis\automation\results_behavior_windows\all_or_nothing\coupling_rl1_c1\raw_runs\map_0242.raw,C:\Users\vchat\Downloads\Vaishnavi_s_Thesis\automation\results_behavior_windows\all_or_nothing\coupling_rl1_c1\raw_runs\map_0242.log,C:\Users\vchat\Downloads\Vaishnavi_s_Thesis\automation\results_behavior_windows\all_or_nothing\coupling_rl1_c1\plots\map_0242.png,,,
243,ok,6500.0,1.8647409385996303e-09,C:\Users\vchat\Downloads\Vaishnavi_s_Thesis\automation\results_behavior_windows\all_or_nothing\coupling_rl1_c1\raw_runs\map_0243.raw,C:\Users\vchat\Downloads\Vaishnavi_s_Thesis\automation\results_behavior_windows\all_or_nothing\coupling_rl1_c1\raw_runs\map_0243.log,C:\Users\vchat\Downloads\Vaishnavi_s_Thesis\automation\results_behavior_windows\all_or_nothing\coupling_rl1_c1\plots\map_0243.png,,,
244,ok,6500.0,2.208636317342515e-09,C:\Users\vchat\Downloads\Vaishnavi_s_Thesis\automation\results_behavior_windows\all_or_nothing\coupling_rl1_c1\raw_runs\map_0244.raw,C:\Users\vchat\Downloads\Vaishnavi_s_Thesis\automation\results_behavior_windows\all_or_nothing\coupling_rl1_c1\raw_runs\map_0244.log,C:\Users\vchat\Downloads\Vaishnavi_s_Thesis\automation\results_behavior_windows\all_or_nothing\coupling_rl1_c1\plots\map_0244.png,,,
245,ok,6500.0,2.6159528550639355e-09,C:\Users\vchat\Downloads\Vaishnavi_s_Thesis\automation\results_behavior_windows\all_or_nothing\coupling_rl1_c1\raw_runs\map_0245.raw,C:\Users\vchat\Downloads\Vaishnavi_s_Thesis\automation\results_behavior_windows\all_or_nothing\coupling_rl1_c1\raw_runs\map_0245.log,C:\Users\vchat\Downloads\Vaishnavi_s_Thesis\automation\results_behavior_windows\all_or_nothing\coupling_rl1_c1\plots\map_0245.png,,,
246,ok,6500.0,3.098386676965935e-09,C:\Users\vchat\Downloads\Vaishnavi_s_Thesis\automation\results_behavior_windows\all_or_nothing\coupling_rl1_c1\raw_runs\map_0246.raw,C:\Users\vchat\Downloads\Vaishnavi_s_Thesis\automation\results_behavior_windows\all_or_nothing\coupling_rl1_c1\raw_runs\map_0246.log,C:\Users\vchat\Downloads\Vaishnavi_s_Thesis\automation\results_behavior_windows\all_or_nothing\coupling_rl1_c1\plots\map_0246.png,,,
247,ok,6500.0,3.6697909067498772e-09,C:\Users\vchat\Downloads\Vaishnavi_s_Thesis\automation\results_behavior_windows\all_or_nothing\coupling_rl1_c1\raw_runs\map_0247.raw,C:\Users\vchat\Downloads\Vaishnavi_s_Thesis\automation\results_behavior_windows\all_or_nothing\coupling_rl1_c1\raw_runs\map_0247.log,C:\Users\vchat\Downloads\Vaishnavi_s_Thesis\automation\results_behavior_windows\all_or_nothing\coupling_rl1_c1\plots\map_0247.png,,,
248,ok,6500.0,4.346573460111787e-09,C:\Users\vchat\Downloads\Vaishnavi_s_Thesis\automation\results_behavior_windows\all_or_nothing\coupling_rl1_c1\raw_runs\map_0248.raw,C:\Users\vchat\Downloads\Vaishnavi_s_Thesis\automation\results_behavior_windows\all_or_nothing\coupling_rl1_c1\raw_runs\map_0248.log,C:\Users\vchat\Downloads\Vaishnavi_s_Thesis\automation\results_behavior_windows\all_or_nothing\coupling_rl1_c1\plots\map_0248.png,,,
249,ok,6500.0,5.148168199283139e-09,C:\Users\vchat\Downloads\Vaishnavi_s_Thesis\automation\results_behavior_windows\all_or_nothing\coupling_rl1_c1\raw_runs\map_0249.raw,C:\Users\vchat\Downloads\Vaishnavi_s_Thesis\automation\results_behavior_windows\all_or_nothing\coupling_rl1_c1\raw_runs\map_0249.log,C:\Users\vchat\Downloads\Vaishnavi_s_Thesis\automation\results_behavior_windows\all_or_nothing\coupling_rl1_c1\plots\map_0249.png,,,
250,ok,6500.0,6.09759297785538e-09,C:\Users\vchat\Downloads\Vaishnavi_s_Thesis\automation\results_behavior_windows\all_or_nothing\coupling_rl1_c1\raw_runs\map_0250.raw,C:\Users\vchat\Downloads\Vaishnavi_s_Thesis\automation\results_behavior_windows\all_or_nothing\coupling_rl1_c1\raw_runs\map_0250.log,C:\Users\vchat\Downloads\Vaishnavi_s_Thesis\automation\results_behavior_windows\all_or_nothing\coupling_rl1_c1\plots\map_0250.png,,,
251,ok,6500.0,7.222110600187557e-09,C:\Users\vchat\Downloads\Vaishnavi_s_Thesis\automation\results_behavior_windows\all_or_nothing\coupling_rl1_c1\raw_runs\map_0251.raw,C:\Users\vchat\Downloads\Vaishnavi_s_Thesis\automation\results_behavior_windows\all_or_nothing\coupling_rl1_c1\raw_runs\map_0251.log,C:\Users\vchat\Downloads\Vaishnavi_s_Thesis\automation\results_behavior_windows\all_or_nothing\coupling_rl1_c1\plots\map_0251.png,,,
252,ok,6500.0,8.55401167489644e-09,C:\Users\vchat\Downloads\Vaishnavi_s_Thesis\automation\results_behavior_windows\all_or_nothing\coupling_rl1_c1\raw_runs\map_0252.raw,C:\Users\vchat\Downloads\Vaishnavi_s_Thesis\automation\results_behavior_windows\all_or_nothing\coupling_rl1_c1\raw_runs\map_0252.log,C:\Users\vchat\Downloads\Vaishnavi_s_Thesis\automation\results_behavior_windows\all_or_nothing\coupling_rl1_c1\plots\map_0252.png,,,
253,ok,6500.0,1.0131541842126369e-08,C:\Users\vchat\Downloads\Vaishnavi_s_Thesis\automation\results_behavior_windows\all_or_nothing\coupling_rl1_c1\raw_runs\map_0253.raw,C:\Users\vchat\Downloads\Vaishnavi_s_Thesis\automation\results_behavior_windows\all_or_nothing\coupling_rl1_c1\raw_runs\map_0253.log,C:\Users\vchat\Downloads\Vaishnavi_s_Thesis\automation\results_behavior_windows\all_or_nothing\coupling_rl1_c1\plots\map_0253.png,,,
254,ok,6500.0,1.2000000000000008e-08,C:\Users\vchat\Downloads\Vaishnavi_s_Thesis\automation\results_behavior_windows\all_or_nothing\coupling_rl1_c1\raw_runs\map_0254.raw,C:\Users\vchat\Downloads\Vaishnavi_s_Thesis\automation\results_behavior_windows\all_or_nothing\coupling_rl1_c1\raw_runs\map_0254.log,C:\Users\vchat\Downloads\Vaishnavi_s_Thesis\automation\results_behavior_windows\all_or_nothing\coupling_rl1_c1\plots\map_0254.png,,,
255,ok,6750.0,8.000000000000003e-10,C:\Users\vchat\Downloads\Vaishnavi_s_Thesis\automation\results_behavior_windows\all_or_nothing\coupling_rl1_c1\raw_runs\map_0255.raw,C:\Users\vchat\Downloads\Vaishnavi_s_Thesis\automation\results_behavior_windows\all_or_nothing\coupling_rl1_c1\raw_runs\map_0255.log,C:\Users\vchat\Downloads\Vaishnavi_s_Thesis\automation\results_behavior_windows\all_or_nothing\coupling_rl1_c1\plots\map_0255.png,,,
256,ok,6750.0,9.47535937727046e-10,C:\Users\vchat\Downloads\Vaishnavi_s_Thesis\automation\results_behavior_windows\all_or_nothing\coupling_rl1_c1\raw_runs\map_0256.raw,C:\Users\vchat\Downloads\Vaishnavi_s_Thesis\automation\results_behavior_windows\all_or_nothing\coupling_rl1_c1\raw_runs\map_0256.log,C:\Users\vchat\Downloads\Vaishnavi_s_Thesis\automation\results_behavior_windows\all_or_nothing\coupling_rl1_c1\plots\map_0256.png,,,
257,ok,6750.0,1.1222804416053399e-09,C:\Users\vchat\Downloads\Vaishnavi_s_Thesis\automation\results_behavior_windows\all_or_nothing\coupling_rl1_c1\raw_runs\map_0257.raw,C:\Users\vchat\Downloads\Vaishnavi_s_Thesis\automation\results_behavior_windows\all_or_nothing\coupling_rl1_c1\raw_runs\map_0257.log,C:\Users\vchat\Downloads\Vaishnavi_s_Thesis\automation\results_behavior_windows\all_or_nothing\coupling_rl1_c1\plots\map_0257.png,,,
258,ok,6750.0,1.329251313286548e-09,C:\Users\vchat\Downloads\Vaishnavi_s_Thesis\automation\results_behavior_windows\all_or_nothing\coupling_rl1_c1\raw_runs\map_0258.raw,C:\Users\vchat\Downloads\Vaishnavi_s_Thesis\automation\results_behavior_windows\all_or_nothing\coupling_rl1_c1\raw_runs\map_0258.log,C:\Users\vchat\Downloads\Vaishnavi_s_Thesis\automation\results_behavior_windows\all_or_nothing\coupling_rl1_c1\plots\map_0258.png,,,
259,ok,6750.0,1.574391737012345e-09,C:\Users\vchat\Downloads\Vaishnavi_s_Thesis\automation\results_behavior_windows\all_or_nothing\coupling_rl1_c1\raw_runs\map_0259.raw,C:\Users\vchat\Downloads\Vaishnavi_s_Thesis\automation\results_behavior_windows\all_or_nothing\coupling_rl1_c1\raw_runs\map_0259.log,C:\Users\vchat\Downloads\Vaishnavi_s_Thesis\automation\results_behavior_windows\all_or_nothing\coupling_rl1_c1\plots\map_0259.png,,,
260,ok,6750.0,1.8647409385996303e-09,C:\Users\vchat\Downloads\Vaishnavi_s_Thesis\automation\results_behavior_windows\all_or_nothing\coupling_rl1_c1\raw_runs\map_0260.raw,C:\Users\vchat\Downloads\Vaishnavi_s_Thesis\automation\results_behavior_windows\all_or_nothing\coupling_rl1_c1\raw_runs\map_0260.log,C:\Users\vchat\Downloads\Vaishnavi_s_Thesis\automation\results_behavior_windows\all_or_nothing\coupling_rl1_c1\plots\map_0260.png,,,
261,ok,6750.0,2.208636317342515e-09,C:\Users\vchat\Downloads\Vaishnavi_s_Thesis\automation\results_behavior_windows\all_or_nothing\coupling_rl1_c1\raw_runs\map_0261.raw,C:\Users\vchat\Downloads\Vaishnavi_s_Thesis\automation\results_behavior_windows\all_or_nothing\coupling_rl1_c1\raw_runs\map_0261.log,C:\Users\vchat\Downloads\Vaishnavi_s_Thesis\automation\results_behavior_windows\all_or_nothing\coupling_rl1_c1\plots\map_0261.png,,,
262,ok,6750.0,2.6159528550639355e-09,C:\Users\vchat\Downloads\Vaishnavi_s_Thesis\automation\results_behavior_windows\all_or_nothing\coupling_rl1_c1\raw_runs\map_0262.raw,C:\Users\vchat\Downloads\Vaishnavi_s_Thesis\automation\results_behavior_windows\all_or_nothing\coupling_rl1_c1\raw_runs\map_0262.log,C:\Users\vchat\Downloads\Vaishnavi_s_Thesis\automation\results_behavior_windows\all_or_nothing\coupling_rl1_c1\plots\map_0262.png,,,
263,ok,6750.0,3.098386676965935e-09,C:\Users\vchat\Downloads\Vaishnavi_s_Thesis\automation\results_behavior_windows\all_or_nothing\coupling_rl1_c1\raw_runs\map_0263.raw,C:\Users\vchat\Downloads\Vaishnavi_s_Thesis\automation\results_behavior_windows\all_or_nothing\coupling_rl1_c1\raw_runs\map_0263.log,C:\Users\vchat\Downloads\Vaishnavi_s_Thesis\automation\results_behavior_windows\all_or_nothing\coupling_rl1_c1\plots\map_0263.png,,,
264,ok,6750.0,3.6697909067498772e-09,C:\Users\vchat\Downloads\Vaishnavi_s_Thesis\automation\results_behavior_windows\all_or_nothing\coupling_rl1_c1\raw_runs\map_0264.raw,C:\Users\vchat\Downloads\Vaishnavi_s_Thesis\automation\results_behavior_windows\all_or_nothing\coupling_rl1_c1\raw_runs\map_0264.log,C:\Users\vchat\Downloads\Vaishnavi_s_Thesis\automation\results_behavior_windows\all_or_nothing\coupling_rl1_c1\plots\map_0264.png,,,
265,ok,6750.0,4.346573460111787e-09,C:\Users\vchat\Downloads\Vaishnavi_s_Thesis\automation\results_behavior_windows\all_or_nothing\coupling_rl1_c1\raw_runs\map_0265.raw,C:\Users\vchat\Downloads\Vaishnavi_s_Thesis\automation\results_behavior_windows\all_or_nothing\coupling_rl1_c1\raw_runs\map_0265.log,C:\Users\vchat\Downloads\Vaishnavi_s_Thesis\automation\results_behavior_windows\all_or_nothing\coupling_rl1_c1\plots\map_0265.png,,,
266,ok,6750.0,5.148168199283139e-09,C:\Users\vchat\Downloads\Vaishnavi_s_Thesis\automation\results_behavior_windows\all_or_nothing\coupling_rl1_c1\raw_runs\map_0266.raw,C:\Users\vchat\Downloads\Vaishnavi_s_Thesis\automation\results_behavior_windows\all_or_nothing\coupling_rl1_c1\raw_runs\map_0266.log,C:\Users\vchat\Downloads\Vaishnavi_s_Thesis\automation\results_behavior_windows\all_or_nothing\coupling_rl1_c1\plots\map_0266.png,,,
267,ok,6750.0,6.09759297785538e-09,C:\Users\vchat\Downloads\Vaishnavi_s_Thesis\automation\results_behavior_windows\all_or_nothing\coupling_rl1_c1\raw_runs\map_0267.raw,C:\Users\vchat\Downloads\Vaishnavi_s_Thesis\automation\results_behavior_windows\all_or_nothing\coupling_rl1_c1\raw_runs\map_0267.log,C:\Users\vchat\Downloads\Vaishnavi_s_Thesis\automation\results_behavior_windows\all_or_nothing\coupling_rl1_c1\plots\map_0267.png,,,
268,ok,6750.0,7.222110600187557e-09,C:\Users\vchat\Downloads\Vaishnavi_s_Thesis\automation\results_behavior_windows\all_or_nothing\coupling_rl1_c1\raw_runs\map_0268.raw,C:\Users\vchat\Downloads\Vaishnavi_s_Thesis\automation\results_behavior_windows\all_or_nothing\coupling_rl1_c1\raw_runs\map_0268.log,C:\Users\vchat\Downloads\Vaishnavi_s_Thesis\automation\results_behavior_windows\all_or_nothing\coupling_rl1_c1\plots\map_0268.png,,,
269,ok,6750.0,8.55401167489644e-09,C:\Users\vchat\Downloads\Vaishnavi_s_Thesis\automation\results_behavior_windows\all_or_nothing\coupling_rl1_c1\raw_runs\map_0269.raw,C:\Users\vchat\Downloads\Vaishnavi_s_Thesis\automation\results_behavior_windows\all_or_nothing\coupling_rl1_c1\raw_runs\map_0269.log,C:\Users\vchat\Downloads\Vaishnavi_s_Thesis\automation\results_behavior_windows\all_or_nothing\coupling_rl1_c1\plots\map_0269.png,,,
270,ok,6750.0,1.0131541842126369e-08,C:\Users\vchat\Downloads\Vaishnavi_s_Thesis\automation\results_behavior_windows\all_or_nothing\coupling_rl1_c1\raw_runs\map_0270.raw,C:\Users\vchat\Downloads\Vaishnavi_s_Thesis\automation\results_behavior_windows\all_or_nothing\coupling_rl1_c1\raw_runs\map_0270.log,C:\Users\vchat\Downloads\Vaishnavi_s_Thesis\automation\results_behavior_windows\all_or_nothing\coupling_rl1_c1\plots\map_0270.png,,,
271,ok,6750.0,1.2000000000000008e-08,C:\Users\vchat\Downloads\Vaishnavi_s_Thesis\automation\results_behavior_windows\all_or_nothing\coupling_rl1_c1\raw_runs\map_0271.raw,C:\Users\vchat\Downloads\Vaishnavi_s_Thesis\automation\results_behavior_windows\all_or_nothing\coupling_rl1_c1\raw_runs\map_0271.log,C:\Users\vchat\Downloads\Vaishnavi_s_Thesis\automation\results_behavior_windows\all_or_nothing\coupling_rl1_c1\plots\map_0271.png,,,
272,ok,7000.0,8.000000000000003e-10,C:\Users\vchat\Downloads\Vaishnavi_s_Thesis\automation\results_behavior_windows\all_or_nothing\coupling_rl1_c1\raw_runs\map_0272.raw,C:\Users\vchat\Downloads\Vaishnavi_s_Thesis\automation\results_behavior_windows\all_or_nothing\coupling_rl1_c1\raw_runs\map_0272.log,C:\Users\vchat\Downloads\Vaishnavi_s_Thesis\automation\results_behavior_windows\all_or_nothing\coupling_rl1_c1\plots\map_0272.png,,,
273,ok,7000.0,9.47535937727046e-10,C:\Users\vchat\Downloads\Vaishnavi_s_Thesis\automation\results_behavior_windows\all_or_nothing\coupling_rl1_c1\raw_runs\map_0273.raw,C:\Users\vchat\Downloads\Vaishnavi_s_Thesis\automation\results_behavior_windows\all_or_nothing\coupling_rl1_c1\raw_runs\map_0273.log,C:\Users\vchat\Downloads\Vaishnavi_s_Thesis\automation\results_behavior_windows\all_or_nothing\coupling_rl1_c1\plots\map_0273.png,,,
274,ok,7000.0,1.1222804416053399e-09,C:\Users\vchat\Downloads\Vaishnavi_s_Thesis\automation\results_behavior_windows\all_or_nothing\coupling_rl1_c1\raw_runs\map_0274.raw,C:\Users\vchat\Downloads\Vaishnavi_s_Thesis\automation\results_behavior_windows\all_or_nothing\coupling_rl1_c1\raw_runs\map_0274.log,C:\Users\vchat\Downloads\Vaishnavi_s_Thesis\automation\results_behavior_windows\all_or_nothing\coupling_rl1_c1\plots\map_0274.png,,,
275,ok,7000.0,1.329251313286548e-09,C:\Users\vchat\Downloads\Vaishnavi_s_Thesis\automation\results_behavior_windows\all_or_nothing\coupling_rl1_c1\raw_runs\map_0275.raw,C:\Users\vchat\Downloads\Vaishnavi_s_Thesis\automation\results_behavior_windows\all_or_nothing\coupling_rl1_c1\raw_runs\map_0275.log,C:\Users\vchat\Downloads\Vaishnavi_s_Thesis\automation\results_behavior_windows\all_or_nothing\coupling_rl1_c1\plots\map_0275.png,,,
276,ok,7000.0,1.574391737012345e-09,C:\Users\vchat\Downloads\Vaishnavi_s_Thesis\automation\results_behavior_windows\all_or_nothing\coupling_rl1_c1\raw_runs\map_0276.raw,C:\Users\vchat\Downloads\Vaishnavi_s_Thesis\automation\results_behavior_windows\all_or_nothing\coupling_rl1_c1\raw_runs\map_0276.log,C:\Users\vchat\Downloads\Vaishnavi_s_Thesis\automation\results_behavior_windows\all_or_nothing\coupling_rl1_c1\plots\map_0276.png,,,
277,ok,7000.0,1.8647409385996303e-09,C:\Users\vchat\Downloads\Vaishnavi_s_Thesis\automation\results_behavior_windows\all_or_nothing\coupling_rl1_c1\raw_runs\map_0277.raw,C:\Users\vchat\Downloads\Vaishnavi_s_Thesis\automation\results_behavior_windows\all_or_nothing\coupling_rl1_c1\raw_runs\map_0277.log,C:\Users\vchat\Downloads\Vaishnavi_s_Thesis\automation\results_behavior_windows\all_or_nothing\coupling_rl1_c1\plots\map_0277.png,,,
278,ok,7000.0,2.208636317342515e-09,C:\Users\vchat\Downloads\Vaishnavi_s_Thesis\automation\results_behavior_windows\all_or_nothing\coupling_rl1_c1\raw_runs\map_0278.raw,C:\Users\vchat\Downloads\Vaishnavi_s_Thesis\automation\results_behavior_windows\all_or_nothing\coupling_rl1_c1\raw_runs\map_0278.log,C:\Users\vchat\Downloads\Vaishnavi_s_Thesis\automation\results_behavior_windows\all_or_nothing\coupling_rl1_c1\plots\map_0278.png,,,
279,ok,7000.0,2.6159528550639355e-09,C:\Users\vchat\Downloads\Vaishnavi_s_Thesis\automation\results_behavior_windows\all_or_nothing\coupling_rl1_c1\raw_runs\map_0279.raw,C:\Users\vchat\Downloads\Vaishnavi_s_Thesis\automation\results_behavior_windows\all_or_nothing\coupling_rl1_c1\raw_runs\map_0279.log,C:\Users\vchat\Downloads\Vaishnavi_s_Thesis\automation\results_behavior_windows\all_or_nothing\coupling_rl1_c1\plots\map_0279.png,,,
280,ok,7000.0,3.098386676965935e-09,C:\Users\vchat\Downloads\Vaishnavi_s_Thesis\automation\results_behavior_windows\all_or_nothing\coupling_rl1_c1\raw_runs\map_0280.raw,C:\Users\vchat\Downloads\Vaishnavi_s_Thesis\automation\results_behavior_windows\all_or_nothing\coupling_rl1_c1\raw_runs\map_0280.log,C:\Users\vchat\Downloads\Vaishnavi_s_Thesis\automation\results_behavior_windows\all_or_nothing\coupling_rl1_c1\plots\map_0280.png,,,
281,ok,7000.0,3.6697909067498772e-09,C:\Users\vchat\Downloads\Vaishnavi_s_Thesis\automation\results_behavior_windows\all_or_nothing\coupling_rl1_c1\raw_runs\map_0281.raw,C:\Users\vchat\Downloads\Vaishnavi_s_Thesis\automation\results_behavior_windows\all_or_nothing\coupling_rl1_c1\raw_runs\map_0281.log,C:\Users\vchat\Downloads\Vaishnavi_s_Thesis\automation\results_behavior_windows\all_or_nothing\coupling_rl1_c1\plots\map_0281.png,,,
282,ok,7000.0,4.346573460111787e-09,C:\Users\vchat\Downloads\Vaishnavi_s_Thesis\automation\results_behavior_windows\all_or_nothing\coupling_rl1_c1\raw_runs\map_0282.raw,C:\Users\vchat\Downloads\Vaishnavi_s_Thesis\automation\results_behavior_windows\all_or_nothing\coupling_rl1_c1\raw_runs\map_0282.log,C:\Users\vchat\Downloads\Vaishnavi_s_Thesis\automation\results_behavior_windows\all_or_nothing\coupling_rl1_c1\plots\map_0282.png,,,
283,ok,7000.0,5.148168199283139e-09,C:\Users\vchat\Downloads\Vaishnavi_s_Thesis\automation\results_behavior_windows\all_or_nothing\coupling_rl1_c1\raw_runs\map_0283.raw,C:\Users\vchat\Downloads\Vaishnavi_s_Thesis\automation\results_behavior_windows\all_or_nothing\coupling_rl1_c1\raw_runs\map_0283.log,C:\Users\vchat\Downloads\Vaishnavi_s_Thesis\automation\results_behavior_windows\all_or_nothing\coupling_rl1_c1\plots\map_0283.png,,,
284,ok,7000.0,6.09759297785538e-09,C:\Users\vchat\Downloads\Vaishnavi_s_Thesis\automation\results_behavior_windows\all_or_nothing\coupling_rl1_c1\raw_runs\map_0284.raw,C:\Users\vchat\Downloads\Vaishnavi_s_Thesis\automation\results_behavior_windows\all_or_nothing\coupling_rl1_c1\raw_runs\map_0284.log,C:\Users\vchat\Downloads\Vaishnavi_s_Thesis\automation\results_behavior_windows\all_or_nothing\coupling_rl1_c1\plots\map_0284.png,,,
285,ok,7000.0,7.222110600187557e-09,C:\Users\vchat\Downloads\Vaishnavi_s_Thesis\automation\results_behavior_windows\all_or_nothing\coupling_rl1_c1\raw_runs\map_0285.raw,C:\Users\vchat\Downloads\Vaishnavi_s_Thesis\automation\results_behavior_windows\all_or_nothing\coupling_rl1_c1\raw_runs\map_0285.log,C:\Users\vchat\Downloads\Vaishnavi_s_Thesis\automation\results_behavior_windows\all_or_nothing\coupling_rl1_c1\plots\map_0285.png,,,
286,ok,7000.0,8.55401167489644e-09,C:\Users\vchat\Downloads\Vaishnavi_s_Thesis\automation\results_behavior_windows\all_or_nothing\coupling_rl1_c1\raw_runs\map_0286.raw,C:\Users\vchat\Downloads\Vaishnavi_s_Thesis\automation\results_behavior_windows\all_or_nothing\coupling_rl1_c1\raw_runs\map_0286.log,C:\Users\vchat\Downloads\Vaishnavi_s_Thesis\automation\results_behavior_windows\all_or_nothing\coupling_rl1_c1\plots\map_0286.png,,,
287,ok,7000.0,1.0131541842126369e-08,C:\Users\vchat\Downloads\Vaishnavi_s_Thesis\automation\results_behavior_windows\all_or_nothing\coupling_rl1_c1\raw_runs\map_0287.raw,C:\Users\vchat\Downloads\Vaishnavi_s_Thesis\automation\results_behavior_windows\all_or_nothing\coupling_rl1_c1\raw_runs\map_0287.log,C:\Users\vchat\Downloads\Vaishnavi_s_Thesis\automation\results_behavior_windows\all_or_nothing\coupling_rl1_c1\plots\map_0287.png,,,
288,ok,7000.0,1.2000000000000008e-08,C:\Users\vchat\Downloads\Vaishnavi_s_Thesis\automation\results_behavior_windows\all_or_nothing\coupling_rl1_c1\raw_runs\map_0288.raw,C:\Users\vchat\Downloads\Vaishnavi_s_Thesis\automation\results_behavior_windows\all_or_nothing\coupling_rl1_c1\raw_runs\map_0288.log,C:\Users\vchat\Downloads\Vaishnavi_s_Thesis\automation\results_behavior_windows\all_or_nothing\coupling_rl1_c1\plots\map_0288.png,,,
289,ok,7250.0,8.000000000000003e-10,C:\Users\vchat\Downloads\Vaishnavi_s_Thesis\automation\results_behavior_windows\all_or_nothing\coupling_rl1_c1\raw_runs\map_0289.raw,C:\Users\vchat\Downloads\Vaishnavi_s_Thesis\automation\results_behavior_windows\all_or_nothing\coupling_rl1_c1\raw_runs\map_0289.log,C:\Users\vchat\Downloads\Vaishnavi_s_Thesis\automation\results_behavior_windows\all_or_nothing\coupling_rl1_c1\plots\map_0289.png,,,
290,ok,7250.0,9.47535937727046e-10,C:\Users\vchat\Downloads\Vaishnavi_s_Thesis\automation\results_behavior_windows\all_or_nothing\coupling_rl1_c1\raw_runs\map_0290.raw,C:\Users\vchat\Downloads\Vaishnavi_s_Thesis\automation\results_behavior_windows\all_or_nothing\coupling_rl1_c1\raw_runs\map_0290.log,C:\Users\vchat\Downloads\Vaishnavi_s_Thesis\automation\results_behavior_windows\all_or_nothing\coupling_rl1_c1\plots\map_0290.png,,,
291,ok,7250.0,1.1222804416053399e-09,C:\Users\vchat\Downloads\Vaishnavi_s_Thesis\automation\results_behavior_windows\all_or_nothing\coupling_rl1_c1\raw_runs\map_0291.raw,C:\Users\vchat\Downloads\Vaishnavi_s_Thesis\automation\results_behavior_windows\all_or_nothing\coupling_rl1_c1\raw_runs\map_0291.log,C:\Users\vchat\Downloads\Vaishnavi_s_Thesis\automation\results_behavior_windows\all_or_nothing\coupling_rl1_c1\plots\map_0291.png,,,
292,ok,7250.0,1.329251313286548e-09,C:\Users\vchat\Downloads\Vaishnavi_s_Thesis\automation\results_behavior_windows\all_or_nothing\coupling_rl1_c1\raw_runs\map_0292.raw,C:\Users\vchat\Downloads\Vaishnavi_s_Thesis\automation\results_behavior_windows\all_or_nothing\coupling_rl1_c1\raw_runs\map_0292.log,C:\Users\vchat\Downloads\Vaishnavi_s_Thesis\automation\results_behavior_windows\all_or_nothing\coupling_rl1_c1\plots\map_0292.png,,,
293,ok,7250.0,1.574391737012345e-09,C:\Users\vchat\Downloads\Vaishnavi_s_Thesis\automation\results_behavior_windows\all_or_nothing\coupling_rl1_c1\raw_runs\map_0293.raw,C:\Users\vchat\Downloads\Vaishnavi_s_Thesis\automation\results_behavior_windows\all_or_nothing\coupling_rl1_c1\raw_runs\map_0293.log,C:\Users\vchat\Downloads\Vaishnavi_s_Thesis\automation\results_behavior_windows\all_or_nothing\coupling_rl1_c1\plots\map_0293.png,,,
294,ok,7250.0,1.8647409385996303e-09,C:\Users\vchat\Downloads\Vaishnavi_s_Thesis\automation\results_behavior_windows\all_or_nothing\coupling_rl1_c1\raw_runs\map_0294.raw,C:\Users\vchat\Downloads\Vaishnavi_s_Thesis\automation\results_behavior_windows\all_or_nothing\coupling_rl1_c1\raw_runs\map_0294.log,C:\Users\vchat\Downloads\Vaishnavi_s_Thesis\automation\results_behavior_windows\all_or_nothing\coupling_rl1_c1\plots\map_0294.png,,,
295,ok,7250.0,2.208636317342515e-09,C:\Users\vchat\Downloads\Vaishnavi_s_Thesis\automation\results_behavior_windows\all_or_nothing\coupling_rl1_c1\raw_runs\map_0295.raw,C:\Users\vchat\Downloads\Vaishnavi_s_Thesis\automation\results_behavior_windows\all_or_nothing\coupling_rl1_c1\raw_runs\map_0295.log,C:\Users\vchat\Downloads\Vaishnavi_s_Thesis\automation\results_behavior_windows\all_or_nothing\coupling_rl1_c1\plots\map_0295.png,,,
296,ok,7250.0,2.6159528550639355e-09,C:\Users\vchat\Downloads\Vaishnavi_s_Thesis\automation\results_behavior_windows\all_or_nothing\coupling_rl1_c1\raw_runs\map_0296.raw,C:\Users\vchat\Downloads\Vaishnavi_s_Thesis\automation\results_behavior_windows\all_or_nothing\coupling_rl1_c1\raw_runs\map_0296.log,C:\Users\vchat\Downloads\Vaishnavi_s_Thesis\automation\results_behavior_windows\all_or_nothing\coupling_rl1_c1\plots\map_0296.png,,,
297,ok,7250.0,3.098386676965935e-09,C:\Users\vchat\Downloads\Vaishnavi_s_Thesis\automation\results_behavior_windows\all_or_nothing\coupling_rl1_c1\raw_runs\map_0297.raw,C:\Users\vchat\Downloads\Vaishnavi_s_Thesis\automation\results_behavior_windows\all_or_nothing\coupling_rl1_c1\raw_runs\map_0297.log,C:\Users\vchat\Downloads\Vaishnavi_s_Thesis\automation\results_behavior_windows\all_or_nothing\coupling_rl1_c1\plots\map_0297.png,,,
298,ok,7250.0,3.6697909067498772e-09,C:\Users\vchat\Downloads\Vaishnavi_s_Thesis\automation\results_behavior_windows\all_or_nothing\coupling_rl1_c1\raw_runs\map_0298.raw,C:\Users\vchat\Downloads\Vaishnavi_s_Thesis\automation\results_behavior_windows\all_or_nothing\coupling_rl1_c1\raw_runs\map_0298.log,C:\Users\vchat\Downloads\Vaishnavi_s_Thesis\automation\results_behavior_windows\all_or_nothing\coupling_rl1_c1\plots\map_0298.png,,,
299,ok,7250.0,4.346573460111787e-09,C:\Users\vchat\Downloads\Vaishnavi_s_Thesis\automation\results_behavior_windows\all_or_nothing\coupling_rl1_c1\raw_runs\map_0299.raw,C:\Users\vchat\Downloads\Vaishnavi_s_Thesis\automation\results_behavior_windows\all_or_nothing\coupling_rl1_c1\raw_runs\map_0299.log,C:\Users\vchat\Downloads\Vaishnavi_s_Thesis\automation\results_behavior_windows\all_or_nothing\coupling_rl1_c1\plots\map_0299.png,,,
300,ok,7250.0,5.148168199283139e-09,C:\Users\vchat\Downloads\Vaishnavi_s_Thesis\automation\results_behavior_windows\all_or_nothing\coupling_rl1_c1\raw_runs\map_0300.raw,C:\Users\vchat\Downloads\Vaishnavi_s_Thesis\automation\results_behavior_windows\all_or_nothing\coupling_rl1_c1\raw_runs\map_0300.log,C:\Users\vchat\Downloads\Vaishnavi_s_Thesis\automation\results_behavior_windows\all_or_nothing\coupling_rl1_c1\plots\map_0300.png,,,
301,ok,7250.0,6.09759297785538e-09,C:\Users\vchat\Downloads\Vaishnavi_s_Thesis\automation\results_behavior_windows\all_or_nothing\coupling_rl1_c1\raw_runs\map_0301.raw,C:\Users\vchat\Downloads\Vaishnavi_s_Thesis\automation\results_behavior_windows\all_or_nothing\coupling_rl1_c1\raw_runs\map_0301.log,C:\Users\vchat\Downloads\Vaishnavi_s_Thesis\automation\results_behavior_windows\all_or_nothing\coupling_rl1_c1\plots\map_0301.png,,,
302,ok,7250.0,7.222110600187557e-09,C:\Users\vchat\Downloads\Vaishnavi_s_Thesis\automation\results_behavior_windows\all_or_nothing\coupling_rl1_c1\raw_runs\map_0302.raw,C:\Users\vchat\Downloads\Vaishnavi_s_Thesis\automation\results_behavior_windows\all_or_nothing\coupling_rl1_c1\raw_runs\map_0302.log,C:\Users\vchat\Downloads\Vaishnavi_s_Thesis\automation\results_behavior_windows\all_or_nothing\coupling_rl1_c1\plots\map_0302.png,,,
303,ok,7250.0,8.55401167489644e-09,C:\Users\vchat\Downloads\Vaishnavi_s_Thesis\automation\results_behavior_windows\all_or_nothing\coupling_rl1_c1\raw_runs\map_0303.raw,C:\Users\vchat\Downloads\Vaishnavi_s_Thesis\automation\results_behavior_windows\all_or_nothing\coupling_rl1_c1\raw_runs\map_0303.log,C:\Users\vchat\Downloads\Vaishnavi_s_Thesis\automation\results_behavior_windows\all_or_nothing\coupling_rl1_c1\plots\map_0303.png,,,
304,ok,7250.0,1.0131541842126369e-08,C:\Users\vchat\Downloads\Vaishnavi_s_Thesis\automation\results_behavior_windows\all_or_nothing\coupling_rl1_c1\raw_runs\map_0304.raw,C:\Users\vchat\Downloads\Vaishnavi_s_Thesis\automation\results_behavior_windows\all_or_nothing\coupling_rl1_c1\raw_runs\map_0304.log,C:\Users\vchat\Downloads\Vaishnavi_s_Thesis\automation\results_behavior_windows\all_or_nothing\coupling_rl1_c1\plots\map_0304.png,,,
305,ok,7250.0,1.2000000000000008e-08,C:\Users\vchat\Downloads\Vaishnavi_s_Thesis\automation\results_behavior_windows\all_or_nothing\coupling_rl1_c1\raw_runs\map_0305.raw,C:\Users\vchat\Downloads\Vaishnavi_s_Thesis\automation\results_behavior_windows\all_or_nothing\coupling_rl1_c1\raw_runs\map_0305.log,C:\Users\vchat\Downloads\Vaishnavi_s_Thesis\automation\results_behavior_windows\all_or_nothing\coupling_rl1_c1\plots\map_0305.png,,,
306,ok,7500.0,8.000000000000003e-10,C:\Users\vchat\Downloads\Vaishnavi_s_Thesis\automation\results_behavior_windows\all_or_nothing\coupling_rl1_c1\raw_runs\map_0306.raw,C:\Users\vchat\Downloads\Vaishnavi_s_Thesis\automation\results_behavior_windows\all_or_nothing\coupling_rl1_c1\raw_runs\map_0306.log,C:\Users\vchat\Downloads\Vaishnavi_s_Thesis\automation\results_behavior_windows\all_or_nothing\coupling_rl1_c1\plots\map_0306.png,,,
307,ok,7500.0,9.47535937727046e-10,C:\Users\vchat\Downloads\Vaishnavi_s_Thesis\automation\results_behavior_windows\all_or_nothing\coupling_rl1_c1\raw_runs\map_0307.raw,C:\Users\vchat\Downloads\Vaishnavi_s_Thesis\automation\results_behavior_windows\all_or_nothing\coupling_rl1_c1\raw_runs\map_0307.log,C:\Users\vchat\Downloads\Vaishnavi_s_Thesis\automation\results_behavior_windows\all_or_nothing\coupling_rl1_c1\plots\map_0307.png,,,
308,ok,7500.0,1.1222804416053399e-09,C:\Users\vchat\Downloads\Vaishnavi_s_Thesis\automation\results_behavior_windows\all_or_nothing\coupling_rl1_c1\raw_runs\map_0308.raw,C:\Users\vchat\Downloads\Vaishnavi_s_Thesis\automation\results_behavior_windows\all_or_nothing\coupling_rl1_c1\raw_runs\map_0308.log,C:\Users\vchat\Downloads\Vaishnavi_s_Thesis\automation\results_behavior_windows\all_or_nothing\coupling_rl1_c1\plots\map_0308.png,,,
309,ok,7500.0,1.329251313286548e-09,C:\Users\vchat\Downloads\Vaishnavi_s_Thesis\automation\results_behavior_windows\all_or_nothing\coupling_rl1_c1\raw_runs\map_0309.raw,C:\Users\vchat\Downloads\Vaishnavi_s_Thesis\automation\results_behavior_windows\all_or_nothing\coupling_rl1_c1\raw_runs\map_0309.log,C:\Users\vchat\Downloads\Vaishnavi_s_Thesis\automation\results_behavior_windows\all_or_nothing\coupling_rl1_c1\plots\map_0309.png,,,
310,ok,7500.0,1.574391737012345e-09,C:\Users\vchat\Downloads\Vaishnavi_s_Thesis\automation\results_behavior_windows\all_or_nothing\coupling_rl1_c1\raw_runs\map_0310.raw,C:\Users\vchat\Downloads\Vaishnavi_s_Thesis\automation\results_behavior_windows\all_or_nothing\coupling_rl1_c1\raw_runs\map_0310.log,C:\Users\vchat\Downloads\Vaishnavi_s_Thesis\automation\results_behavior_windows\all_or_nothing\coupling_rl1_c1\plots\map_0310.png,,,
311,ok,7500.0,1.8647409385996303e-09,C:\Users\vchat\Downloads\Vaishnavi_s_Thesis\automation\results_behavior_windows\all_or_nothing\coupling_rl1_c1\raw_runs\map_0311.raw,C:\Users\vchat\Downloads\Vaishnavi_s_Thesis\automation\results_behavior_windows\all_or_nothing\coupling_rl1_c1\raw_runs\map_0311.log,C:\Users\vchat\Downloads\Vaishnavi_s_Thesis\automation\results_behavior_windows\all_or_nothing\coupling_rl1_c1\plots\map_0311.png,,,
312,ok,7500.0,2.208636317342515e-09,C:\Users\vchat\Downloads\Vaishnavi_s_Thesis\automation\results_behavior_windows\all_or_nothing\coupling_rl1_c1\raw_runs\map_0312.raw,C:\Users\vchat\Downloads\Vaishnavi_s_Thesis\automation\results_behavior_windows\all_or_nothing\coupling_rl1_c1\raw_runs\map_0312.log,C:\Users\vchat\Downloads\Vaishnavi_s_Thesis\automation\results_behavior_windows\all_or_nothing\coupling_rl1_c1\plots\map_0312.png,,,
313,ok,7500.0,2.6159528550639355e-09,C:\Users\vchat\Downloads\Vaishnavi_s_Thesis\automation\results_behavior_windows\all_or_nothing\coupling_rl1_c1\raw_runs\map_0313.raw,C:\Users\vchat\Downloads\Vaishnavi_s_Thesis\automation\results_behavior_windows\all_or_nothing\coupling_rl1_c1\raw_runs\map_0313.log,C:\Users\vchat\Downloads\Vaishnavi_s_Thesis\automation\results_behavior_windows\all_or_nothing\coupling_rl1_c1\plots\map_0313.png,,,
314,ok,7500.0,3.098386676965935e-09,C:\Users\vchat\Downloads\Vaishnavi_s_Thesis\automation\results_behavior_windows\all_or_nothing\coupling_rl1_c1\raw_runs\map_0314.raw,C:\Users\vchat\Downloads\Vaishnavi_s_Thesis\automation\results_behavior_windows\all_or_nothing\coupling_rl1_c1\raw_runs\map_0314.log,C:\Users\vchat\Downloads\Vaishnavi_s_Thesis\automation\results_behavior_windows\all_or_nothing\coupling_rl1_c1\plots\map_0314.png,,,
315,ok,7500.0,3.6697909067498772e-09,C:\Users\vchat\Downloads\Vaishnavi_s_Thesis\automation\results_behavior_windows\all_or_nothing\coupling_rl1_c1\raw_runs\map_0315.raw,C:\Users\vchat\Downloads\Vaishnavi_s_Thesis\automation\results_behavior_windows\all_or_nothing\coupling_rl1_c1\raw_runs\map_0315.log,C:\Users\vchat\Downloads\Vaishnavi_s_Thesis\automation\results_behavior_windows\all_or_nothing\coupling_rl1_c1\plots\map_0315.png,,,
316,ok,7500.0,4.346573460111787e-09,C:\Users\vchat\Downloads\Vaishnavi_s_Thesis\automation\results_behavior_windows\all_or_nothing\coupling_rl1_c1\raw_runs\map_0316.raw,C:\Users\vchat\Downloads\Vaishnavi_s_Thesis\automation\results_behavior_windows\all_or_nothing\coupling_rl1_c1\raw_runs\map_0316.log,C:\Users\vchat\Downloads\Vaishnavi_s_Thesis\automation\results_behavior_windows\all_or_nothing\coupling_rl1_c1\plots\map_0316.png,,,
317,ok,7500.0,5.148168199283139e-09,C:\Users\vchat\Downloads\Vaishnavi_s_Thesis\automation\results_behavior_windows\all_or_nothing\coupling_rl1_c1\raw_runs\map_0317.raw,C:\Users\vchat\Downloads\Vaishnavi_s_Thesis\automation\results_behavior_windows\all_or_nothing\coupling_rl1_c1\raw_runs\map_0317.log,C:\Users\vchat\Downloads\Vaishnavi_s_Thesis\automation\results_behavior_windows\all_or_nothing\coupling_rl1_c1\plots\map_0317.png,,,
318,ok,7500.0,6.09759297785538e-09,C:\Users\vchat\Downloads\Vaishnavi_s_Thesis\automation\results_behavior_windows\all_or_nothing\coupling_rl1_c1\raw_runs\map_0318.raw,C:\Users\vchat\Downloads\Vaishnavi_s_Thesis\automation\results_behavior_windows\all_or_nothing\coupling_rl1_c1\raw_runs\map_0318.log,C:\Users\vchat\Downloads\Vaishnavi_s_Thesis\automation\results_behavior_windows\all_or_nothing\coupling_rl1_c1\plots\map_0318.png,,,
319,ok,7500.0,7.222110600187557e-09,C:\Users\vchat\Downloads\Vaishnavi_s_Thesis\automation\results_behavior_windows\all_or_nothing\coupling_rl1_c1\raw_runs\map_0319.raw,C:\Users\vchat\Downloads\Vaishnavi_s_Thesis\automation\results_behavior_windows\all_or_nothing\coupling_rl1_c1\raw_runs\map_0319.log,C:\Users\vchat\Downloads\Vaishnavi_s_Thesis\automation\results_behavior_windows\all_or_nothing\coupling_rl1_c1\plots\map_0319.png,,,
320,ok,7500.0,8.55401167489644e-09,C:\Users\vchat\Downloads\Vaishnavi_s_Thesis\automation\results_behavior_windows\all_or_nothing\coupling_rl1_c1\raw_runs\map_0320.raw,C:\Users\vchat\Downloads\Vaishnavi_s_Thesis\automation\results_behavior_windows\all_or_nothing\coupling_rl1_c1\raw_runs\map_0320.log,C:\Users\vchat\Downloads\Vaishnavi_s_Thesis\automation\results_behavior_windows\all_or_nothing\coupling_rl1_c1\plots\map_0320.png,,,
321,ok,7500.0,1.0131541842126369e-08,C:\Users\vchat\Downloads\Vaishnavi_s_Thesis\automation\results_behavior_windows\all_or_nothing\coupling_rl1_c1\raw_runs\map_0321.raw,C:\Users\vchat\Downloads\Vaishnavi_s_Thesis\automation\results_behavior_windows\all_or_nothing\coupling_rl1_c1\raw_runs\map_0321.log,C:\Users\vchat\Downloads\Vaishnavi_s_Thesis\automation\results_behavior_windows\all_or_nothing\coupling_rl1_c1\plots\map_0321.png,,,
322,ok,7500.0,1.2000000000000008e-08,C:\Users\vchat\Downloads\Vaishnavi_s_Thesis\automation\results_behavior_windows\all_or_nothing\coupling_rl1_c1\raw_runs\map_0322.raw,C:\Users\vchat\Downloads\Vaishnavi_s_Thesis\automation\results_behavior_windows\all_or_nothing\coupling_rl1_c1\raw_runs\map_0322.log,C:\Users\vchat\Downloads\Vaishnavi_s_Thesis\automation\results_behavior_windows\all_or_nothing\coupling_rl1_c1\plots\map_0322.png,,,
323,ok,7750.0,8.000000000000003e-10,C:\Users\vchat\Downloads\Vaishnavi_s_Thesis\automation\results_behavior_windows\all_or_nothing\coupling_rl1_c1\raw_runs\map_0323.raw,C:\Users\vchat\Downloads\Vaishnavi_s_Thesis\automation\results_behavior_windows\all_or_nothing\coupling_rl1_c1\raw_runs\map_0323.log,C:\Users\vchat\Downloads\Vaishnavi_s_Thesis\automation\results_behavior_windows\all_or_nothing\coupling_rl1_c1\plots\map_0323.png,,,
324,ok,7750.0,9.47535937727046e-10,C:\Users\vchat\Downloads\Vaishnavi_s_Thesis\automation\results_behavior_windows\all_or_nothing\coupling_rl1_c1\raw_runs\map_0324.raw,C:\Users\vchat\Downloads\Vaishnavi_s_Thesis\automation\results_behavior_windows\all_or_nothing\coupling_rl1_c1\raw_runs\map_0324.log,C:\Users\vchat\Downloads\Vaishnavi_s_Thesis\automation\results_behavior_windows\all_or_nothing\coupling_rl1_c1\plots\map_0324.png,,,
325,ok,7750.0,1.1222804416053399e-09,C:\Users\vchat\Downloads\Vaishnavi_s_Thesis\automation\results_behavior_windows\all_or_nothing\coupling_rl1_c1\raw_runs\map_0325.raw,C:\Users\vchat\Downloads\Vaishnavi_s_Thesis\automation\results_behavior_windows\all_or_nothing\coupling_rl1_c1\raw_runs\map_0325.log,C:\Users\vchat\Downloads\Vaishnavi_s_Thesis\automation\results_behavior_windows\all_or_nothing\coupling_rl1_c1\plots\map_0325.png,,,
326,ok,7750.0,1.329251313286548e-09,C:\Users\vchat\Downloads\Vaishnavi_s_Thesis\automation\results_behavior_windows\all_or_nothing\coupling_rl1_c1\raw_runs\map_0326.raw,C:\Users\vchat\Downloads\Vaishnavi_s_Thesis\automation\results_behavior_windows\all_or_nothing\coupling_rl1_c1\raw_runs\map_0326.log,C:\Users\vchat\Downloads\Vaishnavi_s_Thesis\automation\results_behavior_windows\all_or_nothing\coupling_rl1_c1\plots\map_0326.png,,,
327,ok,7750.0,1.574391737012345e-09,C:\Users\vchat\Downloads\Vaishnavi_s_Thesis\automation\results_behavior_windows\all_or_nothing\coupling_rl1_c1\raw_runs\map_0327.raw,C:\Users\vchat\Downloads\Vaishnavi_s_Thesis\automation\results_behavior_windows\all_or_nothing\coupling_rl1_c1\raw_runs\map_0327.log,C:\Users\vchat\Downloads\Vaishnavi_s_Thesis\automation\results_behavior_windows\all_or_nothing\coupling_rl1_c1\plots\map_0327.png,,,
328,ok,7750.0,1.8647409385996303e-09,C:\Users\vchat\Downloads\Vaishnavi_s_Thesis\automation\results_behavior_windows\all_or_nothing\coupling_rl1_c1\raw_runs\map_0328.raw,C:\Users\vchat\Downloads\Vaishnavi_s_Thesis\automation\results_behavior_windows\all_or_nothing\coupling_rl1_c1\raw_runs\map_0328.log,C:\Users\vchat\Downloads\Vaishnavi_s_Thesis\automation\results_behavior_windows\all_or_nothing\coupling_rl1_c1\plots\map_0328.png,,,
329,ok,7750.0,2.208636317342515e-09,C:\Users\vchat\Downloads\Vaishnavi_s_Thesis\automation\results_behavior_windows\all_or_nothing\coupling_rl1_c1\raw_runs\map_0329.raw,C:\Users\vchat\Downloads\Vaishnavi_s_Thesis\automation\results_behavior_windows\all_or_nothing\coupling_rl1_c1\raw_runs\map_0329.log,C:\Users\vchat\Downloads\Vaishnavi_s_Thesis\automation\results_behavior_windows\all_or_nothing\coupling_rl1_c1\plots\map_0329.png,,,
330,ok,7750.0,2.6159528550639355e-09,C:\Users\vchat\Downloads\Vaishnavi_s_Thesis\automation\results_behavior_windows\all_or_nothing\coupling_rl1_c1\raw_runs\map_0330.raw,C:\Users\vchat\Downloads\Vaishnavi_s_Thesis\automation\results_behavior_windows\all_or_nothing\coupling_rl1_c1\raw_runs\map_0330.log,C:\Users\vchat\Downloads\Vaishnavi_s_Thesis\automation\results_behavior_windows\all_or_nothing\coupling_rl1_c1\plots\map_0330.png,,,
331,ok,7750.0,3.098386676965935e-09,C:\Users\vchat\Downloads\Vaishnavi_s_Thesis\automation\results_behavior_windows\all_or_nothing\coupling_rl1_c1\raw_runs\map_0331.raw,C:\Users\vchat\Downloads\Vaishnavi_s_Thesis\automation\results_behavior_windows\all_or_nothing\coupling_rl1_c1\raw_runs\map_0331.log,C:\Users\vchat\Downloads\Vaishnavi_s_Thesis\automation\results_behavior_windows\all_or_nothing\coupling_rl1_c1\plots\map_0331.png,,,
332,ok,7750.0,3.6697909067498772e-09,C:\Users\vchat\Downloads\Vaishnavi_s_Thesis\automation\results_behavior_windows\all_or_nothing\coupling_rl1_c1\raw_runs\map_0332.raw,C:\Users\vchat\Downloads\Vaishnavi_s_Thesis\automation\results_behavior_windows\all_or_nothing\coupling_rl1_c1\raw_runs\map_0332.log,C:\Users\vchat\Downloads\Vaishnavi_s_Thesis\automation\results_behavior_windows\all_or_nothing\coupling_rl1_c1\plots\map_0332.png,,,
333,ok,7750.0,4.346573460111787e-09,C:\Users\vchat\Downloads\Vaishnavi_s_Thesis\automation\results_behavior_windows\all_or_nothing\coupling_rl1_c1\raw_runs\map_0333.raw,C:\Users\vchat\Downloads\Vaishnavi_s_Thesis\automation\results_behavior_windows\all_or_nothing\coupling_rl1_c1\raw_runs\map_0333.log,C:\Users\vchat\Downloads\Vaishnavi_s_Thesis\automation\results_behavior_windows\all_or_nothing\coupling_rl1_c1\plots\map_0333.png,,,
334,ok,7750.0,5.148168199283139e-09,C:\Users\vchat\Downloads\Vaishnavi_s_Thesis\automation\results_behavior_windows\all_or_nothing\coupling_rl1_c1\raw_runs\map_0334.raw,C:\Users\vchat\Downloads\Vaishnavi_s_Thesis\automation\results_behavior_windows\all_or_nothing\coupling_rl1_c1\raw_runs\map_0334.log,C:\Users\vchat\Downloads\Vaishnavi_s_Thesis\automation\results_behavior_windows\all_or_nothing\coupling_rl1_c1\plots\map_0334.png,,,
335,ok,7750.0,6.09759297785538e-09,C:\Users\vchat\Downloads\Vaishnavi_s_Thesis\automation\results_behavior_windows\all_or_nothing\coupling_rl1_c1\raw_runs\map_0335.raw,C:\Users\vchat\Downloads\Vaishnavi_s_Thesis\automation\results_behavior_windows\all_or_nothing\coupling_rl1_c1\raw_runs\map_0335.log,C:\Users\vchat\Downloads\Vaishnavi_s_Thesis\automation\results_behavior_windows\all_or_nothing\coupling_rl1_c1\plots\map_0335.png,,,
336,ok,7750.0,7.222110600187557e-09,C:\Users\vchat\Downloads\Vaishnavi_s_Thesis\automation\results_behavior_windows\all_or_nothing\coupling_rl1_c1\raw_runs\map_0336.raw,C:\Users\vchat\Downloads\Vaishnavi_s_Thesis\automation\results_behavior_windows\all_or_nothing\coupling_rl1_c1\raw_runs\map_0336.log,C:\Users\vchat\Downloads\Vaishnavi_s_Thesis\automation\results_behavior_windows\all_or_nothing\coupling_rl1_c1\plots\map_0336.png,,,
337,ok,7750.0,8.55401167489644e-09,C:\Users\vchat\Downloads\Vaishnavi_s_Thesis\automation\results_behavior_windows\all_or_nothing\coupling_rl1_c1\raw_runs\map_0337.raw,C:\Users\vchat\Downloads\Vaishnavi_s_Thesis\automation\results_behavior_windows\all_or_nothing\coupling_rl1_c1\raw_runs\map_0337.log,C:\Users\vchat\Downloads\Vaishnavi_s_Thesis\automation\results_behavior_windows\all_or_nothing\coupling_rl1_c1\plots\map_0337.png,,,
338,ok,7750.0,1.0131541842126369e-08,C:\Users\vchat\Downloads\Vaishnavi_s_Thesis\automation\results_behavior_windows\all_or_nothing\coupling_rl1_c1\raw_runs\map_0338.raw,C:\Users\vchat\Downloads\Vaishnavi_s_Thesis\automation\results_behavior_windows\all_or_nothing\coupling_rl1_c1\raw_runs\map_0338.log,C:\Users\vchat\Downloads\Vaishnavi_s_Thesis\automation\results_behavior_windows\all_or_nothing\coupling_rl1_c1\plots\map_0338.png,,,
339,ok,7750.0,1.2000000000000008e-08,C:\Users\vchat\Downloads\Vaishnavi_s_Thesis\automation\results_behavior_windows\all_or_nothing\coupling_rl1_c1\raw_runs\map_0339.raw,C:\Users\vchat\Downloads\Vaishnavi_s_Thesis\automation\results_behavior_windows\all_or_nothing\coupling_rl1_c1\raw_runs\map_0339.log,C:\Users\vchat\Downloads\Vaishnavi_s_Thesis\automation\results_behavior_windows\all_or_nothing\coupling_rl1_c1\plots\map_0339.png,,,
340,ok,8000.0,8.000000000000003e-10,C:\Users\vchat\Downloads\Vaishnavi_s_Thesis\automation\results_behavior_windows\all_or_nothing\coupling_rl1_c1\raw_runs\map_0340.raw,C:\Users\vchat\Downloads\Vaishnavi_s_Thesis\automation\results_behavior_windows\all_or_nothing\coupling_rl1_c1\raw_runs\map_0340.log,C:\Users\vchat\Downloads\Vaishnavi_s_Thesis\automation\results_behavior_windows\all_or_nothing\coupling_rl1_c1\plots\map_0340.png,,,
341,ok,8000.0,9.47535937727046e-10,C:\Users\vchat\Downloads\Vaishnavi_s_Thesis\automation\results_behavior_windows\all_or_nothing\coupling_rl1_c1\raw_runs\map_0341.raw,C:\Users\vchat\Downloads\Vaishnavi_s_Thesis\automation\results_behavior_windows\all_or_nothing\coupling_rl1_c1\raw_runs\map_0341.log,C:\Users\vchat\Downloads\Vaishnavi_s_Thesis\automation\results_behavior_windows\all_or_nothing\coupling_rl1_c1\plots\map_0341.png,,,
342,ok,8000.0,1.1222804416053399e-09,C:\Users\vchat\Downloads\Vaishnavi_s_Thesis\automation\results_behavior_windows\all_or_nothing\coupling_rl1_c1\raw_runs\map_0342.raw,C:\Users\vchat\Downloads\Vaishnavi_s_Thesis\automation\results_behavior_windows\all_or_nothing\coupling_rl1_c1\raw_runs\map_0342.log,C:\Users\vchat\Downloads\Vaishnavi_s_Thesis\automation\results_behavior_windows\all_or_nothing\coupling_rl1_c1\plots\map_0342.png,,,
343,ok,8000.0,1.329251313286548e-09,C:\Users\vchat\Downloads\Vaishnavi_s_Thesis\automation\results_behavior_windows\all_or_nothing\coupling_rl1_c1\raw_runs\map_0343.raw,C:\Users\vchat\Downloads\Vaishnavi_s_Thesis\automation\results_behavior_windows\all_or_nothing\coupling_rl1_c1\raw_runs\map_0343.log,C:\Users\vchat\Downloads\Vaishnavi_s_Thesis\automation\results_behavior_windows\all_or_nothing\coupling_rl1_c1\plots\map_0343.png,,,
344,ok,8000.0,1.574391737012345e-09,C:\Users\vchat\Downloads\Vaishnavi_s_Thesis\automation\results_behavior_windows\all_or_nothing\coupling_rl1_c1\raw_runs\map_0344.raw,C:\Users\vchat\Downloads\Vaishnavi_s_Thesis\automation\results_behavior_windows\all_or_nothing\coupling_rl1_c1\raw_runs\map_0344.log,C:\Users\vchat\Downloads\Vaishnavi_s_Thesis\automation\results_behavior_windows\all_or_nothing\coupling_rl1_c1\plots\map_0344.png,,,
345,ok,8000.0,1.8647409385996303e-09,C:\Users\vchat\Downloads\Vaishnavi_s_Thesis\automation\results_behavior_windows\all_or_nothing\coupling_rl1_c1\raw_runs\map_0345.raw,C:\Users\vchat\Downloads\Vaishnavi_s_Thesis\automation\results_behavior_windows\all_or_nothing\coupling_rl1_c1\raw_runs\map_0345.log,C:\Users\vchat\Downloads\Vaishnavi_s_Thesis\automation\results_behavior_windows\all_or_nothing\coupling_rl1_c1\plots\map_0345.png,,,
346,ok,8000.0,2.208636317342515e-09,C:\Users\vchat\Downloads\Vaishnavi_s_Thesis\automation\results_behavior_windows\all_or_nothing\coupling_rl1_c1\raw_runs\map_0346.raw,C:\Users\vchat\Downloads\Vaishnavi_s_Thesis\automation\results_behavior_windows\all_or_nothing\coupling_rl1_c1\raw_runs\map_0346.log,C:\Users\vchat\Downloads\Vaishnavi_s_Thesis\automation\results_behavior_windows\all_or_nothing\coupling_rl1_c1\plots\map_0346.png,,,
347,ok,8000.0,2.6159528550639355e-09,C:\Users\vchat\Downloads\Vaishnavi_s_Thesis\automation\results_behavior_windows\all_or_nothing\coupling_rl1_c1\raw_runs\map_0347.raw,C:\Users\vchat\Downloads\Vaishnavi_s_Thesis\automation\results_behavior_windows\all_or_nothing\coupling_rl1_c1\raw_runs\map_0347.log,C:\Users\vchat\Downloads\Vaishnavi_s_Thesis\automation\results_behavior_windows\all_or_nothing\coupling_rl1_c1\plots\map_0347.png,,,
348,ok,8000.0,3.098386676965935e-09,C:\Users\vchat\Downloads\Vaishnavi_s_Thesis\automation\results_behavior_windows\all_or_nothing\coupling_rl1_c1\raw_runs\map_0348.raw,C:\Users\vchat\Downloads\Vaishnavi_s_Thesis\automation\results_behavior_windows\all_or_nothing\coupling_rl1_c1\raw_runs\map_0348.log,C:\Users\vchat\Downloads\Vaishnavi_s_Thesis\automation\results_behavior_windows\all_or_nothing\coupling_rl1_c1\plots\map_0348.png,,,
349,ok,8000.0,3.6697909067498772e-09,C:\Users\vchat\Downloads\Vaishnavi_s_Thesis\automation\results_behavior_windows\all_or_nothing\coupling_rl1_c1\raw_runs\map_0349.raw,C:\Users\vchat\Downloads\Vaishnavi_s_Thesis\automation\results_behavior_windows\all_or_nothing\coupling_rl1_c1\raw_runs\map_0349.log,C:\Users\vchat\Downloads\Vaishnavi_s_Thesis\automation\results_behavior_windows\all_or_nothing\coupling_rl1_c1\plots\map_0349.png,,,
350,ok,8000.0,4.346573460111787e-09,C:\Users\vchat\Downloads\Vaishnavi_s_Thesis\automation\results_behavior_windows\all_or_nothing\coupling_rl1_c1\raw_runs\map_0350.raw,C:\Users\vchat\Downloads\Vaishnavi_s_Thesis\automation\results_behavior_windows\all_or_nothing\coupling_rl1_c1\raw_runs\map_0350.log,C:\Users\vchat\Downloads\Vaishnavi_s_Thesis\automation\results_behavior_windows\all_or_nothing\coupling_rl1_c1\plots\map_0350.png,,,
351,ok,8000.0,5.148168199283139e-09,C:\Users\vchat\Downloads\Vaishnavi_s_Thesis\automation\results_behavior_windows\all_or_nothing\coupling_rl1_c1\raw_runs\map_0351.raw,C:\Users\vchat\Downloads\Vaishnavi_s_Thesis\automation\results_behavior_windows\all_or_nothing\coupling_rl1_c1\raw_runs\map_0351.log,C:\Users\vchat\Downloads\Vaishnavi_s_Thesis\automation\results_behavior_windows\all_or_nothing\coupling_rl1_c1\plots\map_0351.png,,,
352,ok,8000.0,6.09759297785538e-09,C:\Users\vchat\Downloads\Vaishnavi_s_Thesis\automation\results_behavior_windows\all_or_nothing\coupling_rl1_c1\raw_runs\map_0352.raw,C:\Users\vchat\Downloads\Vaishnavi_s_Thesis\automation\results_behavior_windows\all_or_nothing\coupling_rl1_c1\raw_runs\map_0352.log,C:\Users\vchat\Downloads\Vaishnavi_s_Thesis\automation\results_behavior_windows\all_or_nothing\coupling_rl1_c1\plots\map_0352.png,,,
353,ok,8000.0,7.222110600187557e-09,C:\Users\vchat\Downloads\Vaishnavi_s_Thesis\automation\results_behavior_windows\all_or_nothing\coupling_rl1_c1\raw_runs\map_0353.raw,C:\Users\vchat\Downloads\Vaishnavi_s_Thesis\automation\results_behavior_windows\all_or_nothing\coupling_rl1_c1\raw_runs\map_0353.log,C:\Users\vchat\Downloads\Vaishnavi_s_Thesis\automation\results_behavior_windows\all_or_nothing\coupling_rl1_c1\plots\map_0353.png,,,
354,ok,8000.0,8.55401167489644e-09,C:\Users\vchat\Downloads\Vaishnavi_s_Thesis\automation\results_behavior_windows\all_or_nothing\coupling_rl1_c1\raw_runs\map_0354.raw,C:\Users\vchat\Downloads\Vaishnavi_s_Thesis\automation\results_behavior_windows\all_or_nothing\coupling_rl1_c1\raw_runs\map_0354.log,C:\Users\vchat\Downloads\Vaishnavi_s_Thesis\automation\results_behavior_windows\all_or_nothing\coupling_rl1_c1\plots\map_0354.png,,,
355,ok,8000.0,1.0131541842126369e-08,C:\Users\vchat\Downloads\Vaishnavi_s_Thesis\automation\results_behavior_windows\all_or_nothing\coupling_rl1_c1\raw_runs\map_0355.raw,C:\Users\vchat\Downloads\Vaishnavi_s_Thesis\automation\results_behavior_windows\all_or_nothing\coupling_rl1_c1\raw_runs\map_0355.log,C:\Users\vchat\Downloads\Vaishnavi_s_Thesis\automation\results_behavior_windows\all_or_nothing\coupling_rl1_c1\plots\map_0355.png,,,
356,ok,8000.0,1.2000000000000008e-08,C:\Users\vchat\Downloads\Vaishnavi_s_Thesis\automation\results_behavior_windows\all_or_nothing\coupling_rl1_c1\raw_runs\map_0356.raw,C:\Users\vchat\Downloads\Vaishnavi_s_Thesis\automation\results_behavior_windows\all_or_nothing\coupling_rl1_c1\raw_runs\map_0356.log,C:\Users\vchat\Downloads\Vaishnavi_s_Thesis\automation\results_behavior_windows\all_or_nothing\coupling_rl1_c1\plots\map_0356.png,,,
357,ok,8250.0,8.000000000000003e-10,C:\Users\vchat\Downloads\Vaishnavi_s_Thesis\automation\results_behavior_windows\all_or_nothing\coupling_rl1_c1\raw_runs\map_0357.raw,C:\Users\vchat\Downloads\Vaishnavi_s_Thesis\automation\results_behavior_windows\all_or_nothing\coupling_rl1_c1\raw_runs\map_0357.log,C:\Users\vchat\Downloads\Vaishnavi_s_Thesis\automation\results_behavior_windows\all_or_nothing\coupling_rl1_c1\plots\map_0357.png,,,
358,ok,8250.0,9.47535937727046e-10,C:\Users\vchat\Downloads\Vaishnavi_s_Thesis\automation\results_behavior_windows\all_or_nothing\coupling_rl1_c1\raw_runs\map_0358.raw,C:\Users\vchat\Downloads\Vaishnavi_s_Thesis\automation\results_behavior_windows\all_or_nothing\coupling_rl1_c1\raw_runs\map_0358.log,C:\Users\vchat\Downloads\Vaishnavi_s_Thesis\automation\results_behavior_windows\all_or_nothing\coupling_rl1_c1\plots\map_0358.png,,,
359,ok,8250.0,1.1222804416053399e-09,C:\Users\vchat\Downloads\Vaishnavi_s_Thesis\automation\results_behavior_windows\all_or_nothing\coupling_rl1_c1\raw_runs\map_0359.raw,C:\Users\vchat\Downloads\Vaishnavi_s_Thesis\automation\results_behavior_windows\all_or_nothing\coupling_rl1_c1\raw_runs\map_0359.log,C:\Users\vchat\Downloads\Vaishnavi_s_Thesis\automation\results_behavior_windows\all_or_nothing\coupling_rl1_c1\plots\map_0359.png,,,
360,ok,8250.0,1.329251313286548e-09,C:\Users\vchat\Downloads\Vaishnavi_s_Thesis\automation\results_behavior_windows\all_or_nothing\coupling_rl1_c1\raw_runs\map_0360.raw,C:\Users\vchat\Downloads\Vaishnavi_s_Thesis\automation\results_behavior_windows\all_or_nothing\coupling_rl1_c1\raw_runs\map_0360.log,C:\Users\vchat\Downloads\Vaishnavi_s_Thesis\automation\results_behavior_windows\all_or_nothing\coupling_rl1_c1\plots\map_0360.png,,,
361,ok,8250.0,1.574391737012345e-09,C:\Users\vchat\Downloads\Vaishnavi_s_Thesis\automation\results_behavior_windows\all_or_nothing\coupling_rl1_c1\raw_runs\map_0361.raw,C:\Users\vchat\Downloads\Vaishnavi_s_Thesis\automation\results_behavior_windows\all_or_nothing\coupling_rl1_c1\raw_runs\map_0361.log,C:\Users\vchat\Downloads\Vaishnavi_s_Thesis\automation\results_behavior_windows\all_or_nothing\coupling_rl1_c1\plots\map_0361.png,,,
362,ok,8250.0,1.8647409385996303e-09,C:\Users\vchat\Downloads\Vaishnavi_s_Thesis\automation\results_behavior_windows\all_or_nothing\coupling_rl1_c1\raw_runs\map_0362.raw,C:\Users\vchat\Downloads\Vaishnavi_s_Thesis\automation\results_behavior_windows\all_or_nothing\coupling_rl1_c1\raw_runs\map_0362.log,C:\Users\vchat\Downloads\Vaishnavi_s_Thesis\automation\results_behavior_windows\all_or_nothing\coupling_rl1_c1\plots\map_0362.png,,,
363,ok,8250.0,2.208636317342515e-09,C:\Users\vchat\Downloads\Vaishnavi_s_Thesis\automation\results_behavior_windows\all_or_nothing\coupling_rl1_c1\raw_runs\map_0363.raw,C:\Users\vchat\Downloads\Vaishnavi_s_Thesis\automation\results_behavior_windows\all_or_nothing\coupling_rl1_c1\raw_runs\map_0363.log,C:\Users\vchat\Downloads\Vaishnavi_s_Thesis\automation\results_behavior_windows\all_or_nothing\coupling_rl1_c1\plots\map_0363.png,,,
364,ok,8250.0,2.6159528550639355e-09,C:\Users\vchat\Downloads\Vaishnavi_s_Thesis\automation\results_behavior_windows\all_or_nothing\coupling_rl1_c1\raw_runs\map_0364.raw,C:\Users\vchat\Downloads\Vaishnavi_s_Thesis\automation\results_behavior_windows\all_or_nothing\coupling_rl1_c1\raw_runs\map_0364.log,C:\Users\vchat\Downloads\Vaishnavi_s_Thesis\automation\results_behavior_windows\all_or_nothing\coupling_rl1_c1\plots\map_0364.png,,,
365,ok,8250.0,3.098386676965935e-09,C:\Users\vchat\Downloads\Vaishnavi_s_Thesis\automation\results_behavior_windows\all_or_nothing\coupling_rl1_c1\raw_runs\map_0365.raw,C:\Users\vchat\Downloads\Vaishnavi_s_Thesis\automation\results_behavior_windows\all_or_nothing\coupling_rl1_c1\raw_runs\map_0365.log,C:\Users\vchat\Downloads\Vaishnavi_s_Thesis\automation\results_behavior_windows\all_or_nothing\coupling_rl1_c1\plots\map_0365.png,,,
366,ok,8250.0,3.6697909067498772e-09,C:\Users\vchat\Downloads\Vaishnavi_s_Thesis\automation\results_behavior_windows\all_or_nothing\coupling_rl1_c1\raw_runs\map_0366.raw,C:\Users\vchat\Downloads\Vaishnavi_s_Thesis\automation\results_behavior_windows\all_or_nothing\coupling_rl1_c1\raw_runs\map_0366.log,C:\Users\vchat\Downloads\Vaishnavi_s_Thesis\automation\results_behavior_windows\all_or_nothing\coupling_rl1_c1\plots\map_0366.png,,,
367,ok,8250.0,4.346573460111787e-09,C:\Users\vchat\Downloads\Vaishnavi_s_Thesis\automation\results_behavior_windows\all_or_nothing\coupling_rl1_c1\raw_runs\map_0367.raw,C:\Users\vchat\Downloads\Vaishnavi_s_Thesis\automation\results_behavior_windows\all_or_nothing\coupling_rl1_c1\raw_runs\map_0367.log,C:\Users\vchat\Downloads\Vaishnavi_s_Thesis\automation\results_behavior_windows\all_or_nothing\coupling_rl1_c1\plots\map_0367.png,,,
368,ok,8250.0,5.148168199283139e-09,C:\Users\vchat\Downloads\Vaishnavi_s_Thesis\automation\results_behavior_windows\all_or_nothing\coupling_rl1_c1\raw_runs\map_0368.raw,C:\Users\vchat\Downloads\Vaishnavi_s_Thesis\automation\results_behavior_windows\all_or_nothing\coupling_rl1_c1\raw_runs\map_0368.log,C:\Users\vchat\Downloads\Vaishnavi_s_Thesis\automation\results_behavior_windows\all_or_nothing\coupling_rl1_c1\plots\map_0368.png,,,
369,ok,8250.0,6.09759297785538e-09,C:\Users\vchat\Downloads\Vaishnavi_s_Thesis\automation\results_behavior_windows\all_or_nothing\coupling_rl1_c1\raw_runs\map_0369.raw,C:\Users\vchat\Downloads\Vaishnavi_s_Thesis\automation\results_behavior_windows\all_or_nothing\coupling_rl1_c1\raw_runs\map_0369.log,C:\Users\vchat\Downloads\Vaishnavi_s_Thesis\automation\results_behavior_windows\all_or_nothing\coupling_rl1_c1\plots\map_0369.png,,,
370,ok,8250.0,7.222110600187557e-09,C:\Users\vchat\Downloads\Vaishnavi_s_Thesis\automation\results_behavior_windows\all_or_nothing\coupling_rl1_c1\raw_runs\map_0370.raw,C:\Users\vchat\Downloads\Vaishnavi_s_Thesis\automation\results_behavior_windows\all_or_nothing\coupling_rl1_c1\raw_runs\map_0370.log,C:\Users\vchat\Downloads\Vaishnavi_s_Thesis\automation\results_behavior_windows\all_or_nothing\coupling_rl1_c1\plots\map_0370.png,,,
371,ok,8250.0,8.55401167489644e-09,C:\Users\vchat\Downloads\Vaishnavi_s_Thesis\automation\results_behavior_windows\all_or_nothing\coupling_rl1_c1\raw_runs\map_0371.raw,C:\Users\vchat\Downloads\Vaishnavi_s_Thesis\automation\results_behavior_windows\all_or_nothing\coupling_rl1_c1\raw_runs\map_0371.log,C:\Users\vchat\Downloads\Vaishnavi_s_Thesis\automation\results_behavior_windows\all_or_nothing\coupling_rl1_c1\plots\map_0371.png,,,
372,ok,8250.0,1.0131541842126369e-08,C:\Users\vchat\Downloads\Vaishnavi_s_Thesis\automation\results_behavior_windows\all_or_nothing\coupling_rl1_c1\raw_runs\map_0372.raw,C:\Users\vchat\Downloads\Vaishnavi_s_Thesis\automation\results_behavior_windows\all_or_nothing\coupling_rl1_c1\raw_runs\map_0372.log,C:\Users\vchat\Downloads\Vaishnavi_s_Thesis\automation\results_behavior_windows\all_or_nothing\coupling_rl1_c1\plots\map_0372.png,,,
373,ok,8250.0,1.2000000000000008e-08,C:\Users\vchat\Downloads\Vaishnavi_s_Thesis\automation\results_behavior_windows\all_or_nothing\coupling_rl1_c1\raw_runs\map_0373.raw,C:\Users\vchat\Downloads\Vaishnavi_s_Thesis\automation\results_behavior_windows\all_or_nothing\coupling_rl1_c1\raw_runs\map_0373.log,C:\Users\vchat\Downloads\Vaishnavi_s_Thesis\automation\results_behavior_windows\all_or_nothing\coupling_rl1_c1\plots\map_0373.png,,,
374,ok,8500.0,8.000000000000003e-10,C:\Users\vchat\Downloads\Vaishnavi_s_Thesis\automation\results_behavior_windows\all_or_nothing\coupling_rl1_c1\raw_runs\map_0374.raw,C:\Users\vchat\Downloads\Vaishnavi_s_Thesis\automation\results_behavior_windows\all_or_nothing\coupling_rl1_c1\raw_runs\map_0374.log,C:\Users\vchat\Downloads\Vaishnavi_s_Thesis\automation\results_behavior_windows\all_or_nothing\coupling_rl1_c1\plots\map_0374.png,,,
375,ok,8500.0,9.47535937727046e-10,C:\Users\vchat\Downloads\Vaishnavi_s_Thesis\automation\results_behavior_windows\all_or_nothing\coupling_rl1_c1\raw_runs\map_0375.raw,C:\Users\vchat\Downloads\Vaishnavi_s_Thesis\automation\results_behavior_windows\all_or_nothing\coupling_rl1_c1\raw_runs\map_0375.log,C:\Users\vchat\Downloads\Vaishnavi_s_Thesis\automation\results_behavior_windows\all_or_nothing\coupling_rl1_c1\plots\map_0375.png,,,
376,ok,8500.0,1.1222804416053399e-09,C:\Users\vchat\Downloads\Vaishnavi_s_Thesis\automation\results_behavior_windows\all_or_nothing\coupling_rl1_c1\raw_runs\map_0376.raw,C:\Users\vchat\Downloads\Vaishnavi_s_Thesis\automation\results_behavior_windows\all_or_nothing\coupling_rl1_c1\raw_runs\map_0376.log,C:\Users\vchat\Downloads\Vaishnavi_s_Thesis\automation\results_behavior_windows\all_or_nothing\coupling_rl1_c1\plots\map_0376.png,,,
377,ok,8500.0,1.329251313286548e-09,C:\Users\vchat\Downloads\Vaishnavi_s_Thesis\automation\results_behavior_windows\all_or_nothing\coupling_rl1_c1\raw_runs\map_0377.raw,C:\Users\vchat\Downloads\Vaishnavi_s_Thesis\automation\results_behavior_windows\all_or_nothing\coupling_rl1_c1\raw_runs\map_0377.log,C:\Users\vchat\Downloads\Vaishnavi_s_Thesis\automation\results_behavior_windows\all_or_nothing\coupling_rl1_c1\plots\map_0377.png,,,
378,ok,8500.0,1.574391737012345e-09,C:\Users\vchat\Downloads\Vaishnavi_s_Thesis\automation\results_behavior_windows\all_or_nothing\coupling_rl1_c1\raw_runs\map_0378.raw,C:\Users\vchat\Downloads\Vaishnavi_s_Thesis\automation\results_behavior_windows\all_or_nothing\coupling_rl1_c1\raw_runs\map_0378.log,C:\Users\vchat\Downloads\Vaishnavi_s_Thesis\automation\results_behavior_windows\all_or_nothing\coupling_rl1_c1\plots\map_0378.png,,,
379,ok,8500.0,1.8647409385996303e-09,C:\Users\vchat\Downloads\Vaishnavi_s_Thesis\automation\results_behavior_windows\all_or_nothing\coupling_rl1_c1\raw_runs\map_0379.raw,C:\Users\vchat\Downloads\Vaishnavi_s_Thesis\automation\results_behavior_windows\all_or_nothing\coupling_rl1_c1\raw_runs\map_0379.log,C:\Users\vchat\Downloads\Vaishnavi_s_Thesis\automation\results_behavior_windows\all_or_nothing\coupling_rl1_c1\plots\map_0379.png,,,
380,ok,8500.0,2.208636317342515e-09,C:\Users\vchat\Downloads\Vaishnavi_s_Thesis\automation\results_behavior_windows\all_or_nothing\coupling_rl1_c1\raw_runs\map_0380.raw,C:\Users\vchat\Downloads\Vaishnavi_s_Thesis\automation\results_behavior_windows\all_or_nothing\coupling_rl1_c1\raw_runs\map_0380.log,C:\Users\vchat\Downloads\Vaishnavi_s_Thesis\automation\results_behavior_windows\all_or_nothing\coupling_rl1_c1\plots\map_0380.png,,,
381,ok,8500.0,2.6159528550639355e-09,C:\Users\vchat\Downloads\Vaishnavi_s_Thesis\automation\results_behavior_windows\all_or_nothing\coupling_rl1_c1\raw_runs\map_0381.raw,C:\Users\vchat\Downloads\Vaishnavi_s_Thesis\automation\results_behavior_windows\all_or_nothing\coupling_rl1_c1\raw_runs\map_0381.log,C:\Users\vchat\Downloads\Vaishnavi_s_Thesis\automation\results_behavior_windows\all_or_nothing\coupling_rl1_c1\plots\map_0381.png,,,
382,ok,8500.0,3.098386676965935e-09,C:\Users\vchat\Downloads\Vaishnavi_s_Thesis\automation\results_behavior_windows\all_or_nothing\coupling_rl1_c1\raw_runs\map_0382.raw,C:\Users\vchat\Downloads\Vaishnavi_s_Thesis\automation\results_behavior_windows\all_or_nothing\coupling_rl1_c1\raw_runs\map_0382.log,C:\Users\vchat\Downloads\Vaishnavi_s_Thesis\automation\results_behavior_windows\all_or_nothing\coupling_rl1_c1\plots\map_0382.png,,,
383,ok,8500.0,3.6697909067498772e-09,C:\Users\vchat\Downloads\Vaishnavi_s_Thesis\automation\results_behavior_windows\all_or_nothing\coupling_rl1_c1\raw_runs\map_0383.raw,C:\Users\vchat\Downloads\Vaishnavi_s_Thesis\automation\results_behavior_windows\all_or_nothing\coupling_rl1_c1\raw_runs\map_0383.log,C:\Users\vchat\Downloads\Vaishnavi_s_Thesis\automation\results_behavior_windows\all_or_nothing\coupling_rl1_c1\plots\map_0383.png,,,
384,ok,8500.0,4.346573460111787e-09,C:\Users\vchat\Downloads\Vaishnavi_s_Thesis\automation\results_behavior_windows\all_or_nothing\coupling_rl1_c1\raw_runs\map_0384.raw,C:\Users\vchat\Downloads\Vaishnavi_s_Thesis\automation\results_behavior_windows\all_or_nothing\coupling_rl1_c1\raw_runs\map_0384.log,C:\Users\vchat\Downloads\Vaishnavi_s_Thesis\automation\results_behavior_windows\all_or_nothing\coupling_rl1_c1\plots\map_0384.png,,,
385,ok,8500.0,5.148168199283139e-09,C:\Users\vchat\Downloads\Vaishnavi_s_Thesis\automation\results_behavior_windows\all_or_nothing\coupling_rl1_c1\raw_runs\map_0385.raw,C:\Users\vchat\Downloads\Vaishnavi_s_Thesis\automation\results_behavior_windows\all_or_nothing\coupling_rl1_c1\raw_runs\map_0385.log,C:\Users\vchat\Downloads\Vaishnavi_s_Thesis\automation\results_behavior_windows\all_or_nothing\coupling_rl1_c1\plots\map_0385.png,,,
386,ok,8500.0,6.09759297785538e-09,C:\Users\vchat\Downloads\Vaishnavi_s_Thesis\automation\results_behavior_windows\all_or_nothing\coupling_rl1_c1\raw_runs\map_0386.raw,C:\Users\vchat\Downloads\Vaishnavi_s_Thesis\automation\results_behavior_windows\all_or_nothing\coupling_rl1_c1\raw_runs\map_0386.log,C:\Users\vchat\Downloads\Vaishnavi_s_Thesis\automation\results_behavior_windows\all_or_nothing\coupling_rl1_c1\plots\map_0386.png,,,
387,ok,8500.0,7.222110600187557e-09,C:\Users\vchat\Downloads\Vaishnavi_s_Thesis\automation\results_behavior_windows\all_or_nothing\coupling_rl1_c1\raw_runs\map_0387.raw,C:\Users\vchat\Downloads\Vaishnavi_s_Thesis\automation\results_behavior_windows\all_or_nothing\coupling_rl1_c1\raw_runs\map_0387.log,C:\Users\vchat\Downloads\Vaishnavi_s_Thesis\automation\results_behavior_windows\all_or_nothing\coupling_rl1_c1\plots\map_0387.png,,,
388,ok,8500.0,8.55401167489644e-09,C:\Users\vchat\Downloads\Vaishnavi_s_Thesis\automation\results_behavior_windows\all_or_nothing\coupling_rl1_c1\raw_runs\map_0388.raw,C:\Users\vchat\Downloads\Vaishnavi_s_Thesis\automation\results_behavior_windows\all_or_nothing\coupling_rl1_c1\raw_runs\map_0388.log,C:\Users\vchat\Downloads\Vaishnavi_s_Thesis\automation\results_behavior_windows\all_or_nothing\coupling_rl1_c1\plots\map_0388.png,,,
389,ok,8500.0,1.0131541842126369e-08,C:\Users\vchat\Downloads\Vaishnavi_s_Thesis\automation\results_behavior_windows\all_or_nothing\coupling_rl1_c1\raw_runs\map_0389.raw,C:\Users\vchat\Downloads\Vaishnavi_s_Thesis\automation\results_behavior_windows\all_or_nothing\coupling_rl1_c1\raw_runs\map_0389.log,C:\Users\vchat\Downloads\Vaishnavi_s_Thesis\automation\results_behavior_windows\all_or_nothing\coupling_rl1_c1\plots\map_0389.png,,,
390,ok,8500.0,1.2000000000000008e-08,C:\Users\vchat\Downloads\Vaishnavi_s_Thesis\automation\results_behavior_windows\all_or_nothing\coupling_rl1_c1\raw_runs\map_0390.raw,C:\Users\vchat\Downloads\Vaishnavi_s_Thesis\automation\results_behavior_windows\all_or_nothing\coupling_rl1_c1\raw_runs\map_0390.log,C:\Users\vchat\Downloads\Vaishnavi_s_Thesis\automation\results_behavior_windows\all_or_nothing\coupling_rl1_c1\plots\map_0390.png,,,
391,ok,8750.0,8.000000000000003e-10,C:\Users\vchat\Downloads\Vaishnavi_s_Thesis\automation\results_behavior_windows\all_or_nothing\coupling_rl1_c1\raw_runs\map_0391.raw,C:\Users\vchat\Downloads\Vaishnavi_s_Thesis\automation\results_behavior_windows\all_or_nothing\coupling_rl1_c1\raw_runs\map_0391.log,C:\Users\vchat\Downloads\Vaishnavi_s_Thesis\automation\results_behavior_windows\all_or_nothing\coupling_rl1_c1\plots\map_0391.png,,,
392,ok,8750.0,9.47535937727046e-10,C:\Users\vchat\Downloads\Vaishnavi_s_Thesis\automation\results_behavior_windows\all_or_nothing\coupling_rl1_c1\raw_runs\map_0392.raw,C:\Users\vchat\Downloads\Vaishnavi_s_Thesis\automation\results_behavior_windows\all_or_nothing\coupling_rl1_c1\raw_runs\map_0392.log,C:\Users\vchat\Downloads\Vaishnavi_s_Thesis\automation\results_behavior_windows\all_or_nothing\coupling_rl1_c1\plots\map_0392.png,,,
393,ok,8750.0,1.1222804416053399e-09,C:\Users\vchat\Downloads\Vaishnavi_s_Thesis\automation\results_behavior_windows\all_or_nothing\coupling_rl1_c1\raw_runs\map_0393.raw,C:\Users\vchat\Downloads\Vaishnavi_s_Thesis\automation\results_behavior_windows\all_or_nothing\coupling_rl1_c1\raw_runs\map_0393.log,C:\Users\vchat\Downloads\Vaishnavi_s_Thesis\automation\results_behavior_windows\all_or_nothing\coupling_rl1_c1\plots\map_0393.png,,,
394,ok,8750.0,1.329251313286548e-09,C:\Users\vchat\Downloads\Vaishnavi_s_Thesis\automation\results_behavior_windows\all_or_nothing\coupling_rl1_c1\raw_runs\map_0394.raw,C:\Users\vchat\Downloads\Vaishnavi_s_Thesis\automation\results_behavior_windows\all_or_nothing\coupling_rl1_c1\raw_runs\map_0394.log,C:\Users\vchat\Downloads\Vaishnavi_s_Thesis\automation\results_behavior_windows\all_or_nothing\coupling_rl1_c1\plots\map_0394.png,,,
395,ok,8750.0,1.574391737012345e-09,C:\Users\vchat\Downloads\Vaishnavi_s_Thesis\automation\results_behavior_windows\all_or_nothing\coupling_rl1_c1\raw_runs\map_0395.raw,C:\Users\vchat\Downloads\Vaishnavi_s_Thesis\automation\results_behavior_windows\all_or_nothing\coupling_rl1_c1\raw_runs\map_0395.log,C:\Users\vchat\Downloads\Vaishnavi_s_Thesis\automation\results_behavior_windows\all_or_nothing\coupling_rl1_c1\plots\map_0395.png,,,
396,ok,8750.0,1.8647409385996303e-09,C:\Users\vchat\Downloads\Vaishnavi_s_Thesis\automation\results_behavior_windows\all_or_nothing\coupling_rl1_c1\raw_runs\map_0396.raw,C:\Users\vchat\Downloads\Vaishnavi_s_Thesis\automation\results_behavior_windows\all_or_nothing\coupling_rl1_c1\raw_runs\map_0396.log,C:\Users\vchat\Downloads\Vaishnavi_s_Thesis\automation\results_behavior_windows\all_or_nothing\coupling_rl1_c1\plots\map_0396.png,,,
397,ok,8750.0,2.208636317342515e-09,C:\Users\vchat\Downloads\Vaishnavi_s_Thesis\automation\results_behavior_windows\all_or_nothing\coupling_rl1_c1\raw_runs\map_0397.raw,C:\Users\vchat\Downloads\Vaishnavi_s_Thesis\automation\results_behavior_windows\all_or_nothing\coupling_rl1_c1\raw_runs\map_0397.log,C:\Users\vchat\Downloads\Vaishnavi_s_Thesis\automation\results_behavior_windows\all_or_nothing\coupling_rl1_c1\plots\map_0397.png,,,
398,ok,8750.0,2.6159528550639355e-09,C:\Users\vchat\Downloads\Vaishnavi_s_Thesis\automation\results_behavior_windows\all_or_nothing\coupling_rl1_c1\raw_runs\map_0398.raw,C:\Users\vchat\Downloads\Vaishnavi_s_Thesis\automation\results_behavior_windows\all_or_nothing\coupling_rl1_c1\raw_runs\map_0398.log,C:\Users\vchat\Downloads\Vaishnavi_s_Thesis\automation\results_behavior_windows\all_or_nothing\coupling_rl1_c1\plots\map_0398.png,,,
399,ok,8750.0,3.098386676965935e-09,C:\Users\vchat\Downloads\Vaishnavi_s_Thesis\automation\results_behavior_windows\all_or_nothing\coupling_rl1_c1\raw_runs\map_0399.raw,C:\Users\vchat\Downloads\Vaishnavi_s_Thesis\automation\results_behavior_windows\all_or_nothing\coupling_rl1_c1\raw_runs\map_0399.log,C:\Users\vchat\Downloads\Vaishnavi_s_Thesis\automation\results_behavior_windows\all_or_nothing\coupling_rl1_c1\plots\map_0399.png,,,
400,ok,8750.0,3.6697909067498772e-09,C:\Users\vchat\Downloads\Vaishnavi_s_Thesis\automation\results_behavior_windows\all_or_nothing\coupling_rl1_c1\raw_runs\map_0400.raw,C:\Users\vchat\Downloads\Vaishnavi_s_Thesis\automation\results_behavior_windows\all_or_nothing\coupling_rl1_c1\raw_runs\map_0400.log,C:\Users\vchat\Downloads\Vaishnavi_s_Thesis\automation\results_behavior_windows\all_or_nothing\coupling_rl1_c1\plots\map_0400.png,,,
401,ok,8750.0,4.346573460111787e-09,C:\Users\vchat\Downloads\Vaishnavi_s_Thesis\automation\results_behavior_windows\all_or_nothing\coupling_rl1_c1\raw_runs\map_0401.raw,C:\Users\vchat\Downloads\Vaishnavi_s_Thesis\automation\results_behavior_windows\all_or_nothing\coupling_rl1_c1\raw_runs\map_0401.log,C:\Users\vchat\Downloads\Vaishnavi_s_Thesis\automation\results_behavior_windows\all_or_nothing\coupling_rl1_c1\plots\map_0401.png,,,
402,ok,8750.0,5.148168199283139e-09,C:\Users\vchat\Downloads\Vaishnavi_s_Thesis\automation\results_behavior_windows\all_or_nothing\coupling_rl1_c1\raw_runs\map_0402.raw,C:\Users\vchat\Downloads\Vaishnavi_s_Thesis\automation\results_behavior_windows\all_or_nothing\coupling_rl1_c1\raw_runs\map_0402.log,C:\Users\vchat\Downloads\Vaishnavi_s_Thesis\automation\results_behavior_windows\all_or_nothing\coupling_rl1_c1\plots\map_0402.png,,,
403,ok,8750.0,6.09759297785538e-09,C:\Users\vchat\Downloads\Vaishnavi_s_Thesis\automation\results_behavior_windows\all_or_nothing\coupling_rl1_c1\raw_runs\map_0403.raw,C:\Users\vchat\Downloads\Vaishnavi_s_Thesis\automation\results_behavior_windows\all_or_nothing\coupling_rl1_c1\raw_runs\map_0403.log,C:\Users\vchat\Downloads\Vaishnavi_s_Thesis\automation\results_behavior_windows\all_or_nothing\coupling_rl1_c1\plots\map_0403.png,,,
404,ok,8750.0,7.222110600187557e-09,C:\Users\vchat\Downloads\Vaishnavi_s_Thesis\automation\results_behavior_windows\all_or_nothing\coupling_rl1_c1\raw_runs\map_0404.raw,C:\Users\vchat\Downloads\Vaishnavi_s_Thesis\automation\results_behavior_windows\all_or_nothing\coupling_rl1_c1\raw_runs\map_0404.log,C:\Users\vchat\Downloads\Vaishnavi_s_Thesis\automation\results_behavior_windows\all_or_nothing\coupling_rl1_c1\plots\map_0404.png,,,
405,ok,8750.0,8.55401167489644e-09,C:\Users\vchat\Downloads\Vaishnavi_s_Thesis\automation\results_behavior_windows\all_or_nothing\coupling_rl1_c1\raw_runs\map_0405.raw,C:\Users\vchat\Downloads\Vaishnavi_s_Thesis\automation\results_behavior_windows\all_or_nothing\coupling_rl1_c1\raw_runs\map_0405.log,C:\Users\vchat\Downloads\Vaishnavi_s_Thesis\automation\results_behavior_windows\all_or_nothing\coupling_rl1_c1\plots\map_0405.png,,,
406,ok,8750.0,1.0131541842126369e-08,C:\Users\vchat\Downloads\Vaishnavi_s_Thesis\automation\results_behavior_windows\all_or_nothing\coupling_rl1_c1\raw_runs\map_0406.raw,C:\Users\vchat\Downloads\Vaishnavi_s_Thesis\automation\results_behavior_windows\all_or_nothing\coupling_rl1_c1\raw_runs\map_0406.log,C:\Users\vchat\Downloads\Vaishnavi_s_Thesis\automation\results_behavior_windows\all_or_nothing\coupling_rl1_c1\plots\map_0406.png,,,
407,ok,8750.0,1.2000000000000008e-08,C:\Users\vchat\Downloads\Vaishnavi_s_Thesis\automation\results_behavior_windows\all_or_nothing\coupling_rl1_c1\raw_runs\map_0407.raw,C:\Users\vchat\Downloads\Vaishnavi_s_Thesis\automation\results_behavior_windows\all_or_nothing\coupling_rl1_c1\raw_runs\map_0407.log,C:\Users\vchat\Downloads\Vaishnavi_s_Thesis\automation\results_behavior_windows\all_or_nothing\coupling_rl1_c1\plots\map_0407.png,,,
408,ok,9000.0,8.000000000000003e-10,C:\Users\vchat\Downloads\Vaishnavi_s_Thesis\automation\results_behavior_windows\all_or_nothing\coupling_rl1_c1\raw_runs\map_0408.raw,C:\Users\vchat\Downloads\Vaishnavi_s_Thesis\automation\results_behavior_windows\all_or_nothing\coupling_rl1_c1\raw_runs\map_0408.log,C:\Users\vchat\Downloads\Vaishnavi_s_Thesis\automation\results_behavior_windows\all_or_nothing\coupling_rl1_c1\plots\map_0408.png,,,
409,ok,9000.0,9.47535937727046e-10,C:\Users\vchat\Downloads\Vaishnavi_s_Thesis\automation\results_behavior_windows\all_or_nothing\coupling_rl1_c1\raw_runs\map_0409.raw,C:\Users\vchat\Downloads\Vaishnavi_s_Thesis\automation\results_behavior_windows\all_or_nothing\coupling_rl1_c1\raw_runs\map_0409.log,C:\Users\vchat\Downloads\Vaishnavi_s_Thesis\automation\results_behavior_windows\all_or_nothing\coupling_rl1_c1\plots\map_0409.png,,,
410,ok,9000.0,1.1222804416053399e-09,C:\Users\vchat\Downloads\Vaishnavi_s_Thesis\automation\results_behavior_windows\all_or_nothing\coupling_rl1_c1\raw_runs\map_0410.raw,C:\Users\vchat\Downloads\Vaishnavi_s_Thesis\automation\results_behavior_windows\all_or_nothing\coupling_rl1_c1\raw_runs\map_0410.log,C:\Users\vchat\Downloads\Vaishnavi_s_Thesis\automation\results_behavior_windows\all_or_nothing\coupling_rl1_c1\plots\map_0410.png,,,
411,ok,9000.0,1.329251313286548e-09,C:\Users\vchat\Downloads\Vaishnavi_s_Thesis\automation\results_behavior_windows\all_or_nothing\coupling_rl1_c1\raw_runs\map_0411.raw,C:\Users\vchat\Downloads\Vaishnavi_s_Thesis\automation\results_behavior_windows\all_or_nothing\coupling_rl1_c1\raw_runs\map_0411.log,C:\Users\vchat\Downloads\Vaishnavi_s_Thesis\automation\results_behavior_windows\all_or_nothing\coupling_rl1_c1\plots\map_0411.png,,,
412,ok,9000.0,1.574391737012345e-09,C:\Users\vchat\Downloads\Vaishnavi_s_Thesis\automation\results_behavior_windows\all_or_nothing\coupling_rl1_c1\raw_runs\map_0412.raw,C:\Users\vchat\Downloads\Vaishnavi_s_Thesis\automation\results_behavior_windows\all_or_nothing\coupling_rl1_c1\raw_runs\map_0412.log,C:\Users\vchat\Downloads\Vaishnavi_s_Thesis\automation\results_behavior_windows\all_or_nothing\coupling_rl1_c1\plots\map_0412.png,,,
413,ok,9000.0,1.8647409385996303e-09,C:\Users\vchat\Downloads\Vaishnavi_s_Thesis\automation\results_behavior_windows\all_or_nothing\coupling_rl1_c1\raw_runs\map_0413.raw,C:\Users\vchat\Downloads\Vaishnavi_s_Thesis\automation\results_behavior_windows\all_or_nothing\coupling_rl1_c1\raw_runs\map_0413.log,C:\Users\vchat\Downloads\Vaishnavi_s_Thesis\automation\results_behavior_windows\all_or_nothing\coupling_rl1_c1\plots\map_0413.png,,,
414,ok,9000.0,2.208636317342515e-09,C:\Users\vchat\Downloads\Vaishnavi_s_Thesis\automation\results_behavior_windows\all_or_nothing\coupling_rl1_c1\raw_runs\map_0414.raw,C:\Users\vchat\Downloads\Vaishnavi_s_Thesis\automation\results_behavior_windows\all_or_nothing\coupling_rl1_c1\raw_runs\map_0414.log,C:\Users\vchat\Downloads\Vaishnavi_s_Thesis\automation\results_behavior_windows\all_or_nothing\coupling_rl1_c1\plots\map_0414.png,,,
415,ok,9000.0,2.6159528550639355e-09,C:\Users\vchat\Downloads\Vaishnavi_s_Thesis\automation\results_behavior_windows\all_or_nothing\coupling_rl1_c1\raw_runs\map_0415.raw,C:\Users\vchat\Downloads\Vaishnavi_s_Thesis\automation\results_behavior_windows\all_or_nothing\coupling_rl1_c1\raw_runs\map_0415.log,C:\Users\vchat\Downloads\Vaishnavi_s_Thesis\automation\results_behavior_windows\all_or_nothing\coupling_rl1_c1\plots\map_0415.png,,,
416,ok,9000.0,3.098386676965935e-09,C:\Users\vchat\Downloads\Vaishnavi_s_Thesis\automation\results_behavior_windows\all_or_nothing\coupling_rl1_c1\raw_runs\map_0416.raw,C:\Users\vchat\Downloads\Vaishnavi_s_Thesis\automation\results_behavior_windows\all_or_nothing\coupling_rl1_c1\raw_runs\map_0416.log,C:\Users\vchat\Downloads\Vaishnavi_s_Thesis\automation\results_behavior_windows\all_or_nothing\coupling_rl1_c1\plots\map_0416.png,,,
417,ok,9000.0,3.6697909067498772e-09,C:\Users\vchat\Downloads\Vaishnavi_s_Thesis\automation\results_behavior_windows\all_or_nothing\coupling_rl1_c1\raw_runs\map_0417.raw,C:\Users\vchat\Downloads\Vaishnavi_s_Thesis\automation\results_behavior_windows\all_or_nothing\coupling_rl1_c1\raw_runs\map_0417.log,C:\Users\vchat\Downloads\Vaishnavi_s_Thesis\automation\results_behavior_windows\all_or_nothing\coupling_rl1_c1\plots\map_0417.png,,,
418,ok,9000.0,4.346573460111787e-09,C:\Users\vchat\Downloads\Vaishnavi_s_Thesis\automation\results_behavior_windows\all_or_nothing\coupling_rl1_c1\raw_runs\map_0418.raw,C:\Users\vchat\Downloads\Vaishnavi_s_Thesis\automation\results_behavior_windows\all_or_nothing\coupling_rl1_c1\raw_runs\map_0418.log,C:\Users\vchat\Downloads\Vaishnavi_s_Thesis\automation\results_behavior_windows\all_or_nothing\coupling_rl1_c1\plots\map_0418.png,,,
419,ok,9000.0,5.148168199283139e-09,C:\Users\vchat\Downloads\Vaishnavi_s_Thesis\automation\results_behavior_windows\all_or_nothing\coupling_rl1_c1\raw_runs\map_0419.raw,C:\Users\vchat\Downloads\Vaishnavi_s_Thesis\automation\results_behavior_windows\all_or_nothing\coupling_rl1_c1\raw_runs\map_0419.log,C:\Users\vchat\Downloads\Vaishnavi_s_Thesis\automation\results_behavior_windows\all_or_nothing\coupling_rl1_c1\plots\map_0419.png,,,
420,ok,9000.0,6.09759297785538e-09,C:\Users\vchat\Downloads\Vaishnavi_s_Thesis\automation\results_behavior_windows\all_or_nothing\coupling_rl1_c1\raw_runs\map_0420.raw,C:\Users\vchat\Downloads\Vaishnavi_s_Thesis\automation\results_behavior_windows\all_or_nothing\coupling_rl1_c1\raw_runs\map_0420.log,C:\Users\vchat\Downloads\Vaishnavi_s_Thesis\automation\results_behavior_windows\all_or_nothing\coupling_rl1_c1\plots\map_0420.png,,,
421,ok,9000.0,7.222110600187557e-09,C:\Users\vchat\Downloads\Vaishnavi_s_Thesis\automation\results_behavior_windows\all_or_nothing\coupling_rl1_c1\raw_runs\map_0421.raw,C:\Users\vchat\Downloads\Vaishnavi_s_Thesis\automation\results_behavior_windows\all_or_nothing\coupling_rl1_c1\raw_runs\map_0421.log,C:\Users\vchat\Downloads\Vaishnavi_s_Thesis\automation\results_behavior_windows\all_or_nothing\coupling_rl1_c1\plots\map_0421.png,,,
422,ok,9000.0,8.55401167489644e-09,C:\Users\vchat\Downloads\Vaishnavi_s_Thesis\automation\results_behavior_windows\all_or_nothing\coupling_rl1_c1\raw_runs\map_0422.raw,C:\Users\vchat\Downloads\Vaishnavi_s_Thesis\automation\results_behavior_windows\all_or_nothing\coupling_rl1_c1\raw_runs\map_0422.log,C:\Users\vchat\Downloads\Vaishnavi_s_Thesis\automation\results_behavior_windows\all_or_nothing\coupling_rl1_c1\plots\map_0422.png,,,
423,ok,9000.0,1.0131541842126369e-08,C:\Users\vchat\Downloads\Vaishnavi_s_Thesis\automation\results_behavior_windows\all_or_nothing\coupling_rl1_c1\raw_runs\map_0423.raw,C:\Users\vchat\Downloads\Vaishnavi_s_Thesis\automation\results_behavior_windows\all_or_nothing\coupling_rl1_c1\raw_runs\map_0423.log,C:\Users\vchat\Downloads\Vaishnavi_s_Thesis\automation\results_behavior_windows\all_or_nothing\coupling_rl1_c1\plots\map_0423.png,,,
424,ok,9000.0,1.2000000000000008e-08,C:\Users\vchat\Downloads\Vaishnavi_s_Thesis\automation\results_behavior_windows\all_or_nothing\coupling_rl1_c1\raw_runs\map_0424.raw,C:\Users\vchat\Downloads\Vaishnavi_s_Thesis\automation\results_behavior_windows\all_or_nothing\coupling_rl1_c1\raw_runs\map_0424.log,C:\Users\vchat\Downloads\Vaishnavi_s_Thesis\automation\results_behavior_windows\all_or_nothing\coupling_rl1_c1\plots\map_0424.png,,,
