run_id,status,RL1_value,C1_value,raw_file,log_file,plot_file,manual_behavior_label,manual_notes
0,ok,4500.0,4.999999999999999e-09,C:\Users\vchat\Downloads\Vaishnavi_s_Thesis__2_\automation\results_behavior_windows\tonic_bursting\coupling_rl1_c1\raw_runs\map_0000.raw,C:\Users\vchat\Downloads\Vaishnavi_s_Thesis__2_\automation\results_behavior_windows\tonic_bursting\coupling_rl1_c1\raw_runs\map_0000.log,C:\Users\vchat\Downloads\Vaishnavi_s_Thesis__2_\automation\results_behavior_windows\tonic_bursting\coupling_rl1_c1\plots\map_0000.png,,
1,ok,4500.0,5.8611193690212385e-09,C:\Users\vchat\Downloads\Vaishnavi_s_Thesis__2_\automation\results_behavior_windows\tonic_bursting\coupling_rl1_c1\raw_runs\map_0001.raw,C:\Users\vchat\Downloads\Vaishnavi_s_Thesis__2_\automation\results_behavior_windows\tonic_bursting\coupling_rl1_c1\raw_runs\map_0001.log,C:\Users\vchat\Downloads\Vaishnavi_s_Thesis__2_\automation\results_behavior_windows\tonic_bursting\coupling_rl1_c1\plots\map_0001.png,,
2,ok,4500.0,6.870544051583186e-09,C:\Users\vchat\Downloads\Vaishnavi_s_Thesis__2_\automation\results_behavior_windows\tonic_bursting\coupling_rl1_c1\raw_runs\map_0002.raw,C:\Users\vchat\Downloads\Vaishnavi_s_Thesis__2_\automation\results_behavior_windows\tonic_bursting\coupling_rl1_c1\raw_runs\map_0002.log,C:\Users\vchat\Downloads\Vaishnavi_s_Thesis__2_\automation\results_behavior_windows\tonic_bursting\coupling_rl1_c1\plots\map_0002.png,,
3,ok,4500.0,8.053815763289574e-09,C:\Users\vchat\Downloads\Vaishnavi_s_Thesis__2_\automation\results_behavior_windows\tonic_bursting\coupling_rl1_c1\raw_runs\map_0003.raw,C:\Users\vchat\Downloads\Vaishnavi_s_Thesis__2_\automation\results_behavior_windows\tonic_bursting\coupling_rl1_c1\raw_runs\map_0003.log,C:\Users\vchat\Downloads\Vaishnavi_s_Thesis__2_\automation\results_behavior_windows\tonic_bursting\coupling_rl1_c1\plots\map_0003.png,,
4,ok,4500.0,9.44087511294902e-09,C:\Users\vchat\Downloads\Vaishnavi_s_Thesis__2_\automation\results_behavior_windows\tonic_bursting\coupling_rl1_c1\raw_runs\map_0004.raw,C:\Users\vchat\Downloads\Vaishnavi_s_Thesis__2_\automation\results_behavior_windows\tonic_bursting\coupling_rl1_c1\raw_runs\map_0004.log,C:\Users\vchat\Downloads\Vaishnavi_s_Thesis__2_\automation\results_behavior_windows\tonic_bursting\coupling_rl1_c1\plots\map_0004.png,,
5,ok,4500.0,1.1066819197003217e-08,C:\Users\vchat\Downloads\Vaishnavi_s_Thesis__2_\automation\results_behavior_windows\tonic_bursting\coupling_rl1_c1\raw_runs\map_0005.raw,C:\Users\vchat\Downloads\Vaishnavi_s_Thesis__2_\automation\results_behavior_windows\tonic_bursting\coupling_rl1_c1\raw_runs\map_0005.log,C:\Users\vchat\Downloads\Vaishnavi_s_Thesis__2_\automation\results_behavior_windows\tonic_bursting\coupling_rl1_c1\plots\map_0005.png,,
6,ok,4500.0,1.2972789669802326e-08,C:\Users\vchat\Downloads\Vaishnavi_s_Thesis__2_\automation\results_behavior_windows\tonic_bursting\coupling_rl1_c1\raw_runs\map_0006.raw,C:\Users\vchat\Downloads\Vaishnavi_s_Thesis__2_\automation\results_behavior_windows\tonic_bursting\coupling_rl1_c1\raw_runs\map_0006.log,C:\Users\vchat\Downloads\Vaishnavi_s_Thesis__2_\automation\results_behavior_windows\tonic_bursting\coupling_rl1_c1\plots\map_0006.png,,
7,ok,4500.0,1.5207013760783413e-08,C:\Users\vchat\Downloads\Vaishnavi_s_Thesis__2_\automation\results_behavior_windows\tonic_bursting\coupling_rl1_c1\raw_runs\map_0007.raw,C:\Users\vchat\Downloads\Vaishnavi_s_Thesis__2_\automation\results_behavior_windows\tonic_bursting\coupling_rl1_c1\raw_runs\map_0007.log,C:\Users\vchat\Downloads\Vaishnavi_s_Thesis__2_\automation\results_behavior_windows\tonic_bursting\coupling_rl1_c1\plots\map_0007.png,,
8,ok,4500.0,1.7826024579660037e-08,C:\Users\vchat\Downloads\Vaishnavi_s_Thesis__2_\automation\results_behavior_windows\tonic_bursting\coupling_rl1_c1\raw_runs\map_0008.raw,C:\Users\vchat\Downloads\Vaishnavi_s_Thesis__2_\automation\results_behavior_windows\tonic_bursting\coupling_rl1_c1\raw_runs\map_0008.log,C:\Users\vchat\Downloads\Vaishnavi_s_Thesis__2_\automation\results_behavior_windows\tonic_bursting\coupling_rl1_c1\plots\map_0008.png,,
9,ok,4500.0,2.0896091587298827e-08,C:\Users\vchat\Downloads\Vaishnavi_s_Thesis__2_\automation\results_behavior_windows\tonic_bursting\coupling_rl1_c1\raw_runs\map_0009.raw,C:\Users\vchat\Downloads\Vaishnavi_s_Thesis__2_\automation\results_behavior_windows\tonic_bursting\coupling_rl1_c1\raw_runs\map_0009.log,C:\Users\vchat\Downloads\Vaishnavi_s_Thesis__2_\automation\results_behavior_windows\tonic_bursting\coupling_rl1_c1\plots\map_0009.png,,
10,ok,4500.0,2.4494897427831788e-08,C:\Users\vchat\Downloads\Vaishnavi_s_Thesis__2_\automation\results_behavior_windows\tonic_bursting\coupling_rl1_c1\raw_runs\map_0010.raw,C:\Users\vchat\Downloads\Vaishnavi_s_Thesis__2_\automation\results_behavior_windows\tonic_bursting\coupling_rl1_c1\raw_runs\map_0010.log,C:\Users\vchat\Downloads\Vaishnavi_s_Thesis__2_\automation\results_behavior_windows\tonic_bursting\coupling_rl1_c1\plots\map_0010.png,,
11,ok,4500.0,2.8713503551290684e-08,C:\Users\vchat\Downloads\Vaishnavi_s_Thesis__2_\automation\results_behavior_windows\tonic_bursting\coupling_rl1_c1\raw_runs\map_0011.raw,C:\Users\vchat\Downloads\Vaishnavi_s_Thesis__2_\automation\results_behavior_windows\tonic_bursting\coupling_rl1_c1\raw_runs\map_0011.log,C:\Users\vchat\Downloads\Vaishnavi_s_Thesis__2_\automation\results_behavior_windows\tonic_bursting\coupling_rl1_c1\plots\map_0011.png,,
12,ok,4500.0,3.3658654363385995e-08,C:\Users\vchat\Downloads\Vaishnavi_s_Thesis__2_\automation\results_behavior_windows\tonic_bursting\coupling_rl1_c1\raw_runs\map_0012.raw,C:\Users\vchat\Downloads\Vaishnavi_s_Thesis__2_\automation\results_behavior_windows\tonic_bursting\coupling_rl1_c1\raw_runs\map_0012.log,C:\Users\vchat\Downloads\Vaishnavi_s_Thesis__2_\automation\results_behavior_windows\tonic_bursting\coupling_rl1_c1\plots\map_0012.png,,
13,ok,4500.0,3.945547820488658e-08,C:\Users\vchat\Downloads\Vaishnavi_s_Thesis__2_\automation\results_behavior_windows\tonic_bursting\coupling_rl1_c1\raw_runs\map_0013.raw,C:\Users\vchat\Downloads\Vaishnavi_s_Thesis__2_\automation\results_behavior_windows\tonic_bursting\coupling_rl1_c1\raw_runs\map_0013.log,C:\Users\vchat\Downloads\Vaishnavi_s_Thesis__2_\automation\results_behavior_windows\tonic_bursting\coupling_rl1_c1\plots\map_0013.png,,
14,ok,4500.0,4.625065350413122e-08,C:\Users\vchat\Downloads\Vaishnavi_s_Thesis__2_\automation\results_behavior_windows\tonic_bursting\coupling_rl1_c1\raw_runs\map_0014.raw,C:\Users\vchat\Downloads\Vaishnavi_s_Thesis__2_\automation\results_behavior_windows\tonic_bursting\coupling_rl1_c1\raw_runs\map_0014.log,C:\Users\vchat\Downloads\Vaishnavi_s_Thesis__2_\automation\results_behavior_windows\tonic_bursting\coupling_rl1_c1\plots\map_0014.png,,
15,ok,4500.0,5.421612021659072e-08,C:\Users\vchat\Downloads\Vaishnavi_s_Thesis__2_\automation\results_behavior_windows\tonic_bursting\coupling_rl1_c1\raw_runs\map_0015.raw,C:\Users\vchat\Downloads\Vaishnavi_s_Thesis__2_\automation\results_behavior_windows\tonic_bursting\coupling_rl1_c1\raw_runs\map_0015.log,C:\Users\vchat\Downloads\Vaishnavi_s_Thesis__2_\automation\results_behavior_windows\tonic_bursting\coupling_rl1_c1\plots\map_0015.png,,
16,ok,4500.0,6.355343046292877e-08,C:\Users\vchat\Downloads\Vaishnavi_s_Thesis__2_\automation\results_behavior_windows\tonic_bursting\coupling_rl1_c1\raw_runs\map_0016.raw,C:\Users\vchat\Downloads\Vaishnavi_s_Thesis__2_\automation\results_behavior_windows\tonic_bursting\coupling_rl1_c1\raw_runs\map_0016.log,C:\Users\vchat\Downloads\Vaishnavi_s_Thesis__2_\automation\results_behavior_windows\tonic_bursting\coupling_rl1_c1\plots\map_0016.png,,
17,ok,4500.0,7.449884845080326e-08,C:\Users\vchat\Downloads\Vaishnavi_s_Thesis__2_\automation\results_behavior_windows\tonic_bursting\coupling_rl1_c1\raw_runs\map_0017.raw,C:\Users\vchat\Downloads\Vaishnavi_s_Thesis__2_\automation\results_behavior_windows\tonic_bursting\coupling_rl1_c1\raw_runs\map_0017.log,C:\Users\vchat\Downloads\Vaishnavi_s_Thesis__2_\automation\results_behavior_windows\tonic_bursting\coupling_rl1_c1\plots\map_0017.png,,
18,ok,4500.0,8.732932872495618e-08,C:\Users\vchat\Downloads\Vaishnavi_s_Thesis__2_\automation\results_behavior_windows\tonic_bursting\coupling_rl1_c1\raw_runs\map_0018.raw,C:\Users\vchat\Downloads\Vaishnavi_s_Thesis__2_\automation\results_behavior_windows\tonic_bursting\coupling_rl1_c1\raw_runs\map_0018.log,C:\Users\vchat\Downloads\Vaishnavi_s_Thesis__2_\automation\results_behavior_windows\tonic_bursting\coupling_rl1_c1\plots\map_0018.png,,
19,ok,4500.0,1.0236952401469272e-07,C:\Users\vchat\Downloads\Vaishnavi_s_Thesis__2_\automation\results_behavior_windows\tonic_bursting\coupling_rl1_c1\raw_runs\map_0019.raw,C:\Users\vchat\Downloads\Vaishnavi_s_Thesis__2_\automation\results_behavior_windows\tonic_bursting\coupling_rl1_c1\raw_runs\map_0019.log,C:\Users\vchat\Downloads\Vaishnavi_s_Thesis__2_\automation\results_behavior_windows\tonic_bursting\coupling_rl1_c1\plots\map_0019.png,,
20,ok,4500.0,1.2000000000000007e-07,C:\Users\vchat\Downloads\Vaishnavi_s_Thesis__2_\automation\results_behavior_windows\tonic_bursting\coupling_rl1_c1\raw_runs\map_0020.raw,C:\Users\vchat\Downloads\Vaishnavi_s_Thesis__2_\automation\results_behavior_windows\tonic_bursting\coupling_rl1_c1\raw_runs\map_0020.log,C:\Users\vchat\Downloads\Vaishnavi_s_Thesis__2_\automation\results_behavior_windows\tonic_bursting\coupling_rl1_c1\plots\map_0020.png,,
21,ok,4750.0,4.999999999999999e-09,C:\Users\vchat\Downloads\Vaishnavi_s_Thesis__2_\automation\results_behavior_windows\tonic_bursting\coupling_rl1_c1\raw_runs\map_0021.raw,C:\Users\vchat\Downloads\Vaishnavi_s_Thesis__2_\automation\results_behavior_windows\tonic_bursting\coupling_rl1_c1\raw_runs\map_0021.log,C:\Users\vchat\Downloads\Vaishnavi_s_Thesis__2_\automation\results_behavior_windows\tonic_bursting\coupling_rl1_c1\plots\map_0021.png,,
22,ok,4750.0,5.8611193690212385e-09,C:\Users\vchat\Downloads\Vaishnavi_s_Thesis__2_\automation\results_behavior_windows\tonic_bursting\coupling_rl1_c1\raw_runs\map_0022.raw,C:\Users\vchat\Downloads\Vaishnavi_s_Thesis__2_\automation\results_behavior_windows\tonic_bursting\coupling_rl1_c1\raw_runs\map_0022.log,C:\Users\vchat\Downloads\Vaishnavi_s_Thesis__2_\automation\results_behavior_windows\tonic_bursting\coupling_rl1_c1\plots\map_0022.png,,
23,ok,4750.0,6.870544051583186e-09,C:\Users\vchat\Downloads\Vaishnavi_s_Thesis__2_\automation\results_behavior_windows\tonic_bursting\coupling_rl1_c1\raw_runs\map_0023.raw,C:\Users\vchat\Downloads\Vaishnavi_s_Thesis__2_\automation\results_behavior_windows\tonic_bursting\coupling_rl1_c1\raw_runs\map_0023.log,C:\Users\vchat\Downloads\Vaishnavi_s_Thesis__2_\automation\results_behavior_windows\tonic_bursting\coupling_rl1_c1\plots\map_0023.png,,
24,ok,4750.0,8.053815763289574e-09,C:\Users\vchat\Downloads\Vaishnavi_s_Thesis__2_\automation\results_behavior_windows\tonic_bursting\coupling_rl1_c1\raw_runs\map_0024.raw,C:\Users\vchat\Downloads\Vaishnavi_s_Thesis__2_\automation\results_behavior_windows\tonic_bursting\coupling_rl1_c1\raw_runs\map_0024.log,C:\Users\vchat\Downloads\Vaishnavi_s_Thesis__2_\automation\results_behavior_windows\tonic_bursting\coupling_rl1_c1\plots\map_0024.png,,
25,ok,4750.0,9.44087511294902e-09,C:\Users\vchat\Downloads\Vaishnavi_s_Thesis__2_\automation\results_behavior_windows\tonic_bursting\coupling_rl1_c1\raw_runs\map_0025.raw,C:\Users\vchat\Downloads\Vaishnavi_s_Thesis__2_\automation\results_behavior_windows\tonic_bursting\coupling_rl1_c1\raw_runs\map_0025.log,C:\Users\vchat\Downloads\Vaishnavi_s_Thesis__2_\automation\results_behavior_windows\tonic_bursting\coupling_rl1_c1\plots\map_0025.png,,
26,ok,4750.0,1.1066819197003217e-08,C:\Users\vchat\Downloads\Vaishnavi_s_Thesis__2_\automation\results_behavior_windows\tonic_bursting\coupling_rl1_c1\raw_runs\map_0026.raw,C:\Users\vchat\Downloads\Vaishnavi_s_Thesis__2_\automation\results_behavior_windows\tonic_bursting\coupling_rl1_c1\raw_runs\map_0026.log,C:\Users\vchat\Downloads\Vaishnavi_s_Thesis__2_\automation\results_behavior_windows\tonic_bursting\coupling_rl1_c1\plots\map_0026.png,,
27,ok,4750.0,1.2972789669802326e-08,C:\Users\vchat\Downloads\Vaishnavi_s_Thesis__2_\automation\results_behavior_windows\tonic_bursting\coupling_rl1_c1\raw_runs\map_0027.raw,C:\Users\vchat\Downloads\Vaishnavi_s_Thesis__2_\automation\results_behavior_windows\tonic_bursting\coupling_rl1_c1\raw_runs\map_0027.log,C:\Users\vchat\Downloads\Vaishnavi_s_Thesis__2_\automation\results_behavior_windows\tonic_bursting\coupling_rl1_c1\plots\map_0027.png,,
28,ok,4750.0,1.5207013760783413e-08,C:\Users\vchat\Downloads\Vaishnavi_s_Thesis__2_\automation\results_behavior_windows\tonic_bursting\coupling_rl1_c1\raw_runs\map_0028.raw,C:\Users\vchat\Downloads\Vaishnavi_s_Thesis__2_\automation\results_behavior_windows\tonic_bursting\coupling_rl1_c1\raw_runs\map_0028.log,C:\Users\vchat\Downloads\Vaishnavi_s_Thesis__2_\automation\results_behavior_windows\tonic_bursting\coupling_rl1_c1\plots\map_0028.png,,
29,ok,4750.0,1.7826024579660037e-08,C:\Users\vchat\Downloads\Vaishnavi_s_Thesis__2_\automation\results_behavior_windows\tonic_bursting\coupling_rl1_c1\raw_runs\map_0029.raw,C:\Users\vchat\Downloads\Vaishnavi_s_Thesis__2_\automation\results_behavior_windows\tonic_bursting\coupling_rl1_c1\raw_runs\map_0029.log,C:\Users\vchat\Downloads\Vaishnavi_s_Thesis__2_\automation\results_behavior_windows\tonic_bursting\coupling_rl1_c1\plots\map_0029.png,,
30,ok,4750.0,2.0896091587298827e-08,C:\Users\vchat\Downloads\Vaishnavi_s_Thesis__2_\automation\results_behavior_windows\tonic_bursting\coupling_rl1_c1\raw_runs\map_0030.raw,C:\Users\vchat\Downloads\Vaishnavi_s_Thesis__2_\automation\results_behavior_windows\tonic_bursting\coupling_rl1_c1\raw_runs\map_0030.log,C:\Users\vchat\Downloads\Vaishnavi_s_Thesis__2_\automation\results_behavior_windows\tonic_bursting\coupling_rl1_c1\plots\map_0030.png,,
31,ok,4750.0,2.4494897427831788e-08,C:\Users\vchat\Downloads\Vaishnavi_s_Thesis__2_\automation\results_behavior_windows\tonic_bursting\coupling_rl1_c1\raw_runs\map_0031.raw,C:\Users\vchat\Downloads\Vaishnavi_s_Thesis__2_\automation\results_behavior_windows\tonic_bursting\coupling_rl1_c1\raw_runs\map_0031.log,C:\Users\vchat\Downloads\Vaishnavi_s_Thesis__2_\automation\results_behavior_windows\tonic_bursting\coupling_rl1_c1\plots\map_0031.png,,
32,ok,4750.0,2.8713503551290684e-08,C:\Users\vchat\Downloads\Vaishnavi_s_Thesis__2_\automation\results_behavior_windows\tonic_bursting\coupling_rl1_c1\raw_runs\map_0032.raw,C:\Users\vchat\Downloads\Vaishnavi_s_Thesis__2_\automation\results_behavior_windows\tonic_bursting\coupling_rl1_c1\raw_runs\map_0032.log,C:\Users\vchat\Downloads\Vaishnavi_s_Thesis__2_\automation\results_behavior_windows\tonic_bursting\coupling_rl1_c1\plots\map_0032.png,,
33,ok,4750.0,3.3658654363385995e-08,C:\Users\vchat\Downloads\Vaishnavi_s_Thesis__2_\automation\results_behavior_windows\tonic_bursting\coupling_rl1_c1\raw_runs\map_0033.raw,C:\Users\vchat\Downloads\Vaishnavi_s_Thesis__2_\automation\results_behavior_windows\tonic_bursting\coupling_rl1_c1\raw_runs\map_0033.log,C:\Users\vchat\Downloads\Vaishnavi_s_Thesis__2_\automation\results_behavior_windows\tonic_bursting\coupling_rl1_c1\plots\map_0033.png,,
34,ok,4750.0,3.945547820488658e-08,C:\Users\vchat\Downloads\Vaishnavi_s_Thesis__2_\automation\results_behavior_windows\tonic_bursting\coupling_rl1_c1\raw_runs\map_0034.raw,C:\Users\vchat\Downloads\Vaishnavi_s_Thesis__2_\automation\results_behavior_windows\tonic_bursting\coupling_rl1_c1\raw_runs\map_0034.log,C:\Users\vchat\Downloads\Vaishnavi_s_Thesis__2_\automation\results_behavior_windows\tonic_bursting\coupling_rl1_c1\plots\map_0034.png,,
35,ok,4750.0,4.625065350413122e-08,C:\Users\vchat\Downloads\Vaishnavi_s_Thesis__2_\automation\results_behavior_windows\tonic_bursting\coupling_rl1_c1\raw_runs\map_0035.raw,C:\Users\vchat\Downloads\Vaishnavi_s_Thesis__2_\automation\results_behavior_windows\tonic_bursting\coupling_rl1_c1\raw_runs\map_0035.log,C:\Users\vchat\Downloads\Vaishnavi_s_Thesis__2_\automation\results_behavior_windows\tonic_bursting\coupling_rl1_c1\plots\map_0035.png,,
36,ok,4750.0,5.421612021659072e-08,C:\Users\vchat\Downloads\Vaishnavi_s_Thesis__2_\automation\results_behavior_windows\tonic_bursting\coupling_rl1_c1\raw_runs\map_0036.raw,C:\Users\vchat\Downloads\Vaishnavi_s_Thesis__2_\automation\results_behavior_windows\tonic_bursting\coupling_rl1_c1\raw_runs\map_0036.log,C:\Users\vchat\Downloads\Vaishnavi_s_Thesis__2_\automation\results_behavior_windows\tonic_bursting\coupling_rl1_c1\plots\map_0036.png,,
37,ok,4750.0,6.355343046292877e-08,C:\Users\vchat\Downloads\Vaishnavi_s_Thesis__2_\automation\results_behavior_windows\tonic_bursting\coupling_rl1_c1\raw_runs\map_0037.raw,C:\Users\vchat\Downloads\Vaishnavi_s_Thesis__2_\automation\results_behavior_windows\tonic_bursting\coupling_rl1_c1\raw_runs\map_0037.log,C:\Users\vchat\Downloads\Vaishnavi_s_Thesis__2_\automation\results_behavior_windows\tonic_bursting\coupling_rl1_c1\plots\map_0037.png,,
38,ok,4750.0,7.449884845080326e-08,C:\Users\vchat\Downloads\Vaishnavi_s_Thesis__2_\automation\results_behavior_windows\tonic_bursting\coupling_rl1_c1\raw_runs\map_0038.raw,C:\Users\vchat\Downloads\Vaishnavi_s_Thesis__2_\automation\results_behavior_windows\tonic_bursting\coupling_rl1_c1\raw_runs\map_0038.log,C:\Users\vchat\Downloads\Vaishnavi_s_Thesis__2_\automation\results_behavior_windows\tonic_bursting\coupling_rl1_c1\plots\map_0038.png,,
39,ok,4750.0,8.732932872495618e-08,C:\Users\vchat\Downloads\Vaishnavi_s_Thesis__2_\automation\results_behavior_windows\tonic_bursting\coupling_rl1_c1\raw_runs\map_0039.raw,C:\Users\vchat\Downloads\Vaishnavi_s_Thesis__2_\automation\results_behavior_windows\tonic_bursting\coupling_rl1_c1\raw_runs\map_0039.log,C:\Users\vchat\Downloads\Vaishnavi_s_Thesis__2_\automation\results_behavior_windows\tonic_bursting\coupling_rl1_c1\plots\map_0039.png,,
40,ok,4750.0,1.0236952401469272e-07,C:\Users\vchat\Downloads\Vaishnavi_s_Thesis__2_\automation\results_behavior_windows\tonic_bursting\coupling_rl1_c1\raw_runs\map_0040.raw,C:\Users\vchat\Downloads\Vaishnavi_s_Thesis__2_\automation\results_behavior_windows\tonic_bursting\coupling_rl1_c1\raw_runs\map_0040.log,C:\Users\vchat\Downloads\Vaishnavi_s_Thesis__2_\automation\results_behavior_windows\tonic_bursting\coupling_rl1_c1\plots\map_0040.png,,
41,ok,4750.0,1.2000000000000007e-07,C:\Users\vchat\Downloads\Vaishnavi_s_Thesis__2_\automation\results_behavior_windows\tonic_bursting\coupling_rl1_c1\raw_runs\map_0041.raw,C:\Users\vchat\Downloads\Vaishnavi_s_Thesis__2_\automation\results_behavior_windows\tonic_bursting\coupling_rl1_c1\raw_runs\map_0041.log,C:\Users\vchat\Downloads\Vaishnavi_s_Thesis__2_\automation\results_behavior_windows\tonic_bursting\coupling_rl1_c1\plots\map_0041.png,,
42,ok,5000.0,4.999999999999999e-09,C:\Users\vchat\Downloads\Vaishnavi_s_Thesis__2_\automation\results_behavior_windows\tonic_bursting\coupling_rl1_c1\raw_runs\map_0042.raw,C:\Users\vchat\Downloads\Vaishnavi_s_Thesis__2_\automation\results_behavior_windows\tonic_bursting\coupling_rl1_c1\raw_runs\map_0042.log,C:\Users\vchat\Downloads\Vaishnavi_s_Thesis__2_\automation\results_behavior_windows\tonic_bursting\coupling_rl1_c1\plots\map_0042.png,,
43,ok,5000.0,5.8611193690212385e-09,C:\Users\vchat\Downloads\Vaishnavi_s_Thesis__2_\automation\results_behavior_windows\tonic_bursting\coupling_rl1_c1\raw_runs\map_0043.raw,C:\Users\vchat\Downloads\Vaishnavi_s_Thesis__2_\automation\results_behavior_windows\tonic_bursting\coupling_rl1_c1\raw_runs\map_0043.log,C:\Users\vchat\Downloads\Vaishnavi_s_Thesis__2_\automation\results_behavior_windows\tonic_bursting\coupling_rl1_c1\plots\map_0043.png,,
44,ok,5000.0,6.870544051583186e-09,C:\Users\vchat\Downloads\Vaishnavi_s_Thesis__2_\automation\results_behavior_windows\tonic_bursting\coupling_rl1_c1\raw_runs\map_0044.raw,C:\Users\vchat\Downloads\Vaishnavi_s_Thesis__2_\automation\results_behavior_windows\tonic_bursting\coupling_rl1_c1\raw_runs\map_0044.log,C:\Users\vchat\Downloads\Vaishnavi_s_Thesis__2_\automation\results_behavior_windows\tonic_bursting\coupling_rl1_c1\plots\map_0044.png,,
45,ok,5000.0,8.053815763289574e-09,C:\Users\vchat\Downloads\Vaishnavi_s_Thesis__2_\automation\results_behavior_windows\tonic_bursting\coupling_rl1_c1\raw_runs\map_0045.raw,C:\Users\vchat\Downloads\Vaishnavi_s_Thesis__2_\automation\results_behavior_windows\tonic_bursting\coupling_rl1_c1\raw_runs\map_0045.log,C:\Users\vchat\Downloads\Vaishnavi_s_Thesis__2_\automation\results_behavior_windows\tonic_bursting\coupling_rl1_c1\plots\map_0045.png,,
46,ok,5000.0,9.44087511294902e-09,C:\Users\vchat\Downloads\Vaishnavi_s_Thesis__2_\automation\results_behavior_windows\tonic_bursting\coupling_rl1_c1\raw_runs\map_0046.raw,C:\Users\vchat\Downloads\Vaishnavi_s_Thesis__2_\automation\results_behavior_windows\tonic_bursting\coupling_rl1_c1\raw_runs\map_0046.log,C:\Users\vchat\Downloads\Vaishnavi_s_Thesis__2_\automation\results_behavior_windows\tonic_bursting\coupling_rl1_c1\plots\map_0046.png,,
47,ok,5000.0,1.1066819197003217e-08,C:\Users\vchat\Downloads\Vaishnavi_s_Thesis__2_\automation\results_behavior_windows\tonic_bursting\coupling_rl1_c1\raw_runs\map_0047.raw,C:\Users\vchat\Downloads\Vaishnavi_s_Thesis__2_\automation\results_behavior_windows\tonic_bursting\coupling_rl1_c1\raw_runs\map_0047.log,C:\Users\vchat\Downloads\Vaishnavi_s_Thesis__2_\automation\results_behavior_windows\tonic_bursting\coupling_rl1_c1\plots\map_0047.png,,
48,ok,5000.0,1.2972789669802326e-08,C:\Users\vchat\Downloads\Vaishnavi_s_Thesis__2_\automation\results_behavior_windows\tonic_bursting\coupling_rl1_c1\raw_runs\map_0048.raw,C:\Users\vchat\Downloads\Vaishnavi_s_Thesis__2_\automation\results_behavior_windows\tonic_bursting\coupling_rl1_c1\raw_runs\map_0048.log,C:\Users\vchat\Downloads\Vaishnavi_s_Thesis__2_\automation\results_behavior_windows\tonic_bursting\coupling_rl1_c1\plots\map_0048.png,,
49,ok,5000.0,1.5207013760783413e-08,C:\Users\vchat\Downloads\Vaishnavi_s_Thesis__2_\automation\results_behavior_windows\tonic_bursting\coupling_rl1_c1\raw_runs\map_0049.raw,C:\Users\vchat\Downloads\Vaishnavi_s_Thesis__2_\automation\results_behavior_windows\tonic_bursting\coupling_rl1_c1\raw_runs\map_0049.log,C:\Users\vchat\Downloads\Vaishnavi_s_Thesis__2_\automation\results_behavior_windows\tonic_bursting\coupling_rl1_c1\plots\map_0049.png,,
50,ok,5000.0,1.7826024579660037e-08,C:\Users\vchat\Downloads\Vaishnavi_s_Thesis__2_\automation\results_behavior_windows\tonic_bursting\coupling_rl1_c1\raw_runs\map_0050.raw,C:\Users\vchat\Downloads\Vaishnavi_s_Thesis__2_\automation\results_behavior_windows\tonic_bursting\coupling_rl1_c1\raw_runs\map_0050.log,C:\Users\vchat\Downloads\Vaishnavi_s_Thesis__2_\automation\results_behavior_windows\tonic_bursting\coupling_rl1_c1\plots\map_0050.png,,
51,ok,5000.0,2.0896091587298827e-08,C:\Users\vchat\Downloads\Vaishnavi_s_Thesis__2_\automation\results_behavior_windows\tonic_bursting\coupling_rl1_c1\raw_runs\map_0051.raw,C:\Users\vchat\Downloads\Vaishnavi_s_Thesis__2_\automation\results_behavior_windows\tonic_bursting\coupling_rl1_c1\raw_runs\map_0051.log,C:\Users\vchat\Downloads\Vaishnavi_s_Thesis__2_\automation\results_behavior_windows\tonic_bursting\coupling_rl1_c1\plots\map_0051.png,,
52,ok,5000.0,2.4494897427831788e-08,C:\Users\vchat\Downloads\Vaishnavi_s_Thesis__2_\automation\results_behavior_windows\tonic_bursting\coupling_rl1_c1\raw_runs\map_0052.raw,C:\Users\vchat\Downloads\Vaishnavi_s_Thesis__2_\automation\results_behavior_windows\tonic_bursting\coupling_rl1_c1\raw_runs\map_0052.log,C:\Users\vchat\Downloads\Vaishnavi_s_Thesis__2_\automation\results_behavior_windows\tonic_bursting\coupling_rl1_c1\plots\map_0052.png,,
53,ok,5000.0,2.8713503551290684e-08,C:\Users\vchat\Downloads\Vaishnavi_s_Thesis__2_\automation\results_behavior_windows\tonic_bursting\coupling_rl1_c1\raw_runs\map_0053.raw,C:\Users\vchat\Downloads\Vaishnavi_s_Thesis__2_\automation\results_behavior_windows\tonic_bursting\coupling_rl1_c1\raw_runs\map_0053.log,C:\Users\vchat\Downloads\Vaishnavi_s_Thesis__2_\automation\results_behavior_windows\tonic_bursting\coupling_rl1_c1\plots\map_0053.png,,
54,ok,5000.0,3.3658654363385995e-08,C:\Users\vchat\Downloads\Vaishnavi_s_Thesis__2_\automation\results_behavior_windows\tonic_bursting\coupling_rl1_c1\raw_runs\map_0054.raw,C:\Users\vchat\Downloads\Vaishnavi_s_Thesis__2_\automation\results_behavior_windows\tonic_bursting\coupling_rl1_c1\raw_runs\map_0054.log,C:\Users\vchat\Downloads\Vaishnavi_s_Thesis__2_\automation\results_behavior_windows\tonic_bursting\coupling_rl1_c1\plots\map_0054.png,,
55,ok,5000.0,3.945547820488658e-08,C:\Users\vchat\Downloads\Vaishnavi_s_Thesis__2_\automation\results_behavior_windows\tonic_bursting\coupling_rl1_c1\raw_runs\map_0055.raw,C:\Users\vchat\Downloads\Vaishnavi_s_Thesis__2_\automation\results_behavior_windows\tonic_bursting\coupling_rl1_c1\raw_runs\map_0055.log,C:\Users\vchat\Downloads\Vaishnavi_s_Thesis__2_\automation\results_behavior_windows\tonic_bursting\coupling_rl1_c1\plots\map_0055.png,,
56,ok,5000.0,4.625065350413122e-08,C:\Users\vchat\Downloads\Vaishnavi_s_Thesis__2_\automation\results_behavior_windows\tonic_bursting\coupling_rl1_c1\raw_runs\map_0056.raw,C:\Users\vchat\Downloads\Vaishnavi_s_Thesis__2_\automation\results_behavior_windows\tonic_bursting\coupling_rl1_c1\raw_runs\map_0056.log,C:\Users\vchat\Downloads\Vaishnavi_s_Thesis__2_\automation\results_behavior_windows\tonic_bursting\coupling_rl1_c1\plots\map_0056.png,,
57,ok,5000.0,5.421612021659072e-08,C:\Users\vchat\Downloads\Vaishnavi_s_Thesis__2_\automation\results_behavior_windows\tonic_bursting\coupling_rl1_c1\raw_runs\map_0057.raw,C:\Users\vchat\Downloads\Vaishnavi_s_Thesis__2_\automation\results_behavior_windows\tonic_bursting\coupling_rl1_c1\raw_runs\map_0057.log,C:\Users\vchat\Downloads\Vaishnavi_s_Thesis__2_\automation\results_behavior_windows\tonic_bursting\coupling_rl1_c1\plots\map_0057.png,,
58,ok,5000.0,6.355343046292877e-08,C:\Users\vchat\Downloads\Vaishnavi_s_Thesis__2_\automation\results_behavior_windows\tonic_bursting\coupling_rl1_c1\raw_runs\map_0058.raw,C:\Users\vchat\Downloads\Vaishnavi_s_Thesis__2_\automation\results_behavior_windows\tonic_bursting\coupling_rl1_c1\raw_runs\map_0058.log,C:\Users\vchat\Downloads\Vaishnavi_s_Thesis__2_\automation\results_behavior_windows\tonic_bursting\coupling_rl1_c1\plots\map_0058.png,,
59,ok,5000.0,7.449884845080326e-08,C:\Users\vchat\Downloads\Vaishnavi_s_Thesis__2_\automation\results_behavior_windows\tonic_bursting\coupling_rl1_c1\raw_runs\map_0059.raw,C:\Users\vchat\Downloads\Vaishnavi_s_Thesis__2_\automation\results_behavior_windows\tonic_bursting\coupling_rl1_c1\raw_runs\map_0059.log,C:\Users\vchat\Downloads\Vaishnavi_s_Thesis__2_\automation\results_behavior_windows\tonic_bursting\coupling_rl1_c1\plots\map_0059.png,,
60,ok,5000.0,8.732932872495618e-08,C:\Users\vchat\Downloads\Vaishnavi_s_Thesis__2_\automation\results_behavior_windows\tonic_bursting\coupling_rl1_c1\raw_runs\map_0060.raw,C:\Users\vchat\Downloads\Vaishnavi_s_Thesis__2_\automation\results_behavior_windows\tonic_bursting\coupling_rl1_c1\raw_runs\map_0060.log,C:\Users\vchat\Downloads\Vaishnavi_s_Thesis__2_\automation\results_behavior_windows\tonic_bursting\coupling_rl1_c1\plots\map_0060.png,,
61,ok,5000.0,1.0236952401469272e-07,C:\Users\vchat\Downloads\Vaishnavi_s_Thesis__2_\automation\results_behavior_windows\tonic_bursting\coupling_rl1_c1\raw_runs\map_0061.raw,C:\Users\vchat\Downloads\Vaishnavi_s_Thesis__2_\automation\results_behavior_windows\tonic_bursting\coupling_rl1_c1\raw_runs\map_0061.log,C:\Users\vchat\Downloads\Vaishnavi_s_Thesis__2_\automation\results_behavior_windows\tonic_bursting\coupling_rl1_c1\plots\map_0061.png,,
62,ok,5000.0,1.2000000000000007e-07,C:\Users\vchat\Downloads\Vaishnavi_s_Thesis__2_\automation\results_behavior_windows\tonic_bursting\coupling_rl1_c1\raw_runs\map_0062.raw,C:\Users\vchat\Downloads\Vaishnavi_s_Thesis__2_\automation\results_behavior_windows\tonic_bursting\coupling_rl1_c1\raw_runs\map_0062.log,C:\Users\vchat\Downloads\Vaishnavi_s_Thesis__2_\automation\results_behavior_windows\tonic_bursting\coupling_rl1_c1\plots\map_0062.png,,
63,ok,5250.0,4.999999999999999e-09,C:\Users\vchat\Downloads\Vaishnavi_s_Thesis__2_\automation\results_behavior_windows\tonic_bursting\coupling_rl1_c1\raw_runs\map_0063.raw,C:\Users\vchat\Downloads\Vaishnavi_s_Thesis__2_\automation\results_behavior_windows\tonic_bursting\coupling_rl1_c1\raw_runs\map_0063.log,C:\Users\vchat\Downloads\Vaishnavi_s_Thesis__2_\automation\results_behavior_windows\tonic_bursting\coupling_rl1_c1\plots\map_0063.png,,
64,ok,5250.0,5.8611193690212385e-09,C:\Users\vchat\Downloads\Vaishnavi_s_Thesis__2_\automation\results_behavior_windows\tonic_bursting\coupling_rl1_c1\raw_runs\map_0064.raw,C:\Users\vchat\Downloads\Vaishnavi_s_Thesis__2_\automation\results_behavior_windows\tonic_bursting\coupling_rl1_c1\raw_runs\map_0064.log,C:\Users\vchat\Downloads\Vaishnavi_s_Thesis__2_\automation\results_behavior_windows\tonic_bursting\coupling_rl1_c1\plots\map_0064.png,,
65,ok,5250.0,6.870544051583186e-09,C:\Users\vchat\Downloads\Vaishnavi_s_Thesis__2_\automation\results_behavior_windows\tonic_bursting\coupling_rl1_c1\raw_runs\map_0065.raw,C:\Users\vchat\Downloads\Vaishnavi_s_Thesis__2_\automation\results_behavior_windows\tonic_bursting\coupling_rl1_c1\raw_runs\map_0065.log,C:\Users\vchat\Downloads\Vaishnavi_s_Thesis__2_\automation\results_behavior_windows\tonic_bursting\coupling_rl1_c1\plots\map_0065.png,,
66,ok,5250.0,8.053815763289574e-09,C:\Users\vchat\Downloads\Vaishnavi_s_Thesis__2_\automation\results_behavior_windows\tonic_bursting\coupling_rl1_c1\raw_runs\map_0066.raw,C:\Users\vchat\Downloads\Vaishnavi_s_Thesis__2_\automation\results_behavior_windows\tonic_bursting\coupling_rl1_c1\raw_runs\map_0066.log,C:\Users\vchat\Downloads\Vaishnavi_s_Thesis__2_\automation\results_behavior_windows\tonic_bursting\coupling_rl1_c1\plots\map_0066.png,,
67,ok,5250.0,9.44087511294902e-09,C:\Users\vchat\Downloads\Vaishnavi_s_Thesis__2_\automation\results_behavior_windows\tonic_bursting\coupling_rl1_c1\raw_runs\map_0067.raw,C:\Users\vchat\Downloads\Vaishnavi_s_Thesis__2_\automation\results_behavior_windows\tonic_bursting\coupling_rl1_c1\raw_runs\map_0067.log,C:\Users\vchat\Downloads\Vaishnavi_s_Thesis__2_\automation\results_behavior_windows\tonic_bursting\coupling_rl1_c1\plots\map_0067.png,,
68,ok,5250.0,1.1066819197003217e-08,C:\Users\vchat\Downloads\Vaishnavi_s_Thesis__2_\automation\results_behavior_windows\tonic_bursting\coupling_rl1_c1\raw_runs\map_0068.raw,C:\Users\vchat\Downloads\Vaishnavi_s_Thesis__2_\automation\results_behavior_windows\tonic_bursting\coupling_rl1_c1\raw_runs\map_0068.log,C:\Users\vchat\Downloads\Vaishnavi_s_Thesis__2_\automation\results_behavior_windows\tonic_bursting\coupling_rl1_c1\plots\map_0068.png,,
69,ok,5250.0,1.2972789669802326e-08,C:\Users\vchat\Downloads\Vaishnavi_s_Thesis__2_\automation\results_behavior_windows\tonic_bursting\coupling_rl1_c1\raw_runs\map_0069.raw,C:\Users\vchat\Downloads\Vaishnavi_s_Thesis__2_\automation\results_behavior_windows\tonic_bursting\coupling_rl1_c1\raw_runs\map_0069.log,C:\Users\vchat\Downloads\Vaishnavi_s_Thesis__2_\automation\results_behavior_windows\tonic_bursting\coupling_rl1_c1\plots\map_0069.png,,
70,ok,5250.0,1.5207013760783413e-08,C:\Users\vchat\Downloads\Vaishnavi_s_Thesis__2_\automation\results_behavior_windows\tonic_bursting\coupling_rl1_c1\raw_runs\map_0070.raw,C:\Users\vchat\Downloads\Vaishnavi_s_Thesis__2_\automation\results_behavior_windows\tonic_bursting\coupling_rl1_c1\raw_runs\map_0070.log,C:\Users\vchat\Downloads\Vaishnavi_s_Thesis__2_\automation\results_behavior_windows\tonic_bursting\coupling_rl1_c1\plots\map_0070.png,,
71,ok,5250.0,1.7826024579660037e-08,C:\Users\vchat\Downloads\Vaishnavi_s_Thesis__2_\automation\results_behavior_windows\tonic_bursting\coupling_rl1_c1\raw_runs\map_0071.raw,C:\Users\vchat\Downloads\Vaishnavi_s_Thesis__2_\automation\results_behavior_windows\tonic_bursting\coupling_rl1_c1\raw_runs\map_0071.log,C:\Users\vchat\Downloads\Vaishnavi_s_Thesis__2_\automation\results_behavior_windows\tonic_bursting\coupling_rl1_c1\plots\map_0071.png,,
72,ok,5250.0,2.0896091587298827e-08,C:\Users\vchat\Downloads\Vaishnavi_s_Thesis__2_\automation\results_behavior_windows\tonic_bursting\coupling_rl1_c1\raw_runs\map_0072.raw,C:\Users\vchat\Downloads\Vaishnavi_s_Thesis__2_\automation\results_behavior_windows\tonic_bursting\coupling_rl1_c1\raw_runs\map_0072.log,C:\Users\vchat\Downloads\Vaishnavi_s_Thesis__2_\automation\results_behavior_windows\tonic_bursting\coupling_rl1_c1\plots\map_0072.png,,
73,ok,5250.0,2.4494897427831788e-08,C:\Users\vchat\Downloads\Vaishnavi_s_Thesis__2_\automation\results_behavior_windows\tonic_bursting\coupling_rl1_c1\raw_runs\map_0073.raw,C:\Users\vchat\Downloads\Vaishnavi_s_Thesis__2_\automation\results_behavior_windows\tonic_bursting\coupling_rl1_c1\raw_runs\map_0073.log,C:\Users\vchat\Downloads\Vaishnavi_s_Thesis__2_\automation\results_behavior_windows\tonic_bursting\coupling_rl1_c1\plots\map_0073.png,,
74,ok,5250.0,2.8713503551290684e-08,C:\Users\vchat\Downloads\Vaishnavi_s_Thesis__2_\automation\results_behavior_windows\tonic_bursting\coupling_rl1_c1\raw_runs\map_0074.raw,C:\Users\vchat\Downloads\Vaishnavi_s_Thesis__2_\automation\results_behavior_windows\tonic_bursting\coupling_rl1_c1\raw_runs\map_0074.log,C:\Users\vchat\Downloads\Vaishnavi_s_Thesis__2_\automation\results_behavior_windows\tonic_bursting\coupling_rl1_c1\plots\map_0074.png,,
75,ok,5250.0,3.3658654363385995e-08,C:\Users\vchat\Downloads\Vaishnavi_s_Thesis__2_\automation\results_behavior_windows\tonic_bursting\coupling_rl1_c1\raw_runs\map_0075.raw,C:\Users\vchat\Downloads\Vaishnavi_s_Thesis__2_\automation\results_behavior_windows\tonic_bursting\coupling_rl1_c1\raw_runs\map_0075.log,C:\Users\vchat\Downloads\Vaishnavi_s_Thesis__2_\automation\results_behavior_windows\tonic_bursting\coupling_rl1_c1\plots\map_0075.png,,
76,ok,5250.0,3.945547820488658e-08,C:\Users\vchat\Downloads\Vaishnavi_s_Thesis__2_\automation\results_behavior_windows\tonic_bursting\coupling_rl1_c1\raw_runs\map_0076.raw,C:\Users\vchat\Downloads\Vaishnavi_s_Thesis__2_\automation\results_behavior_windows\tonic_bursting\coupling_rl1_c1\raw_runs\map_0076.log,C:\Users\vchat\Downloads\Vaishnavi_s_Thesis__2_\automation\results_behavior_windows\tonic_bursting\coupling_rl1_c1\plots\map_0076.png,,
77,ok,5250.0,4.625065350413122e-08,C:\Users\vchat\Downloads\Vaishnavi_s_Thesis__2_\automation\results_behavior_windows\tonic_bursting\coupling_rl1_c1\raw_runs\map_0077.raw,C:\Users\vchat\Downloads\Vaishnavi_s_Thesis__2_\automation\results_behavior_windows\tonic_bursting\coupling_rl1_c1\raw_runs\map_0077.log,C:\Users\vchat\Downloads\Vaishnavi_s_Thesis__2_\automation\results_behavior_windows\tonic_bursting\coupling_rl1_c1\plots\map_0077.png,,
78,ok,5250.0,5.421612021659072e-08,C:\Users\vchat\Downloads\Vaishnavi_s_Thesis__2_\automation\results_behavior_windows\tonic_bursting\coupling_rl1_c1\raw_runs\map_0078.raw,C:\Users\vchat\Downloads\Vaishnavi_s_Thesis__2_\automation\results_behavior_windows\tonic_bursting\coupling_rl1_c1\raw_runs\map_0078.log,C:\Users\vchat\Downloads\Vaishnavi_s_Thesis__2_\automation\results_behavior_windows\tonic_bursting\coupling_rl1_c1\plots\map_0078.png,,
79,ok,5250.0,6.355343046292877e-08,C:\Users\vchat\Downloads\Vaishnavi_s_Thesis__2_\automation\results_behavior_windows\tonic_bursting\coupling_rl1_c1\raw_runs\map_0079.raw,C:\Users\vchat\Downloads\Vaishnavi_s_Thesis__2_\automation\results_behavior_windows\tonic_bursting\coupling_rl1_c1\raw_runs\map_0079.log,C:\Users\vchat\Downloads\Vaishnavi_s_Thesis__2_\automation\results_behavior_windows\tonic_bursting\coupling_rl1_c1\plots\map_0079.png,,
80,ok,5250.0,7.449884845080326e-08,C:\Users\vchat\Downloads\Vaishnavi_s_Thesis__2_\automation\results_behavior_windows\tonic_bursting\coupling_rl1_c1\raw_runs\map_0080.raw,C:\Users\vchat\Downloads\Vaishnavi_s_Thesis__2_\automation\results_behavior_windows\tonic_bursting\coupling_rl1_c1\raw_runs\map_0080.log,C:\Users\vchat\Downloads\Vaishnavi_s_Thesis__2_\automation\results_behavior_windows\tonic_bursting\coupling_rl1_c1\plots\map_0080.png,,
81,ok,5250.0,8.732932872495618e-08,C:\Users\vchat\Downloads\Vaishnavi_s_Thesis__2_\automation\results_behavior_windows\tonic_bursting\coupling_rl1_c1\raw_runs\map_0081.raw,C:\Users\vchat\Downloads\Vaishnavi_s_Thesis__2_\automation\results_behavior_windows\tonic_bursting\coupling_rl1_c1\raw_runs\map_0081.log,C:\Users\vchat\Downloads\Vaishnavi_s_Thesis__2_\automation\results_behavior_windows\tonic_bursting\coupling_rl1_c1\plots\map_0081.png,,
82,ok,5250.0,1.0236952401469272e-07,C:\Users\vchat\Downloads\Vaishnavi_s_Thesis__2_\automation\results_behavior_windows\tonic_bursting\coupling_rl1_c1\raw_runs\map_0082.raw,C:\Users\vchat\Downloads\Vaishnavi_s_Thesis__2_\automation\results_behavior_windows\tonic_bursting\coupling_rl1_c1\raw_runs\map_0082.log,C:\Users\vchat\Downloads\Vaishnavi_s_Thesis__2_\automation\results_behavior_windows\tonic_bursting\coupling_rl1_c1\plots\map_0082.png,,
83,ok,5250.0,1.2000000000000007e-07,C:\Users\vchat\Downloads\Vaishnavi_s_Thesis__2_\automation\results_behavior_windows\tonic_bursting\coupling_rl1_c1\raw_runs\map_0083.raw,C:\Users\vchat\Downloads\Vaishnavi_s_Thesis__2_\automation\results_behavior_windows\tonic_bursting\coupling_rl1_c1\raw_runs\map_0083.log,C:\Users\vchat\Downloads\Vaishnavi_s_Thesis__2_\automation\results_behavior_windows\tonic_bursting\coupling_rl1_c1\plots\map_0083.png,,
84,ok,5500.0,4.999999999999999e-09,C:\Users\vchat\Downloads\Vaishnavi_s_Thesis__2_\automation\results_behavior_windows\tonic_bursting\coupling_rl1_c1\raw_runs\map_0084.raw,C:\Users\vchat\Downloads\Vaishnavi_s_Thesis__2_\automation\results_behavior_windows\tonic_bursting\coupling_rl1_c1\raw_runs\map_0084.log,C:\Users\vchat\Downloads\Vaishnavi_s_Thesis__2_\automation\results_behavior_windows\tonic_bursting\coupling_rl1_c1\plots\map_0084.png,,
85,ok,5500.0,5.8611193690212385e-09,C:\Users\vchat\Downloads\Vaishnavi_s_Thesis__2_\automation\results_behavior_windows\tonic_bursting\coupling_rl1_c1\raw_runs\map_0085.raw,C:\Users\vchat\Downloads\Vaishnavi_s_Thesis__2_\automation\results_behavior_windows\tonic_bursting\coupling_rl1_c1\raw_runs\map_0085.log,C:\Users\vchat\Downloads\Vaishnavi_s_Thesis__2_\automation\results_behavior_windows\tonic_bursting\coupling_rl1_c1\plots\map_0085.png,,
86,ok,5500.0,6.870544051583186e-09,C:\Users\vchat\Downloads\Vaishnavi_s_Thesis__2_\automation\results_behavior_windows\tonic_bursting\coupling_rl1_c1\raw_runs\map_0086.raw,C:\Users\vchat\Downloads\Vaishnavi_s_Thesis__2_\automation\results_behavior_windows\tonic_bursting\coupling_rl1_c1\raw_runs\map_0086.log,C:\Users\vchat\Downloads\Vaishnavi_s_Thesis__2_\automation\results_behavior_windows\tonic_bursting\coupling_rl1_c1\plots\map_0086.png,,
87,ok,5500.0,8.053815763289574e-09,C:\Users\vchat\Downloads\Vaishnavi_s_Thesis__2_\automation\results_behavior_windows\tonic_bursting\coupling_rl1_c1\raw_runs\map_0087.raw,C:\Users\vchat\Downloads\Vaishnavi_s_Thesis__2_\automation\results_behavior_windows\tonic_bursting\coupling_rl1_c1\raw_runs\map_0087.log,C:\Users\vchat\Downloads\Vaishnavi_s_Thesis__2_\automation\results_behavior_windows\tonic_bursting\coupling_rl1_c1\plots\map_0087.png,,
88,ok,5500.0,9.44087511294902e-09,C:\Users\vchat\Downloads\Vaishnavi_s_Thesis__2_\automation\results_behavior_windows\tonic_bursting\coupling_rl1_c1\raw_runs\map_0088.raw,C:\Users\vchat\Downloads\Vaishnavi_s_Thesis__2_\automation\results_behavior_windows\tonic_bursting\coupling_rl1_c1\raw_runs\map_0088.log,C:\Users\vchat\Downloads\Vaishnavi_s_Thesis__2_\automation\results_behavior_windows\tonic_bursting\coupling_rl1_c1\plots\map_0088.png,,
89,ok,5500.0,1.1066819197003217e-08,C:\Users\vchat\Downloads\Vaishnavi_s_Thesis__2_\automation\results_behavior_windows\tonic_bursting\coupling_rl1_c1\raw_runs\map_0089.raw,C:\Users\vchat\Downloads\Vaishnavi_s_Thesis__2_\automation\results_behavior_windows\tonic_bursting\coupling_rl1_c1\raw_runs\map_0089.log,C:\Users\vchat\Downloads\Vaishnavi_s_Thesis__2_\automation\results_behavior_windows\tonic_bursting\coupling_rl1_c1\plots\map_0089.png,,
90,ok,5500.0,1.2972789669802326e-08,C:\Users\vchat\Downloads\Vaishnavi_s_Thesis__2_\automation\results_behavior_windows\tonic_bursting\coupling_rl1_c1\raw_runs\map_0090.raw,C:\Users\vchat\Downloads\Vaishnavi_s_Thesis__2_\automation\results_behavior_windows\tonic_bursting\coupling_rl1_c1\raw_runs\map_0090.log,C:\Users\vchat\Downloads\Vaishnavi_s_Thesis__2_\automation\results_behavior_windows\tonic_bursting\coupling_rl1_c1\plots\map_0090.png,,
91,ok,5500.0,1.5207013760783413e-08,C:\Users\vchat\Downloads\Vaishnavi_s_Thesis__2_\automation\results_behavior_windows\tonic_bursting\coupling_rl1_c1\raw_runs\map_0091.raw,C:\Users\vchat\Downloads\Vaishnavi_s_Thesis__2_\automation\results_behavior_windows\tonic_bursting\coupling_rl1_c1\raw_runs\map_0091.log,C:\Users\vchat\Downloads\Vaishnavi_s_Thesis__2_\automation\results_behavior_windows\tonic_bursting\coupling_rl1_c1\plots\map_0091.png,,
92,ok,5500.0,1.7826024579660037e-08,C:\Users\vchat\Downloads\Vaishnavi_s_Thesis__2_\automation\results_behavior_windows\tonic_bursting\coupling_rl1_c1\raw_runs\map_0092.raw,C:\Users\vchat\Downloads\Vaishnavi_s_Thesis__2_\automation\results_behavior_windows\tonic_bursting\coupling_rl1_c1\raw_runs\map_0092.log,C:\Users\vchat\Downloads\Vaishnavi_s_Thesis__2_\automation\results_behavior_windows\tonic_bursting\coupling_rl1_c1\plots\map_0092.png,,
93,ok,5500.0,2.0896091587298827e-08,C:\Users\vchat\Downloads\Vaishnavi_s_Thesis__2_\automation\results_behavior_windows\tonic_bursting\coupling_rl1_c1\raw_runs\map_0093.raw,C:\Users\vchat\Downloads\Vaishnavi_s_Thesis__2_\automation\results_behavior_windows\tonic_bursting\coupling_rl1_c1\raw_runs\map_0093.log,C:\Users\vchat\Downloads\Vaishnavi_s_Thesis__2_\automation\results_behavior_windows\tonic_bursting\coupling_rl1_c1\plots\map_0093.png,,
94,ok,5500.0,2.4494897427831788e-08,C:\Users\vchat\Downloads\Vaishnavi_s_Thesis__2_\automation\results_behavior_windows\tonic_bursting\coupling_rl1_c1\raw_runs\map_0094.raw,C:\Users\vchat\Downloads\Vaishnavi_s_Thesis__2_\automation\results_behavior_windows\tonic_bursting\coupling_rl1_c1\raw_runs\map_0094.log,C:\Users\vchat\Downloads\Vaishnavi_s_Thesis__2_\automation\results_behavior_windows\tonic_bursting\coupling_rl1_c1\plots\map_0094.png,,
95,ok,5500.0,2.8713503551290684e-08,C:\Users\vchat\Downloads\Vaishnavi_s_Thesis__2_\automation\results_behavior_windows\tonic_bursting\coupling_rl1_c1\raw_runs\map_0095.raw,C:\Users\vchat\Downloads\Vaishnavi_s_Thesis__2_\automation\results_behavior_windows\tonic_bursting\coupling_rl1_c1\raw_runs\map_0095.log,C:\Users\vchat\Downloads\Vaishnavi_s_Thesis__2_\automation\results_behavior_windows\tonic_bursting\coupling_rl1_c1\plots\map_0095.png,,
96,ok,5500.0,3.3658654363385995e-08,C:\Users\vchat\Downloads\Vaishnavi_s_Thesis__2_\automation\results_behavior_windows\tonic_bursting\coupling_rl1_c1\raw_runs\map_0096.raw,C:\Users\vchat\Downloads\Vaishnavi_s_Thesis__2_\automation\results_behavior_windows\tonic_bursting\coupling_rl1_c1\raw_runs\map_0096.log,C:\Users\vchat\Downloads\Vaishnavi_s_Thesis__2_\automation\results_behavior_windows\tonic_bursting\coupling_rl1_c1\plots\map_0096.png,,
97,ok,5500.0,3.945547820488658e-08,C:\Users\vchat\Downloads\Vaishnavi_s_Thesis__2_\automation\results_behavior_windows\tonic_bursting\coupling_rl1_c1\raw_runs\map_0097.raw,C:\Users\vchat\Downloads\Vaishnavi_s_Thesis__2_\automation\results_behavior_windows\tonic_bursting\coupling_rl1_c1\raw_runs\map_0097.log,C:\Users\vchat\Downloads\Vaishnavi_s_Thesis__2_\automation\results_behavior_windows\tonic_bursting\coupling_rl1_c1\plots\map_0097.png,,
98,ok,5500.0,4.625065350413122e-08,C:\Users\vchat\Downloads\Vaishnavi_s_Thesis__2_\automation\results_behavior_windows\tonic_bursting\coupling_rl1_c1\raw_runs\map_0098.raw,C:\Users\vchat\Downloads\Vaishnavi_s_Thesis__2_\automation\results_behavior_windows\tonic_bursting\coupling_rl1_c1\raw_runs\map_0098.log,C:\Users\vchat\Downloads\Vaishnavi_s_Thesis__2_\automation\results_behavior_windows\tonic_bursting\coupling_rl1_c1\plots\map_0098.png,,
99,ok,5500.0,5.421612021659072e-08,C:\Users\vchat\Downloads\Vaishnavi_s_Thesis__2_\automation\results_behavior_windows\tonic_bursting\coupling_rl1_c1\raw_runs\map_0099.raw,C:\Users\vchat\Downloads\Vaishnavi_s_Thesis__2_\automation\results_behavior_windows\tonic_bursting\coupling_rl1_c1\raw_runs\map_0099.log,C:\Users\vchat\Downloads\Vaishnavi_s_Thesis__2_\automation\results_behavior_windows\tonic_bursting\coupling_rl1_c1\plots\map_0099.png,,
100,ok,5500.0,6.355343046292877e-08,C:\Users\vchat\Downloads\Vaishnavi_s_Thesis__2_\automation\results_behavior_windows\tonic_bursting\coupling_rl1_c1\raw_runs\map_0100.raw,C:\Users\vchat\Downloads\Vaishnavi_s_Thesis__2_\automation\results_behavior_windows\tonic_bursting\coupling_rl1_c1\raw_runs\map_0100.log,C:\Users\vchat\Downloads\Vaishnavi_s_Thesis__2_\automation\results_behavior_windows\tonic_bursting\coupling_rl1_c1\plots\map_0100.png,,
101,ok,5500.0,7.449884845080326e-08,C:\Users\vchat\Downloads\Vaishnavi_s_Thesis__2_\automation\results_behavior_windows\tonic_bursting\coupling_rl1_c1\raw_runs\map_0101.raw,C:\Users\vchat\Downloads\Vaishnavi_s_Thesis__2_\automation\results_behavior_windows\tonic_bursting\coupling_rl1_c1\raw_runs\map_0101.log,C:\Users\vchat\Downloads\Vaishnavi_s_Thesis__2_\automation\results_behavior_windows\tonic_bursting\coupling_rl1_c1\plots\map_0101.png,,
102,ok,5500.0,8.732932872495618e-08,C:\Users\vchat\Downloads\Vaishnavi_s_Thesis__2_\automation\results_behavior_windows\tonic_bursting\coupling_rl1_c1\raw_runs\map_0102.raw,C:\Users\vchat\Downloads\Vaishnavi_s_Thesis__2_\automation\results_behavior_windows\tonic_bursting\coupling_rl1_c1\raw_runs\map_0102.log,C:\Users\vchat\Downloads\Vaishnavi_s_Thesis__2_\automation\results_behavior_windows\tonic_bursting\coupling_rl1_c1\plots\map_0102.png,,
103,ok,5500.0,1.0236952401469272e-07,C:\Users\vchat\Downloads\Vaishnavi_s_Thesis__2_\automation\results_behavior_windows\tonic_bursting\coupling_rl1_c1\raw_runs\map_0103.raw,C:\Users\vchat\Downloads\Vaishnavi_s_Thesis__2_\automation\results_behavior_windows\tonic_bursting\coupling_rl1_c1\raw_runs\map_0103.log,C:\Users\vchat\Downloads\Vaishnavi_s_Thesis__2_\automation\results_behavior_windows\tonic_bursting\coupling_rl1_c1\plots\map_0103.png,,
104,ok,5500.0,1.2000000000000007e-07,C:\Users\vchat\Downloads\Vaishnavi_s_Thesis__2_\automation\results_behavior_windows\tonic_bursting\coupling_rl1_c1\raw_runs\map_0104.raw,C:\Users\vchat\Downloads\Vaishnavi_s_Thesis__2_\automation\results_behavior_windows\tonic_bursting\coupling_rl1_c1\raw_runs\map_0104.log,C:\Users\vchat\Downloads\Vaishnavi_s_Thesis__2_\automation\results_behavior_windows\tonic_bursting\coupling_rl1_c1\plots\map_0104.png,,
105,ok,5750.0,4.999999999999999e-09,C:\Users\vchat\Downloads\Vaishnavi_s_Thesis__2_\automation\results_behavior_windows\tonic_bursting\coupling_rl1_c1\raw_runs\map_0105.raw,C:\Users\vchat\Downloads\Vaishnavi_s_Thesis__2_\automation\results_behavior_windows\tonic_bursting\coupling_rl1_c1\raw_runs\map_0105.log,C:\Users\vchat\Downloads\Vaishnavi_s_Thesis__2_\automation\results_behavior_windows\tonic_bursting\coupling_rl1_c1\plots\map_0105.png,,
106,ok,5750.0,5.8611193690212385e-09,C:\Users\vchat\Downloads\Vaishnavi_s_Thesis__2_\automation\results_behavior_windows\tonic_bursting\coupling_rl1_c1\raw_runs\map_0106.raw,C:\Users\vchat\Downloads\Vaishnavi_s_Thesis__2_\automation\results_behavior_windows\tonic_bursting\coupling_rl1_c1\raw_runs\map_0106.log,C:\Users\vchat\Downloads\Vaishnavi_s_Thesis__2_\automation\results_behavior_windows\tonic_bursting\coupling_rl1_c1\plots\map_0106.png,,
107,ok,5750.0,6.870544051583186e-09,C:\Users\vchat\Downloads\Vaishnavi_s_Thesis__2_\automation\results_behavior_windows\tonic_bursting\coupling_rl1_c1\raw_runs\map_0107.raw,C:\Users\vchat\Downloads\Vaishnavi_s_Thesis__2_\automation\results_behavior_windows\tonic_bursting\coupling_rl1_c1\raw_runs\map_0107.log,C:\Users\vchat\Downloads\Vaishnavi_s_Thesis__2_\automation\results_behavior_windows\tonic_bursting\coupling_rl1_c1\plots\map_0107.png,,
108,ok,5750.0,8.053815763289574e-09,C:\Users\vchat\Downloads\Vaishnavi_s_Thesis__2_\automation\results_behavior_windows\tonic_bursting\coupling_rl1_c1\raw_runs\map_0108.raw,C:\Users\vchat\Downloads\Vaishnavi_s_Thesis__2_\automation\results_behavior_windows\tonic_bursting\coupling_rl1_c1\raw_runs\map_0108.log,C:\Users\vchat\Downloads\Vaishnavi_s_Thesis__2_\automation\results_behavior_windows\tonic_bursting\coupling_rl1_c1\plots\map_0108.png,,
109,ok,5750.0,9.44087511294902e-09,C:\Users\vchat\Downloads\Vaishnavi_s_Thesis__2_\automation\results_behavior_windows\tonic_bursting\coupling_rl1_c1\raw_runs\map_0109.raw,C:\Users\vchat\Downloads\Vaishnavi_s_Thesis__2_\automation\results_behavior_windows\tonic_bursting\coupling_rl1_c1\raw_runs\map_0109.log,C:\Users\vchat\Downloads\Vaishnavi_s_Thesis__2_\automation\results_behavior_windows\tonic_bursting\coupling_rl1_c1\plots\map_0109.png,,
110,ok,5750.0,1.1066819197003217e-08,C:\Users\vchat\Downloads\Vaishnavi_s_Thesis__2_\automation\results_behavior_windows\tonic_bursting\coupling_rl1_c1\raw_runs\map_0110.raw,C:\Users\vchat\Downloads\Vaishnavi_s_Thesis__2_\automation\results_behavior_windows\tonic_bursting\coupling_rl1_c1\raw_runs\map_0110.log,C:\Users\vchat\Downloads\Vaishnavi_s_Thesis__2_\automation\results_behavior_windows\tonic_bursting\coupling_rl1_c1\plots\map_0110.png,,
111,ok,5750.0,1.2972789669802326e-08,C:\Users\vchat\Downloads\Vaishnavi_s_Thesis__2_\automation\results_behavior_windows\tonic_bursting\coupling_rl1_c1\raw_runs\map_0111.raw,C:\Users\vchat\Downloads\Vaishnavi_s_Thesis__2_\automation\results_behavior_windows\tonic_bursting\coupling_rl1_c1\raw_runs\map_0111.log,C:\Users\vchat\Downloads\Vaishnavi_s_Thesis__2_\automation\results_behavior_windows\tonic_bursting\coupling_rl1_c1\plots\map_0111.png,,
112,ok,5750.0,1.5207013760783413e-08,C:\Users\vchat\Downloads\Vaishnavi_s_Thesis__2_\automation\results_behavior_windows\tonic_bursting\coupling_rl1_c1\raw_runs\map_0112.raw,C:\Users\vchat\Downloads\Vaishnavi_s_Thesis__2_\automation\results_behavior_windows\tonic_bursting\coupling_rl1_c1\raw_runs\map_0112.log,C:\Users\vchat\Downloads\Vaishnavi_s_Thesis__2_\automation\results_behavior_windows\tonic_bursting\coupling_rl1_c1\plots\map_0112.png,,
113,ok,5750.0,1.7826024579660037e-08,C:\Users\vchat\Downloads\Vaishnavi_s_Thesis__2_\automation\results_behavior_windows\tonic_bursting\coupling_rl1_c1\raw_runs\map_0113.raw,C:\Users\vchat\Downloads\Vaishnavi_s_Thesis__2_\automation\results_behavior_windows\tonic_bursting\coupling_rl1_c1\raw_runs\map_0113.log,C:\Users\vchat\Downloads\Vaishnavi_s_Thesis__2_\automation\results_behavior_windows\tonic_bursting\coupling_rl1_c1\plots\map_0113.png,,
114,ok,5750.0,2.0896091587298827e-08,C:\Users\vchat\Downloads\Vaishnavi_s_Thesis__2_\automation\results_behavior_windows\tonic_bursting\coupling_rl1_c1\raw_runs\map_0114.raw,C:\Users\vchat\Downloads\Vaishnavi_s_Thesis__2_\automation\results_behavior_windows\tonic_bursting\coupling_rl1_c1\raw_runs\map_0114.log,C:\Users\vchat\Downloads\Vaishnavi_s_Thesis__2_\automation\results_behavior_windows\tonic_bursting\coupling_rl1_c1\plots\map_0114.png,,
115,ok,5750.0,2.4494897427831788e-08,C:\Users\vchat\Downloads\Vaishnavi_s_Thesis__2_\automation\results_behavior_windows\tonic_bursting\coupling_rl1_c1\raw_runs\map_0115.raw,C:\Users\vchat\Downloads\Vaishnavi_s_Thesis__2_\automation\results_behavior_windows\tonic_bursting\coupling_rl1_c1\raw_runs\map_0115.log,C:\Users\vchat\Downloads\Vaishnavi_s_Thesis__2_\automation\results_behavior_windows\tonic_bursting\coupling_rl1_c1\plots\map_0115.png,,
116,ok,5750.0,2.8713503551290684e-08,C:\Users\vchat\Downloads\Vaishnavi_s_Thesis__2_\automation\results_behavior_windows\tonic_bursting\coupling_rl1_c1\raw_runs\map_0116.raw,C:\Users\vchat\Downloads\Vaishnavi_s_Thesis__2_\automation\results_behavior_windows\tonic_bursting\coupling_rl1_c1\raw_runs\map_0116.log,C:\Users\vchat\Downloads\Vaishnavi_s_Thesis__2_\automation\results_behavior_windows\tonic_bursting\coupling_rl1_c1\plots\map_0116.png,,
117,ok,5750.0,3.3658654363385995e-08,C:\Users\vchat\Downloads\Vaishnavi_s_Thesis__2_\automation\results_behavior_windows\tonic_bursting\coupling_rl1_c1\raw_runs\map_0117.raw,C:\Users\vchat\Downloads\Vaishnavi_s_Thesis__2_\automation\results_behavior_windows\tonic_bursting\coupling_rl1_c1\raw_runs\map_0117.log,C:\Users\vchat\Downloads\Vaishnavi_s_Thesis__2_\automation\results_behavior_windows\tonic_bursting\coupling_rl1_c1\plots\map_0117.png,,
118,ok,5750.0,3.945547820488658e-08,C:\Users\vchat\Downloads\Vaishnavi_s_Thesis__2_\automation\results_behavior_windows\tonic_bursting\coupling_rl1_c1\raw_runs\map_0118.raw,C:\Users\vchat\Downloads\Vaishnavi_s_Thesis__2_\automation\results_behavior_windows\tonic_bursting\coupling_rl1_c1\raw_runs\map_0118.log,C:\Users\vchat\Downloads\Vaishnavi_s_Thesis__2_\automation\results_behavior_windows\tonic_bursting\coupling_rl1_c1\plots\map_0118.png,,
119,ok,5750.0,4.625065350413122e-08,C:\Users\vchat\Downloads\Vaishnavi_s_Thesis__2_\automation\results_behavior_windows\tonic_bursting\coupling_rl1_c1\raw_runs\map_0119.raw,C:\Users\vchat\Downloads\Vaishnavi_s_Thesis__2_\automation\results_behavior_windows\tonic_bursting\coupling_rl1_c1\raw_runs\map_0119.log,C:\Users\vchat\Downloads\Vaishnavi_s_Thesis__2_\automation\results_behavior_windows\tonic_bursting\coupling_rl1_c1\plots\map_0119.png,,
120,ok,5750.0,5.421612021659072e-08,C:\Users\vchat\Downloads\Vaishnavi_s_Thesis__2_\automation\results_behavior_windows\tonic_bursting\coupling_rl1_c1\raw_runs\map_0120.raw,C:\Users\vchat\Downloads\Vaishnavi_s_Thesis__2_\automation\results_behavior_windows\tonic_bursting\coupling_rl1_c1\raw_runs\map_0120.log,C:\Users\vchat\Downloads\Vaishnavi_s_Thesis__2_\automation\results_behavior_windows\tonic_bursting\coupling_rl1_c1\plots\map_0120.png,,
121,ok,5750.0,6.355343046292877e-08,C:\Users\vchat\Downloads\Vaishnavi_s_Thesis__2_\automation\results_behavior_windows\tonic_bursting\coupling_rl1_c1\raw_runs\map_0121.raw,C:\Users\vchat\Downloads\Vaishnavi_s_Thesis__2_\automation\results_behavior_windows\tonic_bursting\coupling_rl1_c1\raw_runs\map_0121.log,C:\Users\vchat\Downloads\Vaishnavi_s_Thesis__2_\automation\results_behavior_windows\tonic_bursting\coupling_rl1_c1\plots\map_0121.png,,
122,ok,5750.0,7.449884845080326e-08,C:\Users\vchat\Downloads\Vaishnavi_s_Thesis__2_\automation\results_behavior_windows\tonic_bursting\coupling_rl1_c1\raw_runs\map_0122.raw,C:\Users\vchat\Downloads\Vaishnavi_s_Thesis__2_\automation\results_behavior_windows\tonic_bursting\coupling_rl1_c1\raw_runs\map_0122.log,C:\Users\vchat\Downloads\Vaishnavi_s_Thesis__2_\automation\results_behavior_windows\tonic_bursting\coupling_rl1_c1\plots\map_0122.png,,
123,ok,5750.0,8.732932872495618e-08,C:\Users\vchat\Downloads\Vaishnavi_s_Thesis__2_\automation\results_behavior_windows\tonic_bursting\coupling_rl1_c1\raw_runs\map_0123.raw,C:\Users\vchat\Downloads\Vaishnavi_s_Thesis__2_\automation\results_behavior_windows\tonic_bursting\coupling_rl1_c1\raw_runs\map_0123.log,C:\Users\vchat\Downloads\Vaishnavi_s_Thesis__2_\automation\results_behavior_windows\tonic_bursting\coupling_rl1_c1\plots\map_0123.png,,
124,ok,5750.0,1.0236952401469272e-07,C:\Users\vchat\Downloads\Vaishnavi_s_Thesis__2_\automation\results_behavior_windows\tonic_bursting\coupling_rl1_c1\raw_runs\map_0124.raw,C:\Users\vchat\Downloads\Vaishnavi_s_Thesis__2_\automation\results_behavior_windows\tonic_bursting\coupling_rl1_c1\raw_runs\map_0124.log,C:\Users\vchat\Downloads\Vaishnavi_s_Thesis__2_\automation\results_behavior_windows\tonic_bursting\coupling_rl1_c1\plots\map_0124.png,,
125,ok,5750.0,1.2000000000000007e-07,C:\Users\vchat\Downloads\Vaishnavi_s_Thesis__2_\automation\results_behavior_windows\tonic_bursting\coupling_rl1_c1\raw_runs\map_0125.raw,C:\Users\vchat\Downloads\Vaishnavi_s_Thesis__2_\automation\results_behavior_windows\tonic_bursting\coupling_rl1_c1\raw_runs\map_0125.log,C:\Users\vchat\Downloads\Vaishnavi_s_Thesis__2_\automation\results_behavior_windows\tonic_bursting\coupling_rl1_c1\plots\map_0125.png,,
126,ok,6000.0,4.999999999999999e-09,C:\Users\vchat\Downloads\Vaishnavi_s_Thesis__2_\automation\results_behavior_windows\tonic_bursting\coupling_rl1_c1\raw_runs\map_0126.raw,C:\Users\vchat\Downloads\Vaishnavi_s_Thesis__2_\automation\results_behavior_windows\tonic_bursting\coupling_rl1_c1\raw_runs\map_0126.log,C:\Users\vchat\Downloads\Vaishnavi_s_Thesis__2_\automation\results_behavior_windows\tonic_bursting\coupling_rl1_c1\plots\map_0126.png,,
127,ok,6000.0,5.8611193690212385e-09,C:\Users\vchat\Downloads\Vaishnavi_s_Thesis__2_\automation\results_behavior_windows\tonic_bursting\coupling_rl1_c1\raw_runs\map_0127.raw,C:\Users\vchat\Downloads\Vaishnavi_s_Thesis__2_\automation\results_behavior_windows\tonic_bursting\coupling_rl1_c1\raw_runs\map_0127.log,C:\Users\vchat\Downloads\Vaishnavi_s_Thesis__2_\automation\results_behavior_windows\tonic_bursting\coupling_rl1_c1\plots\map_0127.png,,
128,ok,6000.0,6.870544051583186e-09,C:\Users\vchat\Downloads\Vaishnavi_s_Thesis__2_\automation\results_behavior_windows\tonic_bursting\coupling_rl1_c1\raw_runs\map_0128.raw,C:\Users\vchat\Downloads\Vaishnavi_s_Thesis__2_\automation\results_behavior_windows\tonic_bursting\coupling_rl1_c1\raw_runs\map_0128.log,C:\Users\vchat\Downloads\Vaishnavi_s_Thesis__2_\automation\results_behavior_windows\tonic_bursting\coupling_rl1_c1\plots\map_0128.png,,
129,ok,6000.0,8.053815763289574e-09,C:\Users\vchat\Downloads\Vaishnavi_s_Thesis__2_\automation\results_behavior_windows\tonic_bursting\coupling_rl1_c1\raw_runs\map_0129.raw,C:\Users\vchat\Downloads\Vaishnavi_s_Thesis__2_\automation\results_behavior_windows\tonic_bursting\coupling_rl1_c1\raw_runs\map_0129.log,C:\Users\vchat\Downloads\Vaishnavi_s_Thesis__2_\automation\results_behavior_windows\tonic_bursting\coupling_rl1_c1\plots\map_0129.png,,
130,ok,6000.0,9.44087511294902e-09,C:\Users\vchat\Downloads\Vaishnavi_s_Thesis__2_\automation\results_behavior_windows\tonic_bursting\coupling_rl1_c1\raw_runs\map_0130.raw,C:\Users\vchat\Downloads\Vaishnavi_s_Thesis__2_\automation\results_behavior_windows\tonic_bursting\coupling_rl1_c1\raw_runs\map_0130.log,C:\Users\vchat\Downloads\Vaishnavi_s_Thesis__2_\automation\results_behavior_windows\tonic_bursting\coupling_rl1_c1\plots\map_0130.png,,
131,ok,6000.0,1.1066819197003217e-08,C:\Users\vchat\Downloads\Vaishnavi_s_Thesis__2_\automation\results_behavior_windows\tonic_bursting\coupling_rl1_c1\raw_runs\map_0131.raw,C:\Users\vchat\Downloads\Vaishnavi_s_Thesis__2_\automation\results_behavior_windows\tonic_bursting\coupling_rl1_c1\raw_runs\map_0131.log,C:\Users\vchat\Downloads\Vaishnavi_s_Thesis__2_\automation\results_behavior_windows\tonic_bursting\coupling_rl1_c1\plots\map_0131.png,,
132,ok,6000.0,1.2972789669802326e-08,C:\Users\vchat\Downloads\Vaishnavi_s_Thesis__2_\automation\results_behavior_windows\tonic_bursting\coupling_rl1_c1\raw_runs\map_0132.raw,C:\Users\vchat\Downloads\Vaishnavi_s_Thesis__2_\automation\results_behavior_windows\tonic_bursting\coupling_rl1_c1\raw_runs\map_0132.log,C:\Users\vchat\Downloads\Vaishnavi_s_Thesis__2_\automation\results_behavior_windows\tonic_bursting\coupling_rl1_c1\plots\map_0132.png,,
133,ok,6000.0,1.5207013760783413e-08,C:\Users\vchat\Downloads\Vaishnavi_s_Thesis__2_\automation\results_behavior_windows\tonic_bursting\coupling_rl1_c1\raw_runs\map_0133.raw,C:\Users\vchat\Downloads\Vaishnavi_s_Thesis__2_\automation\results_behavior_windows\tonic_bursting\coupling_rl1_c1\raw_runs\map_0133.log,C:\Users\vchat\Downloads\Vaishnavi_s_Thesis__2_\automation\results_behavior_windows\tonic_bursting\coupling_rl1_c1\plots\map_0133.png,,
134,ok,6000.0,1.7826024579660037e-08,C:\Users\vchat\Downloads\Vaishnavi_s_Thesis__2_\automation\results_behavior_windows\tonic_bursting\coupling_rl1_c1\raw_runs\map_0134.raw,C:\Users\vchat\Downloads\Vaishnavi_s_Thesis__2_\automation\results_behavior_windows\tonic_bursting\coupling_rl1_c1\raw_runs\map_0134.log,C:\Users\vchat\Downloads\Vaishnavi_s_Thesis__2_\automation\results_behavior_windows\tonic_bursting\coupling_rl1_c1\plots\map_0134.png,,
135,ok,6000.0,2.0896091587298827e-08,C:\Users\vchat\Downloads\Vaishnavi_s_Thesis__2_\automation\results_behavior_windows\tonic_bursting\coupling_rl1_c1\raw_runs\map_0135.raw,C:\Users\vchat\Downloads\Vaishnavi_s_Thesis__2_\automation\results_behavior_windows\tonic_bursting\coupling_rl1_c1\raw_runs\map_0135.log,C:\Users\vchat\Downloads\Vaishnavi_s_Thesis__2_\automation\results_behavior_windows\tonic_bursting\coupling_rl1_c1\plots\map_0135.png,,
136,ok,6000.0,2.4494897427831788e-08,C:\Users\vchat\Downloads\Vaishnavi_s_Thesis__2_\automation\results_behavior_windows\tonic_bursting\coupling_rl1_c1\raw_runs\map_0136.raw,C:\Users\vchat\Downloads\Vaishnavi_s_Thesis__2_\automation\results_behavior_windows\tonic_bursting\coupling_rl1_c1\raw_runs\map_0136.log,C:\Users\vchat\Downloads\Vaishnavi_s_Thesis__2_\automation\results_behavior_windows\tonic_bursting\coupling_rl1_c1\plots\map_0136.png,,
137,ok,6000.0,2.8713503551290684e-08,C:\Users\vchat\Downloads\Vaishnavi_s_Thesis__2_\automation\results_behavior_windows\tonic_bursting\coupling_rl1_c1\raw_runs\map_0137.raw,C:\Users\vchat\Downloads\Vaishnavi_s_Thesis__2_\automation\results_behavior_windows\tonic_bursting\coupling_rl1_c1\raw_runs\map_0137.log,C:\Users\vchat\Downloads\Vaishnavi_s_Thesis__2_\automation\results_behavior_windows\tonic_bursting\coupling_rl1_c1\plots\map_0137.png,,
138,ok,6000.0,3.3658654363385995e-08,C:\Users\vchat\Downloads\Vaishnavi_s_Thesis__2_\automation\results_behavior_windows\tonic_bursting\coupling_rl1_c1\raw_runs\map_0138.raw,C:\Users\vchat\Downloads\Vaishnavi_s_Thesis__2_\automation\results_behavior_windows\tonic_bursting\coupling_rl1_c1\raw_runs\map_0138.log,C:\Users\vchat\Downloads\Vaishnavi_s_Thesis__2_\automation\results_behavior_windows\tonic_bursting\coupling_rl1_c1\plots\map_0138.png,,
139,ok,6000.0,3.945547820488658e-08,C:\Users\vchat\Downloads\Vaishnavi_s_Thesis__2_\automation\results_behavior_windows\tonic_bursting\coupling_rl1_c1\raw_runs\map_0139.raw,C:\Users\vchat\Downloads\Vaishnavi_s_Thesis__2_\automation\results_behavior_windows\tonic_bursting\coupling_rl1_c1\raw_runs\map_0139.log,C:\Users\vchat\Downloads\Vaishnavi_s_Thesis__2_\automation\results_behavior_windows\tonic_bursting\coupling_rl1_c1\plots\map_0139.png,,
140,ok,6000.0,4.625065350413122e-08,C:\Users\vchat\Downloads\Vaishnavi_s_Thesis__2_\automation\results_behavior_windows\tonic_bursting\coupling_rl1_c1\raw_runs\map_0140.raw,C:\Users\vchat\Downloads\Vaishnavi_s_Thesis__2_\automation\results_behavior_windows\tonic_bursting\coupling_rl1_c1\raw_runs\map_0140.log,C:\Users\vchat\Downloads\Vaishnavi_s_Thesis__2_\automation\results_behavior_windows\tonic_bursting\coupling_rl1_c1\plots\map_0140.png,,
141,ok,6000.0,5.421612021659072e-08,C:\Users\vchat\Downloads\Vaishnavi_s_Thesis__2_\automation\results_behavior_windows\tonic_bursting\coupling_rl1_c1\raw_runs\map_0141.raw,C:\Users\vchat\Downloads\Vaishnavi_s_Thesis__2_\automation\results_behavior_windows\tonic_bursting\coupling_rl1_c1\raw_runs\map_0141.log,C:\Users\vchat\Downloads\Vaishnavi_s_Thesis__2_\automation\results_behavior_windows\tonic_bursting\coupling_rl1_c1\plots\map_0141.png,,
142,ok,6000.0,6.355343046292877e-08,C:\Users\vchat\Downloads\Vaishnavi_s_Thesis__2_\automation\results_behavior_windows\tonic_bursting\coupling_rl1_c1\raw_runs\map_0142.raw,C:\Users\vchat\Downloads\Vaishnavi_s_Thesis__2_\automation\results_behavior_windows\tonic_bursting\coupling_rl1_c1\raw_runs\map_0142.log,C:\Users\vchat\Downloads\Vaishnavi_s_Thesis__2_\automation\results_behavior_windows\tonic_bursting\coupling_rl1_c1\plots\map_0142.png,,
143,ok,6000.0,7.449884845080326e-08,C:\Users\vchat\Downloads\Vaishnavi_s_Thesis__2_\automation\results_behavior_windows\tonic_bursting\coupling_rl1_c1\raw_runs\map_0143.raw,C:\Users\vchat\Downloads\Vaishnavi_s_Thesis__2_\automation\results_behavior_windows\tonic_bursting\coupling_rl1_c1\raw_runs\map_0143.log,C:\Users\vchat\Downloads\Vaishnavi_s_Thesis__2_\automation\results_behavior_windows\tonic_bursting\coupling_rl1_c1\plots\map_0143.png,,
144,ok,6000.0,8.732932872495618e-08,C:\Users\vchat\Downloads\Vaishnavi_s_Thesis__2_\automation\results_behavior_windows\tonic_bursting\coupling_rl1_c1\raw_runs\map_0144.raw,C:\Users\vchat\Downloads\Vaishnavi_s_Thesis__2_\automation\results_behavior_windows\tonic_bursting\coupling_rl1_c1\raw_runs\map_0144.log,C:\Users\vchat\Downloads\Vaishnavi_s_Thesis__2_\automation\results_behavior_windows\tonic_bursting\coupling_rl1_c1\plots\map_0144.png,,
145,ok,6000.0,1.0236952401469272e-07,C:\Users\vchat\Downloads\Vaishnavi_s_Thesis__2_\automation\results_behavior_windows\tonic_bursting\coupling_rl1_c1\raw_runs\map_0145.raw,C:\Users\vchat\Downloads\Vaishnavi_s_Thesis__2_\automation\results_behavior_windows\tonic_bursting\coupling_rl1_c1\raw_runs\map_0145.log,C:\Users\vchat\Downloads\Vaishnavi_s_Thesis__2_\automation\results_behavior_windows\tonic_bursting\coupling_rl1_c1\plots\map_0145.png,,
146,ok,6000.0,1.2000000000000007e-07,C:\Users\vchat\Downloads\Vaishnavi_s_Thesis__2_\automation\results_behavior_windows\tonic_bursting\coupling_rl1_c1\raw_runs\map_0146.raw,C:\Users\vchat\Downloads\Vaishnavi_s_Thesis__2_\automation\results_behavior_windows\tonic_bursting\coupling_rl1_c1\raw_runs\map_0146.log,C:\Users\vchat\Downloads\Vaishnavi_s_Thesis__2_\automation\results_behavior_windows\tonic_bursting\coupling_rl1_c1\plots\map_0146.png,,
147,ok,6250.0,4.999999999999999e-09,C:\Users\vchat\Downloads\Vaishnavi_s_Thesis__2_\automation\results_behavior_windows\tonic_bursting\coupling_rl1_c1\raw_runs\map_0147.raw,C:\Users\vchat\Downloads\Vaishnavi_s_Thesis__2_\automation\results_behavior_windows\tonic_bursting\coupling_rl1_c1\raw_runs\map_0147.log,C:\Users\vchat\Downloads\Vaishnavi_s_Thesis__2_\automation\results_behavior_windows\tonic_bursting\coupling_rl1_c1\plots\map_0147.png,,
148,ok,6250.0,5.8611193690212385e-09,C:\Users\vchat\Downloads\Vaishnavi_s_Thesis__2_\automation\results_behavior_windows\tonic_bursting\coupling_rl1_c1\raw_runs\map_0148.raw,C:\Users\vchat\Downloads\Vaishnavi_s_Thesis__2_\automation\results_behavior_windows\tonic_bursting\coupling_rl1_c1\raw_runs\map_0148.log,C:\Users\vchat\Downloads\Vaishnavi_s_Thesis__2_\automation\results_behavior_windows\tonic_bursting\coupling_rl1_c1\plots\map_0148.png,,
149,ok,6250.0,6.870544051583186e-09,C:\Users\vchat\Downloads\Vaishnavi_s_Thesis__2_\automation\results_behavior_windows\tonic_bursting\coupling_rl1_c1\raw_runs\map_0149.raw,C:\Users\vchat\Downloads\Vaishnavi_s_Thesis__2_\automation\results_behavior_windows\tonic_bursting\coupling_rl1_c1\raw_runs\map_0149.log,C:\Users\vchat\Downloads\Vaishnavi_s_Thesis__2_\automation\results_behavior_windows\tonic_bursting\coupling_rl1_c1\plots\map_0149.png,,
150,ok,6250.0,8.053815763289574e-09,C:\Users\vchat\Downloads\Vaishnavi_s_Thesis__2_\automation\results_behavior_windows\tonic_bursting\coupling_rl1_c1\raw_runs\map_0150.raw,C:\Users\vchat\Downloads\Vaishnavi_s_Thesis__2_\automation\results_behavior_windows\tonic_bursting\coupling_rl1_c1\raw_runs\map_0150.log,C:\Users\vchat\Downloads\Vaishnavi_s_Thesis__2_\automation\results_behavior_windows\tonic_bursting\coupling_rl1_c1\plots\map_0150.png,,
151,ok,6250.0,9.44087511294902e-09,C:\Users\vchat\Downloads\Vaishnavi_s_Thesis__2_\automation\results_behavior_windows\tonic_bursting\coupling_rl1_c1\raw_runs\map_0151.raw,C:\Users\vchat\Downloads\Vaishnavi_s_Thesis__2_\automation\results_behavior_windows\tonic_bursting\coupling_rl1_c1\raw_runs\map_0151.log,C:\Users\vchat\Downloads\Vaishnavi_s_Thesis__2_\automation\results_behavior_windows\tonic_bursting\coupling_rl1_c1\plots\map_0151.png,,
152,ok,6250.0,1.1066819197003217e-08,C:\Users\vchat\Downloads\Vaishnavi_s_Thesis__2_\automation\results_behavior_windows\tonic_bursting\coupling_rl1_c1\raw_runs\map_0152.raw,C:\Users\vchat\Downloads\Vaishnavi_s_Thesis__2_\automation\results_behavior_windows\tonic_bursting\coupling_rl1_c1\raw_runs\map_0152.log,C:\Users\vchat\Downloads\Vaishnavi_s_Thesis__2_\automation\results_behavior_windows\tonic_bursting\coupling_rl1_c1\plots\map_0152.png,,
153,ok,6250.0,1.2972789669802326e-08,C:\Users\vchat\Downloads\Vaishnavi_s_Thesis__2_\automation\results_behavior_windows\tonic_bursting\coupling_rl1_c1\raw_runs\map_0153.raw,C:\Users\vchat\Downloads\Vaishnavi_s_Thesis__2_\automation\results_behavior_windows\tonic_bursting\coupling_rl1_c1\raw_runs\map_0153.log,C:\Users\vchat\Downloads\Vaishnavi_s_Thesis__2_\automation\results_behavior_windows\tonic_bursting\coupling_rl1_c1\plots\map_0153.png,,
154,ok,6250.0,1.5207013760783413e-08,C:\Users\vchat\Downloads\Vaishnavi_s_Thesis__2_\automation\results_behavior_windows\tonic_bursting\coupling_rl1_c1\raw_runs\map_0154.raw,C:\Users\vchat\Downloads\Vaishnavi_s_Thesis__2_\automation\results_behavior_windows\tonic_bursting\coupling_rl1_c1\raw_runs\map_0154.log,C:\Users\vchat\Downloads\Vaishnavi_s_Thesis__2_\automation\results_behavior_windows\tonic_bursting\coupling_rl1_c1\plots\map_0154.png,,
155,ok,6250.0,1.7826024579660037e-08,C:\Users\vchat\Downloads\Vaishnavi_s_Thesis__2_\automation\results_behavior_windows\tonic_bursting\coupling_rl1_c1\raw_runs\map_0155.raw,C:\Users\vchat\Downloads\Vaishnavi_s_Thesis__2_\automation\results_behavior_windows\tonic_bursting\coupling_rl1_c1\raw_runs\map_0155.log,C:\Users\vchat\Downloads\Vaishnavi_s_Thesis__2_\automation\results_behavior_windows\tonic_bursting\coupling_rl1_c1\plots\map_0155.png,,
156,ok,6250.0,2.0896091587298827e-08,C:\Users\vchat\Downloads\Vaishnavi_s_Thesis__2_\automation\results_behavior_windows\tonic_bursting\coupling_rl1_c1\raw_runs\map_0156.raw,C:\Users\vchat\Downloads\Vaishnavi_s_Thesis__2_\automation\results_behavior_windows\tonic_bursting\coupling_rl1_c1\raw_runs\map_0156.log,C:\Users\vchat\Downloads\Vaishnavi_s_Thesis__2_\automation\results_behavior_windows\tonic_bursting\coupling_rl1_c1\plots\map_0156.png,,
157,ok,6250.0,2.4494897427831788e-08,C:\Users\vchat\Downloads\Vaishnavi_s_Thesis__2_\automation\results_behavior_windows\tonic_bursting\coupling_rl1_c1\raw_runs\map_0157.raw,C:\Users\vchat\Downloads\Vaishnavi_s_Thesis__2_\automation\results_behavior_windows\tonic_bursting\coupling_rl1_c1\raw_runs\map_0157.log,C:\Users\vchat\Downloads\Vaishnavi_s_Thesis__2_\automation\results_behavior_windows\tonic_bursting\coupling_rl1_c1\plots\map_0157.png,,
158,ok,6250.0,2.8713503551290684e-08,C:\Users\vchat\Downloads\Vaishnavi_s_Thesis__2_\automation\results_behavior_windows\tonic_bursting\coupling_rl1_c1\raw_runs\map_0158.raw,C:\Users\vchat\Downloads\Vaishnavi_s_Thesis__2_\automation\results_behavior_windows\tonic_bursting\coupling_rl1_c1\raw_runs\map_0158.log,C:\Users\vchat\Downloads\Vaishnavi_s_Thesis__2_\automation\results_behavior_windows\tonic_bursting\coupling_rl1_c1\plots\map_0158.png,,
159,ok,6250.0,3.3658654363385995e-08,C:\Users\vchat\Downloads\Vaishnavi_s_Thesis__2_\automation\results_behavior_windows\tonic_bursting\coupling_rl1_c1\raw_runs\map_0159.raw,C:\Users\vchat\Downloads\Vaishnavi_s_Thesis__2_\automation\results_behavior_windows\tonic_bursting\coupling_rl1_c1\raw_runs\map_0159.log,C:\Users\vchat\Downloads\Vaishnavi_s_Thesis__2_\automation\results_behavior_windows\tonic_bursting\coupling_rl1_c1\plots\map_0159.png,,
160,ok,6250.0,3.945547820488658e-08,C:\Users\vchat\Downloads\Vaishnavi_s_Thesis__2_\automation\results_behavior_windows\tonic_bursting\coupling_rl1_c1\raw_runs\map_0160.raw,C:\Users\vchat\Downloads\Vaishnavi_s_Thesis__2_\automation\results_behavior_windows\tonic_bursting\coupling_rl1_c1\raw_runs\map_0160.log,C:\Users\vchat\Downloads\Vaishnavi_s_Thesis__2_\automation\results_behavior_windows\tonic_bursting\coupling_rl1_c1\plots\map_0160.png,,
161,ok,6250.0,4.625065350413122e-08,C:\Users\vchat\Downloads\Vaishnavi_s_Thesis__2_\automation\results_behavior_windows\tonic_bursting\coupling_rl1_c1\raw_runs\map_0161.raw,C:\Users\vchat\Downloads\Vaishnavi_s_Thesis__2_\automation\results_behavior_windows\tonic_bursting\coupling_rl1_c1\raw_runs\map_0161.log,C:\Users\vchat\Downloads\Vaishnavi_s_Thesis__2_\automation\results_behavior_windows\tonic_bursting\coupling_rl1_c1\plots\map_0161.png,,
162,ok,6250.0,5.421612021659072e-08,C:\Users\vchat\Downloads\Vaishnavi_s_Thesis__2_\automation\results_behavior_windows\tonic_bursting\coupling_rl1_c1\raw_runs\map_0162.raw,C:\Users\vchat\Downloads\Vaishnavi_s_Thesis__2_\automation\results_behavior_windows\tonic_bursting\coupling_rl1_c1\raw_runs\map_0162.log,C:\Users\vchat\Downloads\Vaishnavi_s_Thesis__2_\automation\results_behavior_windows\tonic_bursting\coupling_rl1_c1\plots\map_0162.png,,
163,ok,6250.0,6.355343046292877e-08,C:\Users\vchat\Downloads\Vaishnavi_s_Thesis__2_\automation\results_behavior_windows\tonic_bursting\coupling_rl1_c1\raw_runs\map_0163.raw,C:\Users\vchat\Downloads\Vaishnavi_s_Thesis__2_\automation\results_behavior_windows\tonic_bursting\coupling_rl1_c1\raw_runs\map_0163.log,C:\Users\vchat\Downloads\Vaishnavi_s_Thesis__2_\automation\results_behavior_windows\tonic_bursting\coupling_rl1_c1\plots\map_0163.png,,
164,ok,6250.0,7.449884845080326e-08,C:\Users\vchat\Downloads\Vaishnavi_s_Thesis__2_\automation\results_behavior_windows\tonic_bursting\coupling_rl1_c1\raw_runs\map_0164.raw,C:\Users\vchat\Downloads\Vaishnavi_s_Thesis__2_\automation\results_behavior_windows\tonic_bursting\coupling_rl1_c1\raw_runs\map_0164.log,C:\Users\vchat\Downloads\Vaishnavi_s_Thesis__2_\automation\results_behavior_windows\tonic_bursting\coupling_rl1_c1\plots\map_0164.png,,
165,ok,6250.0,8.732932872495618e-08,C:\Users\vchat\Downloads\Vaishnavi_s_Thesis__2_\automation\results_behavior_windows\tonic_bursting\coupling_rl1_c1\raw_runs\map_0165.raw,C:\Users\vchat\Downloads\Vaishnavi_s_Thesis__2_\automation\results_behavior_windows\tonic_bursting\coupling_rl1_c1\raw_runs\map_0165.log,C:\Users\vchat\Downloads\Vaishnavi_s_Thesis__2_\automation\results_behavior_windows\tonic_bursting\coupling_rl1_c1\plots\map_0165.png,,
166,ok,6250.0,1.0236952401469272e-07,C:\Users\vchat\Downloads\Vaishnavi_s_Thesis__2_\automation\results_behavior_windows\tonic_bursting\coupling_rl1_c1\raw_runs\map_0166.raw,C:\Users\vchat\Downloads\Vaishnavi_s_Thesis__2_\automation\results_behavior_windows\tonic_bursting\coupling_rl1_c1\raw_runs\map_0166.log,C:\Users\vchat\Downloads\Vaishnavi_s_Thesis__2_\automation\results_behavior_windows\tonic_bursting\coupling_rl1_c1\plots\map_0166.png,,
167,ok,6250.0,1.2000000000000007e-07,C:\Users\vchat\Downloads\Vaishnavi_s_Thesis__2_\automation\results_behavior_windows\tonic_bursting\coupling_rl1_c1\raw_runs\map_0167.raw,C:\Users\vchat\Downloads\Vaishnavi_s_Thesis__2_\automation\results_behavior_windows\tonic_bursting\coupling_rl1_c1\raw_runs\map_0167.log,C:\Users\vchat\Downloads\Vaishnavi_s_Thesis__2_\automation\results_behavior_windows\tonic_bursting\coupling_rl1_c1\plots\map_0167.png,,
168,ok,6500.0,4.999999999999999e-09,C:\Users\vchat\Downloads\Vaishnavi_s_Thesis__2_\automation\results_behavior_windows\tonic_bursting\coupling_rl1_c1\raw_runs\map_0168.raw,C:\Users\vchat\Downloads\Vaishnavi_s_Thesis__2_\automation\results_behavior_windows\tonic_bursting\coupling_rl1_c1\raw_runs\map_0168.log,C:\Users\vchat\Downloads\Vaishnavi_s_Thesis__2_\automation\results_behavior_windows\tonic_bursting\coupling_rl1_c1\plots\map_0168.png,,
169,ok,6500.0,5.8611193690212385e-09,C:\Users\vchat\Downloads\Vaishnavi_s_Thesis__2_\automation\results_behavior_windows\tonic_bursting\coupling_rl1_c1\raw_runs\map_0169.raw,C:\Users\vchat\Downloads\Vaishnavi_s_Thesis__2_\automation\results_behavior_windows\tonic_bursting\coupling_rl1_c1\raw_runs\map_0169.log,C:\Users\vchat\Downloads\Vaishnavi_s_Thesis__2_\automation\results_behavior_windows\tonic_bursting\coupling_rl1_c1\plots\map_0169.png,,
170,ok,6500.0,6.870544051583186e-09,C:\Users\vchat\Downloads\Vaishnavi_s_Thesis__2_\automation\results_behavior_windows\tonic_bursting\coupling_rl1_c1\raw_runs\map_0170.raw,C:\Users\vchat\Downloads\Vaishnavi_s_Thesis__2_\automation\results_behavior_windows\tonic_bursting\coupling_rl1_c1\raw_runs\map_0170.log,C:\Users\vchat\Downloads\Vaishnavi_s_Thesis__2_\automation\results_behavior_windows\tonic_bursting\coupling_rl1_c1\plots\map_0170.png,,
171,ok,6500.0,8.053815763289574e-09,C:\Users\vchat\Downloads\Vaishnavi_s_Thesis__2_\automation\results_behavior_windows\tonic_bursting\coupling_rl1_c1\raw_runs\map_0171.raw,C:\Users\vchat\Downloads\Vaishnavi_s_Thesis__2_\automation\results_behavior_windows\tonic_bursting\coupling_rl1_c1\raw_runs\map_0171.log,C:\Users\vchat\Downloads\Vaishnavi_s_Thesis__2_\automation\results_behavior_windows\tonic_bursting\coupling_rl1_c1\plots\map_0171.png,,
172,ok,6500.0,9.44087511294902e-09,C:\Users\vchat\Downloads\Vaishnavi_s_Thesis__2_\automation\results_behavior_windows\tonic_bursting\coupling_rl1_c1\raw_runs\map_0172.raw,C:\Users\vchat\Downloads\Vaishnavi_s_Thesis__2_\automation\results_behavior_windows\tonic_bursting\coupling_rl1_c1\raw_runs\map_0172.log,C:\Users\vchat\Downloads\Vaishnavi_s_Thesis__2_\automation\results_behavior_windows\tonic_bursting\coupling_rl1_c1\plots\map_0172.png,,
173,ok,6500.0,1.1066819197003217e-08,C:\Users\vchat\Downloads\Vaishnavi_s_Thesis__2_\automation\results_behavior_windows\tonic_bursting\coupling_rl1_c1\raw_runs\map_0173.raw,C:\Users\vchat\Downloads\Vaishnavi_s_Thesis__2_\automation\results_behavior_windows\tonic_bursting\coupling_rl1_c1\raw_runs\map_0173.log,C:\Users\vchat\Downloads\Vaishnavi_s_Thesis__2_\automation\results_behavior_windows\tonic_bursting\coupling_rl1_c1\plots\map_0173.png,,
174,ok,6500.0,1.2972789669802326e-08,C:\Users\vchat\Downloads\Vaishnavi_s_Thesis__2_\automation\results_behavior_windows\tonic_bursting\coupling_rl1_c1\raw_runs\map_0174.raw,C:\Users\vchat\Downloads\Vaishnavi_s_Thesis__2_\automation\results_behavior_windows\tonic_bursting\coupling_rl1_c1\raw_runs\map_0174.log,C:\Users\vchat\Downloads\Vaishnavi_s_Thesis__2_\automation\results_behavior_windows\tonic_bursting\coupling_rl1_c1\plots\map_0174.png,,
175,ok,6500.0,1.5207013760783413e-08,C:\Users\vchat\Downloads\Vaishnavi_s_Thesis__2_\automation\results_behavior_windows\tonic_bursting\coupling_rl1_c1\raw_runs\map_0175.raw,C:\Users\vchat\Downloads\Vaishnavi_s_Thesis__2_\automation\results_behavior_windows\tonic_bursting\coupling_rl1_c1\raw_runs\map_0175.log,C:\Users\vchat\Downloads\Vaishnavi_s_Thesis__2_\automation\results_behavior_windows\tonic_bursting\coupling_rl1_c1\plots\map_0175.png,,
176,ok,6500.0,1.7826024579660037e-08,C:\Users\vchat\Downloads\Vaishnavi_s_Thesis__2_\automation\results_behavior_windows\tonic_bursting\coupling_rl1_c1\raw_runs\map_0176.raw,C:\Users\vchat\Downloads\Vaishnavi_s_Thesis__2_\automation\results_behavior_windows\tonic_bursting\coupling_rl1_c1\raw_runs\map_0176.log,C:\Users\vchat\Downloads\Vaishnavi_s_Thesis__2_\automation\results_behavior_windows\tonic_bursting\coupling_rl1_c1\plots\map_0176.png,,
177,ok,6500.0,2.0896091587298827e-08,C:\Users\vchat\Downloads\Vaishnavi_s_Thesis__2_\automation\results_behavior_windows\tonic_bursting\coupling_rl1_c1\raw_runs\map_0177.raw,C:\Users\vchat\Downloads\Vaishnavi_s_Thesis__2_\automation\results_behavior_windows\tonic_bursting\coupling_rl1_c1\raw_runs\map_0177.log,C:\Users\vchat\Downloads\Vaishnavi_s_Thesis__2_\automation\results_behavior_windows\tonic_bursting\coupling_rl1_c1\plots\map_0177.png,,
178,ok,6500.0,2.4494897427831788e-08,C:\Users\vchat\Downloads\Vaishnavi_s_Thesis__2_\automation\results_behavior_windows\tonic_bursting\coupling_rl1_c1\raw_runs\map_0178.raw,C:\Users\vchat\Downloads\Vaishnavi_s_Thesis__2_\automation\results_behavior_windows\tonic_bursting\coupling_rl1_c1\raw_runs\map_0178.log,C:\Users\vchat\Downloads\Vaishnavi_s_Thesis__2_\automation\results_behavior_windows\tonic_bursting\coupling_rl1_c1\plots\map_0178.png,,
179,ok,6500.0,2.8713503551290684e-08,C:\Users\vchat\Downloads\Vaishnavi_s_Thesis__2_\automation\results_behavior_windows\tonic_bursting\coupling_rl1_c1\raw_runs\map_0179.raw,C:\Users\vchat\Downloads\Vaishnavi_s_Thesis__2_\automation\results_behavior_windows\tonic_bursting\coupling_rl1_c1\raw_runs\map_0179.log,C:\Users\vchat\Downloads\Vaishnavi_s_Thesis__2_\automation\results_behavior_windows\tonic_bursting\coupling_rl1_c1\plots\map_0179.png,,
180,ok,6500.0,3.3658654363385995e-08,C:\Users\vchat\Downloads\Vaishnavi_s_Thesis__2_\automation\results_behavior_windows\tonic_bursting\coupling_rl1_c1\raw_runs\map_0180.raw,C:\Users\vchat\Downloads\Vaishnavi_s_Thesis__2_\automation\results_behavior_windows\tonic_bursting\coupling_rl1_c1\raw_runs\map_0180.log,C:\Users\vchat\Downloads\Vaishnavi_s_Thesis__2_\automation\results_behavior_windows\tonic_bursting\coupling_rl1_c1\plots\map_0180.png,,
181,ok,6500.0,3.945547820488658e-08,C:\Users\vchat\Downloads\Vaishnavi_s_Thesis__2_\automation\results_behavior_windows\tonic_bursting\coupling_rl1_c1\raw_runs\map_0181.raw,C:\Users\vchat\Downloads\Vaishnavi_s_Thesis__2_\automation\results_behavior_windows\tonic_bursting\coupling_rl1_c1\raw_runs\map_0181.log,C:\Users\vchat\Downloads\Vaishnavi_s_Thesis__2_\automation\results_behavior_windows\tonic_bursting\coupling_rl1_c1\plots\map_0181.png,,
182,ok,6500.0,4.625065350413122e-08,C:\Users\vchat\Downloads\Vaishnavi_s_Thesis__2_\automation\results_behavior_windows\tonic_bursting\coupling_rl1_c1\raw_runs\map_0182.raw,C:\Users\vchat\Downloads\Vaishnavi_s_Thesis__2_\automation\results_behavior_windows\tonic_bursting\coupling_rl1_c1\raw_runs\map_0182.log,C:\Users\vchat\Downloads\Vaishnavi_s_Thesis__2_\automation\results_behavior_windows\tonic_bursting\coupling_rl1_c1\plots\map_0182.png,,
183,ok,6500.0,5.421612021659072e-08,C:\Users\vchat\Downloads\Vaishnavi_s_Thesis__2_\automation\results_behavior_windows\tonic_bursting\coupling_rl1_c1\raw_runs\map_0183.raw,C:\Users\vchat\Downloads\Vaishnavi_s_Thesis__2_\automation\results_behavior_windows\tonic_bursting\coupling_rl1_c1\raw_runs\map_0183.log,C:\Users\vchat\Downloads\Vaishnavi_s_Thesis__2_\automation\results_behavior_windows\tonic_bursting\coupling_rl1_c1\plots\map_0183.png,,
184,ok,6500.0,6.355343046292877e-08,C:\Users\vchat\Downloads\Vaishnavi_s_Thesis__2_\automation\results_behavior_windows\tonic_bursting\coupling_rl1_c1\raw_runs\map_0184.raw,C:\Users\vchat\Downloads\Vaishnavi_s_Thesis__2_\automation\results_behavior_windows\tonic_bursting\coupling_rl1_c1\raw_runs\map_0184.log,C:\Users\vchat\Downloads\Vaishnavi_s_Thesis__2_\automation\results_behavior_windows\tonic_bursting\coupling_rl1_c1\plots\map_0184.png,,
185,ok,6500.0,7.449884845080326e-08,C:\Users\vchat\Downloads\Vaishnavi_s_Thesis__2_\automation\results_behavior_windows\tonic_bursting\coupling_rl1_c1\raw_runs\map_0185.raw,C:\Users\vchat\Downloads\Vaishnavi_s_Thesis__2_\automation\results_behavior_windows\tonic_bursting\coupling_rl1_c1\raw_runs\map_0185.log,C:\Users\vchat\Downloads\Vaishnavi_s_Thesis__2_\automation\results_behavior_windows\tonic_bursting\coupling_rl1_c1\plots\map_0185.png,,
186,ok,6500.0,8.732932872495618e-08,C:\Users\vchat\Downloads\Vaishnavi_s_Thesis__2_\automation\results_behavior_windows\tonic_bursting\coupling_rl1_c1\raw_runs\map_0186.raw,C:\Users\vchat\Downloads\Vaishnavi_s_Thesis__2_\automation\results_behavior_windows\tonic_bursting\coupling_rl1_c1\raw_runs\map_0186.log,C:\Users\vchat\Downloads\Vaishnavi_s_Thesis__2_\automation\results_behavior_windows\tonic_bursting\coupling_rl1_c1\plots\map_0186.png,,
187,ok,6500.0,1.0236952401469272e-07,C:\Users\vchat\Downloads\Vaishnavi_s_Thesis__2_\automation\results_behavior_windows\tonic_bursting\coupling_rl1_c1\raw_runs\map_0187.raw,C:\Users\vchat\Downloads\Vaishnavi_s_Thesis__2_\automation\results_behavior_windows\tonic_bursting\coupling_rl1_c1\raw_runs\map_0187.log,C:\Users\vchat\Downloads\Vaishnavi_s_Thesis__2_\automation\results_behavior_windows\tonic_bursting\coupling_rl1_c1\plots\map_0187.png,,
188,ok,6500.0,1.2000000000000007e-07,C:\Users\vchat\Downloads\Vaishnavi_s_Thesis__2_\automation\results_behavior_windows\tonic_bursting\coupling_rl1_c1\raw_runs\map_0188.raw,C:\Users\vchat\Downloads\Vaishnavi_s_Thesis__2_\automation\results_behavior_windows\tonic_bursting\coupling_rl1_c1\raw_runs\map_0188.log,C:\Users\vchat\Downloads\Vaishnavi_s_Thesis__2_\automation\results_behavior_windows\tonic_bursting\coupling_rl1_c1\plots\map_0188.png,,
189,ok,6750.0,4.999999999999999e-09,C:\Users\vchat\Downloads\Vaishnavi_s_Thesis__2_\automation\results_behavior_windows\tonic_bursting\coupling_rl1_c1\raw_runs\map_0189.raw,C:\Users\vchat\Downloads\Vaishnavi_s_Thesis__2_\automation\results_behavior_windows\tonic_bursting\coupling_rl1_c1\raw_runs\map_0189.log,C:\Users\vchat\Downloads\Vaishnavi_s_Thesis__2_\automation\results_behavior_windows\tonic_bursting\coupling_rl1_c1\plots\map_0189.png,,
190,ok,6750.0,5.8611193690212385e-09,C:\Users\vchat\Downloads\Vaishnavi_s_Thesis__2_\automation\results_behavior_windows\tonic_bursting\coupling_rl1_c1\raw_runs\map_0190.raw,C:\Users\vchat\Downloads\Vaishnavi_s_Thesis__2_\automation\results_behavior_windows\tonic_bursting\coupling_rl1_c1\raw_runs\map_0190.log,C:\Users\vchat\Downloads\Vaishnavi_s_Thesis__2_\automation\results_behavior_windows\tonic_bursting\coupling_rl1_c1\plots\map_0190.png,,
191,ok,6750.0,6.870544051583186e-09,C:\Users\vchat\Downloads\Vaishnavi_s_Thesis__2_\automation\results_behavior_windows\tonic_bursting\coupling_rl1_c1\raw_runs\map_0191.raw,C:\Users\vchat\Downloads\Vaishnavi_s_Thesis__2_\automation\results_behavior_windows\tonic_bursting\coupling_rl1_c1\raw_runs\map_0191.log,C:\Users\vchat\Downloads\Vaishnavi_s_Thesis__2_\automation\results_behavior_windows\tonic_bursting\coupling_rl1_c1\plots\map_0191.png,,
192,ok,6750.0,8.053815763289574e-09,C:\Users\vchat\Downloads\Vaishnavi_s_Thesis__2_\automation\results_behavior_windows\tonic_bursting\coupling_rl1_c1\raw_runs\map_0192.raw,C:\Users\vchat\Downloads\Vaishnavi_s_Thesis__2_\automation\results_behavior_windows\tonic_bursting\coupling_rl1_c1\raw_runs\map_0192.log,C:\Users\vchat\Downloads\Vaishnavi_s_Thesis__2_\automation\results_behavior_windows\tonic_bursting\coupling_rl1_c1\plots\map_0192.png,,
193,ok,6750.0,9.44087511294902e-09,C:\Users\vchat\Downloads\Vaishnavi_s_Thesis__2_\automation\results_behavior_windows\tonic_bursting\coupling_rl1_c1\raw_runs\map_0193.raw,C:\Users\vchat\Downloads\Vaishnavi_s_Thesis__2_\automation\results_behavior_windows\tonic_bursting\coupling_rl1_c1\raw_runs\map_0193.log,C:\Users\vchat\Downloads\Vaishnavi_s_Thesis__2_\automation\results_behavior_windows\tonic_bursting\coupling_rl1_c1\plots\map_0193.png,,
194,ok,6750.0,1.1066819197003217e-08,C:\Users\vchat\Downloads\Vaishnavi_s_Thesis__2_\automation\results_behavior_windows\tonic_bursting\coupling_rl1_c1\raw_runs\map_0194.raw,C:\Users\vchat\Downloads\Vaishnavi_s_Thesis__2_\automation\results_behavior_windows\tonic_bursting\coupling_rl1_c1\raw_runs\map_0194.log,C:\Users\vchat\Downloads\Vaishnavi_s_Thesis__2_\automation\results_behavior_windows\tonic_bursting\coupling_rl1_c1\plots\map_0194.png,,
195,ok,6750.0,1.2972789669802326e-08,C:\Users\vchat\Downloads\Vaishnavi_s_Thesis__2_\automation\results_behavior_windows\tonic_bursting\coupling_rl1_c1\raw_runs\map_0195.raw,C:\Users\vchat\Downloads\Vaishnavi_s_Thesis__2_\automation\results_behavior_windows\tonic_bursting\coupling_rl1_c1\raw_runs\map_0195.log,C:\Users\vchat\Downloads\Vaishnavi_s_Thesis__2_\automation\results_behavior_windows\tonic_bursting\coupling_rl1_c1\plots\map_0195.png,,
196,ok,6750.0,1.5207013760783413e-08,C:\Users\vchat\Downloads\Vaishnavi_s_Thesis__2_\automation\results_behavior_windows\tonic_bursting\coupling_rl1_c1\raw_runs\map_0196.raw,C:\Users\vchat\Downloads\Vaishnavi_s_Thesis__2_\automation\results_behavior_windows\tonic_bursting\coupling_rl1_c1\raw_runs\map_0196.log,C:\Users\vchat\Downloads\Vaishnavi_s_Thesis__2_\automation\results_behavior_windows\tonic_bursting\coupling_rl1_c1\plots\map_0196.png,,
197,ok,6750.0,1.7826024579660037e-08,C:\Users\vchat\Downloads\Vaishnavi_s_Thesis__2_\automation\results_behavior_windows\tonic_bursting\coupling_rl1_c1\raw_runs\map_0197.raw,C:\Users\vchat\Downloads\Vaishnavi_s_Thesis__2_\automation\results_behavior_windows\tonic_bursting\coupling_rl1_c1\raw_runs\map_0197.log,C:\Users\vchat\Downloads\Vaishnavi_s_Thesis__2_\automation\results_behavior_windows\tonic_bursting\coupling_rl1_c1\plots\map_0197.png,,
198,ok,6750.0,2.0896091587298827e-08,C:\Users\vchat\Downloads\Vaishnavi_s_Thesis__2_\automation\results_behavior_windows\tonic_bursting\coupling_rl1_c1\raw_runs\map_0198.raw,C:\Users\vchat\Downloads\Vaishnavi_s_Thesis__2_\automation\results_behavior_windows\tonic_bursting\coupling_rl1_c1\raw_runs\map_0198.log,C:\Users\vchat\Downloads\Vaishnavi_s_Thesis__2_\automation\results_behavior_windows\tonic_bursting\coupling_rl1_c1\plots\map_0198.png,,
199,ok,6750.0,2.4494897427831788e-08,C:\Users\vchat\Downloads\Vaishnavi_s_Thesis__2_\automation\results_behavior_windows\tonic_bursting\coupling_rl1_c1\raw_runs\map_0199.raw,C:\Users\vchat\Downloads\Vaishnavi_s_Thesis__2_\automation\results_behavior_windows\tonic_bursting\coupling_rl1_c1\raw_runs\map_0199.log,C:\Users\vchat\Downloads\Vaishnavi_s_Thesis__2_\automation\results_behavior_windows\tonic_bursting\coupling_rl1_c1\plots\map_0199.png,,
200,ok,6750.0,2.8713503551290684e-08,C:\Users\vchat\Downloads\Vaishnavi_s_Thesis__2_\automation\results_behavior_windows\tonic_bursting\coupling_rl1_c1\raw_runs\map_0200.raw,C:\Users\vchat\Downloads\Vaishnavi_s_Thesis__2_\automation\results_behavior_windows\tonic_bursting\coupling_rl1_c1\raw_runs\map_0200.log,C:\Users\vchat\Downloads\Vaishnavi_s_Thesis__2_\automation\results_behavior_windows\tonic_bursting\coupling_rl1_c1\plots\map_0200.png,,
201,ok,6750.0,3.3658654363385995e-08,C:\Users\vchat\Downloads\Vaishnavi_s_Thesis__2_\automation\results_behavior_windows\tonic_bursting\coupling_rl1_c1\raw_runs\map_0201.raw,C:\Users\vchat\Downloads\Vaishnavi_s_Thesis__2_\automation\results_behavior_windows\tonic_bursting\coupling_rl1_c1\raw_runs\map_0201.log,C:\Users\vchat\Downloads\Vaishnavi_s_Thesis__2_\automation\results_behavior_windows\tonic_bursting\coupling_rl1_c1\plots\map_0201.png,,
202,ok,6750.0,3.945547820488658e-08,C:\Users\vchat\Downloads\Vaishnavi_s_Thesis__2_\automation\results_behavior_windows\tonic_bursting\coupling_rl1_c1\raw_runs\map_0202.raw,C:\Users\vchat\Downloads\Vaishnavi_s_Thesis__2_\automation\results_behavior_windows\tonic_bursting\coupling_rl1_c1\raw_runs\map_0202.log,C:\Users\vchat\Downloads\Vaishnavi_s_Thesis__2_\automation\results_behavior_windows\tonic_bursting\coupling_rl1_c1\plots\map_0202.png,,
203,ok,6750.0,4.625065350413122e-08,C:\Users\vchat\Downloads\Vaishnavi_s_Thesis__2_\automation\results_behavior_windows\tonic_bursting\coupling_rl1_c1\raw_runs\map_0203.raw,C:\Users\vchat\Downloads\Vaishnavi_s_Thesis__2_\automation\results_behavior_windows\tonic_bursting\coupling_rl1_c1\raw_runs\map_0203.log,C:\Users\vchat\Downloads\Vaishnavi_s_Thesis__2_\automation\results_behavior_windows\tonic_bursting\coupling_rl1_c1\plots\map_0203.png,,
204,ok,6750.0,5.421612021659072e-08,C:\Users\vchat\Downloads\Vaishnavi_s_Thesis__2_\automation\results_behavior_windows\tonic_bursting\coupling_rl1_c1\raw_runs\map_0204.raw,C:\Users\vchat\Downloads\Vaishnavi_s_Thesis__2_\automation\results_behavior_windows\tonic_bursting\coupling_rl1_c1\raw_runs\map_0204.log,C:\Users\vchat\Downloads\Vaishnavi_s_Thesis__2_\automation\results_behavior_windows\tonic_bursting\coupling_rl1_c1\plots\map_0204.png,,
205,ok,6750.0,6.355343046292877e-08,C:\Users\vchat\Downloads\Vaishnavi_s_Thesis__2_\automation\results_behavior_windows\tonic_bursting\coupling_rl1_c1\raw_runs\map_0205.raw,C:\Users\vchat\Downloads\Vaishnavi_s_Thesis__2_\automation\results_behavior_windows\tonic_bursting\coupling_rl1_c1\raw_runs\map_0205.log,C:\Users\vchat\Downloads\Vaishnavi_s_Thesis__2_\automation\results_behavior_windows\tonic_bursting\coupling_rl1_c1\plots\map_0205.png,,
206,ok,6750.0,7.449884845080326e-08,C:\Users\vchat\Downloads\Vaishnavi_s_Thesis__2_\automation\results_behavior_windows\tonic_bursting\coupling_rl1_c1\raw_runs\map_0206.raw,C:\Users\vchat\Downloads\Vaishnavi_s_Thesis__2_\automation\results_behavior_windows\tonic_bursting\coupling_rl1_c1\raw_runs\map_0206.log,C:\Users\vchat\Downloads\Vaishnavi_s_Thesis__2_\automation\results_behavior_windows\tonic_bursting\coupling_rl1_c1\plots\map_0206.png,,
207,ok,6750.0,8.732932872495618e-08,C:\Users\vchat\Downloads\Vaishnavi_s_Thesis__2_\automation\results_behavior_windows\tonic_bursting\coupling_rl1_c1\raw_runs\map_0207.raw,C:\Users\vchat\Downloads\Vaishnavi_s_Thesis__2_\automation\results_behavior_windows\tonic_bursting\coupling_rl1_c1\raw_runs\map_0207.log,C:\Users\vchat\Downloads\Vaishnavi_s_Thesis__2_\automation\results_behavior_windows\tonic_bursting\coupling_rl1_c1\plots\map_0207.png,,
208,ok,6750.0,1.0236952401469272e-07,C:\Users\vchat\Downloads\Vaishnavi_s_Thesis__2_\automation\results_behavior_windows\tonic_bursting\coupling_rl1_c1\raw_runs\map_0208.raw,C:\Users\vchat\Downloads\Vaishnavi_s_Thesis__2_\automation\results_behavior_windows\tonic_bursting\coupling_rl1_c1\raw_runs\map_0208.log,C:\Users\vchat\Downloads\Vaishnavi_s_Thesis__2_\automation\results_behavior_windows\tonic_bursting\coupling_rl1_c1\plots\map_0208.png,,
209,ok,6750.0,1.2000000000000007e-07,C:\Users\vchat\Downloads\Vaishnavi_s_Thesis__2_\automation\results_behavior_windows\tonic_bursting\coupling_rl1_c1\raw_runs\map_0209.raw,C:\Users\vchat\Downloads\Vaishnavi_s_Thesis__2_\automation\results_behavior_windows\tonic_bursting\coupling_rl1_c1\raw_runs\map_0209.log,C:\Users\vchat\Downloads\Vaishnavi_s_Thesis__2_\automation\results_behavior_windows\tonic_bursting\coupling_rl1_c1\plots\map_0209.png,,
210,ok,7000.0,4.999999999999999e-09,C:\Users\vchat\Downloads\Vaishnavi_s_Thesis__2_\automation\results_behavior_windows\tonic_bursting\coupling_rl1_c1\raw_runs\map_0210.raw,C:\Users\vchat\Downloads\Vaishnavi_s_Thesis__2_\automation\results_behavior_windows\tonic_bursting\coupling_rl1_c1\raw_runs\map_0210.log,C:\Users\vchat\Downloads\Vaishnavi_s_Thesis__2_\automation\results_behavior_windows\tonic_bursting\coupling_rl1_c1\plots\map_0210.png,,
211,ok,7000.0,5.8611193690212385e-09,C:\Users\vchat\Downloads\Vaishnavi_s_Thesis__2_\automation\results_behavior_windows\tonic_bursting\coupling_rl1_c1\raw_runs\map_0211.raw,C:\Users\vchat\Downloads\Vaishnavi_s_Thesis__2_\automation\results_behavior_windows\tonic_bursting\coupling_rl1_c1\raw_runs\map_0211.log,C:\Users\vchat\Downloads\Vaishnavi_s_Thesis__2_\automation\results_behavior_windows\tonic_bursting\coupling_rl1_c1\plots\map_0211.png,,
212,ok,7000.0,6.870544051583186e-09,C:\Users\vchat\Downloads\Vaishnavi_s_Thesis__2_\automation\results_behavior_windows\tonic_bursting\coupling_rl1_c1\raw_runs\map_0212.raw,C:\Users\vchat\Downloads\Vaishnavi_s_Thesis__2_\automation\results_behavior_windows\tonic_bursting\coupling_rl1_c1\raw_runs\map_0212.log,C:\Users\vchat\Downloads\Vaishnavi_s_Thesis__2_\automation\results_behavior_windows\tonic_bursting\coupling_rl1_c1\plots\map_0212.png,,
213,ok,7000.0,8.053815763289574e-09,C:\Users\vchat\Downloads\Vaishnavi_s_Thesis__2_\automation\results_behavior_windows\tonic_bursting\coupling_rl1_c1\raw_runs\map_0213.raw,C:\Users\vchat\Downloads\Vaishnavi_s_Thesis__2_\automation\results_behavior_windows\tonic_bursting\coupling_rl1_c1\raw_runs\map_0213.log,C:\Users\vchat\Downloads\Vaishnavi_s_Thesis__2_\automation\results_behavior_windows\tonic_bursting\coupling_rl1_c1\plots\map_0213.png,,
214,ok,7000.0,9.44087511294902e-09,C:\Users\vchat\Downloads\Vaishnavi_s_Thesis__2_\automation\results_behavior_windows\tonic_bursting\coupling_rl1_c1\raw_runs\map_0214.raw,C:\Users\vchat\Downloads\Vaishnavi_s_Thesis__2_\automation\results_behavior_windows\tonic_bursting\coupling_rl1_c1\raw_runs\map_0214.log,C:\Users\vchat\Downloads\Vaishnavi_s_Thesis__2_\automation\results_behavior_windows\tonic_bursting\coupling_rl1_c1\plots\map_0214.png,,
215,ok,7000.0,1.1066819197003217e-08,C:\Users\vchat\Downloads\Vaishnavi_s_Thesis__2_\automation\results_behavior_windows\tonic_bursting\coupling_rl1_c1\raw_runs\map_0215.raw,C:\Users\vchat\Downloads\Vaishnavi_s_Thesis__2_\automation\results_behavior_windows\tonic_bursting\coupling_rl1_c1\raw_runs\map_0215.log,C:\Users\vchat\Downloads\Vaishnavi_s_Thesis__2_\automation\results_behavior_windows\tonic_bursting\coupling_rl1_c1\plots\map_0215.png,,
216,ok,7000.0,1.2972789669802326e-08,C:\Users\vchat\Downloads\Vaishnavi_s_Thesis__2_\automation\results_behavior_windows\tonic_bursting\coupling_rl1_c1\raw_runs\map_0216.raw,C:\Users\vchat\Downloads\Vaishnavi_s_Thesis__2_\automation\results_behavior_windows\tonic_bursting\coupling_rl1_c1\raw_runs\map_0216.log,C:\Users\vchat\Downloads\Vaishnavi_s_Thesis__2_\automation\results_behavior_windows\tonic_bursting\coupling_rl1_c1\plots\map_0216.png,,
217,ok,7000.0,1.5207013760783413e-08,C:\Users\vchat\Downloads\Vaishnavi_s_Thesis__2_\automation\results_behavior_windows\tonic_bursting\coupling_rl1_c1\raw_runs\map_0217.raw,C:\Users\vchat\Downloads\Vaishnavi_s_Thesis__2_\automation\results_behavior_windows\tonic_bursting\coupling_rl1_c1\raw_runs\map_0217.log,C:\Users\vchat\Downloads\Vaishnavi_s_Thesis__2_\automation\results_behavior_windows\tonic_bursting\coupling_rl1_c1\plots\map_0217.png,,
218,ok,7000.0,1.7826024579660037e-08,C:\Users\vchat\Downloads\Vaishnavi_s_Thesis__2_\automation\results_behavior_windows\tonic_bursting\coupling_rl1_c1\raw_runs\map_0218.raw,C:\Users\vchat\Downloads\Vaishnavi_s_Thesis__2_\automation\results_behavior_windows\tonic_bursting\coupling_rl1_c1\raw_runs\map_0218.log,C:\Users\vchat\Downloads\Vaishnavi_s_Thesis__2_\automation\results_behavior_windows\tonic_bursting\coupling_rl1_c1\plots\map_0218.png,,
219,ok,7000.0,2.0896091587298827e-08,C:\Users\vchat\Downloads\Vaishnavi_s_Thesis__2_\automation\results_behavior_windows\tonic_bursting\coupling_rl1_c1\raw_runs\map_0219.raw,C:\Users\vchat\Downloads\Vaishnavi_s_Thesis__2_\automation\results_behavior_windows\tonic_bursting\coupling_rl1_c1\raw_runs\map_0219.log,C:\Users\vchat\Downloads\Vaishnavi_s_Thesis__2_\automation\results_behavior_windows\tonic_bursting\coupling_rl1_c1\plots\map_0219.png,,
220,ok,7000.0,2.4494897427831788e-08,C:\Users\vchat\Downloads\Vaishnavi_s_Thesis__2_\automation\results_behavior_windows\tonic_bursting\coupling_rl1_c1\raw_runs\map_0220.raw,C:\Users\vchat\Downloads\Vaishnavi_s_Thesis__2_\automation\results_behavior_windows\tonic_bursting\coupling_rl1_c1\raw_runs\map_0220.log,C:\Users\vchat\Downloads\Vaishnavi_s_Thesis__2_\automation\results_behavior_windows\tonic_bursting\coupling_rl1_c1\plots\map_0220.png,,
221,ok,7000.0,2.8713503551290684e-08,C:\Users\vchat\Downloads\Vaishnavi_s_Thesis__2_\automation\results_behavior_windows\tonic_bursting\coupling_rl1_c1\raw_runs\map_0221.raw,C:\Users\vchat\Downloads\Vaishnavi_s_Thesis__2_\automation\results_behavior_windows\tonic_bursting\coupling_rl1_c1\raw_runs\map_0221.log,C:\Users\vchat\Downloads\Vaishnavi_s_Thesis__2_\automation\results_behavior_windows\tonic_bursting\coupling_rl1_c1\plots\map_0221.png,,
222,ok,7000.0,3.3658654363385995e-08,C:\Users\vchat\Downloads\Vaishnavi_s_Thesis__2_\automation\results_behavior_windows\tonic_bursting\coupling_rl1_c1\raw_runs\map_0222.raw,C:\Users\vchat\Downloads\Vaishnavi_s_Thesis__2_\automation\results_behavior_windows\tonic_bursting\coupling_rl1_c1\raw_runs\map_0222.log,C:\Users\vchat\Downloads\Vaishnavi_s_Thesis__2_\automation\results_behavior_windows\tonic_bursting\coupling_rl1_c1\plots\map_0222.png,,
223,ok,7000.0,3.945547820488658e-08,C:\Users\vchat\Downloads\Vaishnavi_s_Thesis__2_\automation\results_behavior_windows\tonic_bursting\coupling_rl1_c1\raw_runs\map_0223.raw,C:\Users\vchat\Downloads\Vaishnavi_s_Thesis__2_\automation\results_behavior_windows\tonic_bursting\coupling_rl1_c1\raw_runs\map_0223.log,C:\Users\vchat\Downloads\Vaishnavi_s_Thesis__2_\automation\results_behavior_windows\tonic_bursting\coupling_rl1_c1\plots\map_0223.png,,
224,ok,7000.0,4.625065350413122e-08,C:\Users\vchat\Downloads\Vaishnavi_s_Thesis__2_\automation\results_behavior_windows\tonic_bursting\coupling_rl1_c1\raw_runs\map_0224.raw,C:\Users\vchat\Downloads\Vaishnavi_s_Thesis__2_\automation\results_behavior_windows\tonic_bursting\coupling_rl1_c1\raw_runs\map_0224.log,C:\Users\vchat\Downloads\Vaishnavi_s_Thesis__2_\automation\results_behavior_windows\tonic_bursting\coupling_rl1_c1\plots\map_0224.png,,
225,ok,7000.0,5.421612021659072e-08,C:\Users\vchat\Downloads\Vaishnavi_s_Thesis__2_\automation\results_behavior_windows\tonic_bursting\coupling_rl1_c1\raw_runs\map_0225.raw,C:\Users\vchat\Downloads\Vaishnavi_s_Thesis__2_\automation\results_behavior_windows\tonic_bursting\coupling_rl1_c1\raw_runs\map_0225.log,C:\Users\vchat\Downloads\Vaishnavi_s_Thesis__2_\automation\results_behavior_windows\tonic_bursting\coupling_rl1_c1\plots\map_0225.png,,
226,ok,7000.0,6.355343046292877e-08,C:\Users\vchat\Downloads\Vaishnavi_s_Thesis__2_\automation\results_behavior_windows\tonic_bursting\coupling_rl1_c1\raw_runs\map_0226.raw,C:\Users\vchat\Downloads\Vaishnavi_s_Thesis__2_\automation\results_behavior_windows\tonic_bursting\coupling_rl1_c1\raw_runs\map_0226.log,C:\Users\vchat\Downloads\Vaishnavi_s_Thesis__2_\automation\results_behavior_windows\tonic_bursting\coupling_rl1_c1\plots\map_0226.png,,
227,ok,7000.0,7.449884845080326e-08,C:\Users\vchat\Downloads\Vaishnavi_s_Thesis__2_\automation\results_behavior_windows\tonic_bursting\coupling_rl1_c1\raw_runs\map_0227.raw,C:\Users\vchat\Downloads\Vaishnavi_s_Thesis__2_\automation\results_behavior_windows\tonic_bursting\coupling_rl1_c1\raw_runs\map_0227.log,C:\Users\vchat\Downloads\Vaishnavi_s_Thesis__2_\automation\results_behavior_windows\tonic_bursting\coupling_rl1_c1\plots\map_0227.png,,
228,ok,7000.0,8.732932872495618e-08,C:\Users\vchat\Downloads\Vaishnavi_s_Thesis__2_\automation\results_behavior_windows\tonic_bursting\coupling_rl1_c1\raw_runs\map_0228.raw,C:\Users\vchat\Downloads\Vaishnavi_s_Thesis__2_\automation\results_behavior_windows\tonic_bursting\coupling_rl1_c1\raw_runs\map_0228.log,C:\Users\vchat\Downloads\Vaishnavi_s_Thesis__2_\automation\results_behavior_windows\tonic_bursting\coupling_rl1_c1\plots\map_0228.png,,
229,ok,7000.0,1.0236952401469272e-07,C:\Users\vchat\Downloads\Vaishnavi_s_Thesis__2_\automation\results_behavior_windows\tonic_bursting\coupling_rl1_c1\raw_runs\map_0229.raw,C:\Users\vchat\Downloads\Vaishnavi_s_Thesis__2_\automation\results_behavior_windows\tonic_bursting\coupling_rl1_c1\raw_runs\map_0229.log,C:\Users\vchat\Downloads\Vaishnavi_s_Thesis__2_\automation\results_behavior_windows\tonic_bursting\coupling_rl1_c1\plots\map_0229.png,,
230,ok,7000.0,1.2000000000000007e-07,C:\Users\vchat\Downloads\Vaishnavi_s_Thesis__2_\automation\results_behavior_windows\tonic_bursting\coupling_rl1_c1\raw_runs\map_0230.raw,C:\Users\vchat\Downloads\Vaishnavi_s_Thesis__2_\automation\results_behavior_windows\tonic_bursting\coupling_rl1_c1\raw_runs\map_0230.log,C:\Users\vchat\Downloads\Vaishnavi_s_Thesis__2_\automation\results_behavior_windows\tonic_bursting\coupling_rl1_c1\plots\map_0230.png,,
231,ok,7250.0,4.999999999999999e-09,C:\Users\vchat\Downloads\Vaishnavi_s_Thesis__2_\automation\results_behavior_windows\tonic_bursting\coupling_rl1_c1\raw_runs\map_0231.raw,C:\Users\vchat\Downloads\Vaishnavi_s_Thesis__2_\automation\results_behavior_windows\tonic_bursting\coupling_rl1_c1\raw_runs\map_0231.log,C:\Users\vchat\Downloads\Vaishnavi_s_Thesis__2_\automation\results_behavior_windows\tonic_bursting\coupling_rl1_c1\plots\map_0231.png,,
232,ok,7250.0,5.8611193690212385e-09,C:\Users\vchat\Downloads\Vaishnavi_s_Thesis__2_\automation\results_behavior_windows\tonic_bursting\coupling_rl1_c1\raw_runs\map_0232.raw,C:\Users\vchat\Downloads\Vaishnavi_s_Thesis__2_\automation\results_behavior_windows\tonic_bursting\coupling_rl1_c1\raw_runs\map_0232.log,C:\Users\vchat\Downloads\Vaishnavi_s_Thesis__2_\automation\results_behavior_windows\tonic_bursting\coupling_rl1_c1\plots\map_0232.png,,
233,ok,7250.0,6.870544051583186e-09,C:\Users\vchat\Downloads\Vaishnavi_s_Thesis__2_\automation\results_behavior_windows\tonic_bursting\coupling_rl1_c1\raw_runs\map_0233.raw,C:\Users\vchat\Downloads\Vaishnavi_s_Thesis__2_\automation\results_behavior_windows\tonic_bursting\coupling_rl1_c1\raw_runs\map_0233.log,C:\Users\vchat\Downloads\Vaishnavi_s_Thesis__2_\automation\results_behavior_windows\tonic_bursting\coupling_rl1_c1\plots\map_0233.png,,
234,ok,7250.0,8.053815763289574e-09,C:\Users\vchat\Downloads\Vaishnavi_s_Thesis__2_\automation\results_behavior_windows\tonic_bursting\coupling_rl1_c1\raw_runs\map_0234.raw,C:\Users\vchat\Downloads\Vaishnavi_s_Thesis__2_\automation\results_behavior_windows\tonic_bursting\coupling_rl1_c1\raw_runs\map_0234.log,C:\Users\vchat\Downloads\Vaishnavi_s_Thesis__2_\automation\results_behavior_windows\tonic_bursting\coupling_rl1_c1\plots\map_0234.png,,
235,ok,7250.0,9.44087511294902e-09,C:\Users\vchat\Downloads\Vaishnavi_s_Thesis__2_\automation\results_behavior_windows\tonic_bursting\coupling_rl1_c1\raw_runs\map_0235.raw,C:\Users\vchat\Downloads\Vaishnavi_s_Thesis__2_\automation\results_behavior_windows\tonic_bursting\coupling_rl1_c1\raw_runs\map_0235.log,C:\Users\vchat\Downloads\Vaishnavi_s_Thesis__2_\automation\results_behavior_windows\tonic_bursting\coupling_rl1_c1\plots\map_0235.png,,
236,ok,7250.0,1.1066819197003217e-08,C:\Users\vchat\Downloads\Vaishnavi_s_Thesis__2_\automation\results_behavior_windows\tonic_bursting\coupling_rl1_c1\raw_runs\map_0236.raw,C:\Users\vchat\Downloads\Vaishnavi_s_Thesis__2_\automation\results_behavior_windows\tonic_bursting\coupling_rl1_c1\raw_runs\map_0236.log,C:\Users\vchat\Downloads\Vaishnavi_s_Thesis__2_\automation\results_behavior_windows\tonic_bursting\coupling_rl1_c1\plots\map_0236.png,,
237,ok,7250.0,1.2972789669802326e-08,C:\Users\vchat\Downloads\Vaishnavi_s_Thesis__2_\automation\results_behavior_windows\tonic_bursting\coupling_rl1_c1\raw_runs\map_0237.raw,C:\Users\vchat\Downloads\Vaishnavi_s_Thesis__2_\automation\results_behavior_windows\tonic_bursting\coupling_rl1_c1\raw_runs\map_0237.log,C:\Users\vchat\Downloads\Vaishnavi_s_Thesis__2_\automation\results_behavior_windows\tonic_bursting\coupling_rl1_c1\plots\map_0237.png,,
238,ok,7250.0,1.5207013760783413e-08,C:\Users\vchat\Downloads\Vaishnavi_s_Thesis__2_\automation\results_behavior_windows\tonic_bursting\coupling_rl1_c1\raw_runs\map_0238.raw,C:\Users\vchat\Downloads\Vaishnavi_s_Thesis__2_\automation\results_behavior_windows\tonic_bursting\coupling_rl1_c1\raw_runs\map_0238.log,C:\Users\vchat\Downloads\Vaishnavi_s_Thesis__2_\automation\results_behavior_windows\tonic_bursting\coupling_rl1_c1\plots\map_0238.png,,
239,ok,7250.0,1.7826024579660037e-08,C:\Users\vchat\Downloads\Vaishnavi_s_Thesis__2_\automation\results_behavior_windows\tonic_bursting\coupling_rl1_c1\raw_runs\map_0239.raw,C:\Users\vchat\Downloads\Vaishnavi_s_Thesis__2_\automation\results_behavior_windows\tonic_bursting\coupling_rl1_c1\raw_runs\map_0239.log,C:\Users\vchat\Downloads\Vaishnavi_s_Thesis__2_\automation\results_behavior_windows\tonic_bursting\coupling_rl1_c1\plots\map_0239.png,,
240,ok,7250.0,2.0896091587298827e-08,C:\Users\vchat\Downloads\Vaishnavi_s_Thesis__2_\automation\results_behavior_windows\tonic_bursting\coupling_rl1_c1\raw_runs\map_0240.raw,C:\Users\vchat\Downloads\Vaishnavi_s_Thesis__2_\automation\results_behavior_windows\tonic_bursting\coupling_rl1_c1\raw_runs\map_0240.log,C:\Users\vchat\Downloads\Vaishnavi_s_Thesis__2_\automation\results_behavior_windows\tonic_bursting\coupling_rl1_c1\plots\map_0240.png,,
241,ok,7250.0,2.4494897427831788e-08,C:\Users\vchat\Downloads\Vaishnavi_s_Thesis__2_\automation\results_behavior_windows\tonic_bursting\coupling_rl1_c1\raw_runs\map_0241.raw,C:\Users\vchat\Downloads\Vaishnavi_s_Thesis__2_\automation\results_behavior_windows\tonic_bursting\coupling_rl1_c1\raw_runs\map_0241.log,C:\Users\vchat\Downloads\Vaishnavi_s_Thesis__2_\automation\results_behavior_windows\tonic_bursting\coupling_rl1_c1\plots\map_0241.png,,
242,ok,7250.0,2.8713503551290684e-08,C:\Users\vchat\Downloads\Vaishnavi_s_Thesis__2_\automation\results_behavior_windows\tonic_bursting\coupling_rl1_c1\raw_runs\map_0242.raw,C:\Users\vchat\Downloads\Vaishnavi_s_Thesis__2_\automation\results_behavior_windows\tonic_bursting\coupling_rl1_c1\raw_runs\map_0242.log,C:\Users\vchat\Downloads\Vaishnavi_s_Thesis__2_\automation\results_behavior_windows\tonic_bursting\coupling_rl1_c1\plots\map_0242.png,,
243,ok,7250.0,3.3658654363385995e-08,C:\Users\vchat\Downloads\Vaishnavi_s_Thesis__2_\automation\results_behavior_windows\tonic_bursting\coupling_rl1_c1\raw_runs\map_0243.raw,C:\Users\vchat\Downloads\Vaishnavi_s_Thesis__2_\automation\results_behavior_windows\tonic_bursting\coupling_rl1_c1\raw_runs\map_0243.log,C:\Users\vchat\Downloads\Vaishnavi_s_Thesis__2_\automation\results_behavior_windows\tonic_bursting\coupling_rl1_c1\plots\map_0243.png,,
244,ok,7250.0,3.945547820488658e-08,C:\Users\vchat\Downloads\Vaishnavi_s_Thesis__2_\automation\results_behavior_windows\tonic_bursting\coupling_rl1_c1\raw_runs\map_0244.raw,C:\Users\vchat\Downloads\Vaishnavi_s_Thesis__2_\automation\results_behavior_windows\tonic_bursting\coupling_rl1_c1\raw_runs\map_0244.log,C:\Users\vchat\Downloads\Vaishnavi_s_Thesis__2_\automation\results_behavior_windows\tonic_bursting\coupling_rl1_c1\plots\map_0244.png,,
245,ok,7250.0,4.625065350413122e-08,C:\Users\vchat\Downloads\Vaishnavi_s_Thesis__2_\automation\results_behavior_windows\tonic_bursting\coupling_rl1_c1\raw_runs\map_0245.raw,C:\Users\vchat\Downloads\Vaishnavi_s_Thesis__2_\automation\results_behavior_windows\tonic_bursting\coupling_rl1_c1\raw_runs\map_0245.log,C:\Users\vchat\Downloads\Vaishnavi_s_Thesis__2_\automation\results_behavior_windows\tonic_bursting\coupling_rl1_c1\plots\map_0245.png,,
246,ok,7250.0,5.421612021659072e-08,C:\Users\vchat\Downloads\Vaishnavi_s_Thesis__2_\automation\results_behavior_windows\tonic_bursting\coupling_rl1_c1\raw_runs\map_0246.raw,C:\Users\vchat\Downloads\Vaishnavi_s_Thesis__2_\automation\results_behavior_windows\tonic_bursting\coupling_rl1_c1\raw_runs\map_0246.log,C:\Users\vchat\Downloads\Vaishnavi_s_Thesis__2_\automation\results_behavior_windows\tonic_bursting\coupling_rl1_c1\plots\map_0246.png,,
247,ok,7250.0,6.355343046292877e-08,C:\Users\vchat\Downloads\Vaishnavi_s_Thesis__2_\automation\results_behavior_windows\tonic_bursting\coupling_rl1_c1\raw_runs\map_0247.raw,C:\Users\vchat\Downloads\Vaishnavi_s_Thesis__2_\automation\results_behavior_windows\tonic_bursting\coupling_rl1_c1\raw_runs\map_0247.log,C:\Users\vchat\Downloads\Vaishnavi_s_Thesis__2_\automation\results_behavior_windows\tonic_bursting\coupling_rl1_c1\plots\map_0247.png,,
248,ok,7250.0,7.449884845080326e-08,C:\Users\vchat\Downloads\Vaishnavi_s_Thesis__2_\automation\results_behavior_windows\tonic_bursting\coupling_rl1_c1\raw_runs\map_0248.raw,C:\Users\vchat\Downloads\Vaishnavi_s_Thesis__2_\automation\results_behavior_windows\tonic_bursting\coupling_rl1_c1\raw_runs\map_0248.log,C:\Users\vchat\Downloads\Vaishnavi_s_Thesis__2_\automation\results_behavior_windows\tonic_bursting\coupling_rl1_c1\plots\map_0248.png,,
249,ok,7250.0,8.732932872495618e-08,C:\Users\vchat\Downloads\Vaishnavi_s_Thesis__2_\automation\results_behavior_windows\tonic_bursting\coupling_rl1_c1\raw_runs\map_0249.raw,C:\Users\vchat\Downloads\Vaishnavi_s_Thesis__2_\automation\results_behavior_windows\tonic_bursting\coupling_rl1_c1\raw_runs\map_0249.log,C:\Users\vchat\Downloads\Vaishnavi_s_Thesis__2_\automation\results_behavior_windows\tonic_bursting\coupling_rl1_c1\plots\map_0249.png,,
250,ok,7250.0,1.0236952401469272e-07,C:\Users\vchat\Downloads\Vaishnavi_s_Thesis__2_\automation\results_behavior_windows\tonic_bursting\coupling_rl1_c1\raw_runs\map_0250.raw,C:\Users\vchat\Downloads\Vaishnavi_s_Thesis__2_\automation\results_behavior_windows\tonic_bursting\coupling_rl1_c1\raw_runs\map_0250.log,C:\Users\vchat\Downloads\Vaishnavi_s_Thesis__2_\automation\results_behavior_windows\tonic_bursting\coupling_rl1_c1\plots\map_0250.png,,
251,ok,7250.0,1.2000000000000007e-07,C:\Users\vchat\Downloads\Vaishnavi_s_Thesis__2_\automation\results_behavior_windows\tonic_bursting\coupling_rl1_c1\raw_runs\map_0251.raw,C:\Users\vchat\Downloads\Vaishnavi_s_Thesis__2_\automation\results_behavior_windows\tonic_bursting\coupling_rl1_c1\raw_runs\map_0251.log,C:\Users\vchat\Downloads\Vaishnavi_s_Thesis__2_\automation\results_behavior_windows\tonic_bursting\coupling_rl1_c1\plots\map_0251.png,,
252,ok,7500.0,4.999999999999999e-09,C:\Users\vchat\Downloads\Vaishnavi_s_Thesis__2_\automation\results_behavior_windows\tonic_bursting\coupling_rl1_c1\raw_runs\map_0252.raw,C:\Users\vchat\Downloads\Vaishnavi_s_Thesis__2_\automation\results_behavior_windows\tonic_bursting\coupling_rl1_c1\raw_runs\map_0252.log,C:\Users\vchat\Downloads\Vaishnavi_s_Thesis__2_\automation\results_behavior_windows\tonic_bursting\coupling_rl1_c1\plots\map_0252.png,,
253,ok,7500.0,5.8611193690212385e-09,C:\Users\vchat\Downloads\Vaishnavi_s_Thesis__2_\automation\results_behavior_windows\tonic_bursting\coupling_rl1_c1\raw_runs\map_0253.raw,C:\Users\vchat\Downloads\Vaishnavi_s_Thesis__2_\automation\results_behavior_windows\tonic_bursting\coupling_rl1_c1\raw_runs\map_0253.log,C:\Users\vchat\Downloads\Vaishnavi_s_Thesis__2_\automation\results_behavior_windows\tonic_bursting\coupling_rl1_c1\plots\map_0253.png,,
254,ok,7500.0,6.870544051583186e-09,C:\Users\vchat\Downloads\Vaishnavi_s_Thesis__2_\automation\results_behavior_windows\tonic_bursting\coupling_rl1_c1\raw_runs\map_0254.raw,C:\Users\vchat\Downloads\Vaishnavi_s_Thesis__2_\automation\results_behavior_windows\tonic_bursting\coupling_rl1_c1\raw_runs\map_0254.log,C:\Users\vchat\Downloads\Vaishnavi_s_Thesis__2_\automation\results_behavior_windows\tonic_bursting\coupling_rl1_c1\plots\map_0254.png,,
255,ok,7500.0,8.053815763289574e-09,C:\Users\vchat\Downloads\Vaishnavi_s_Thesis__2_\automation\results_behavior_windows\tonic_bursting\coupling_rl1_c1\raw_runs\map_0255.raw,C:\Users\vchat\Downloads\Vaishnavi_s_Thesis__2_\automation\results_behavior_windows\tonic_bursting\coupling_rl1_c1\raw_runs\map_0255.log,C:\Users\vchat\Downloads\Vaishnavi_s_Thesis__2_\automation\results_behavior_windows\tonic_bursting\coupling_rl1_c1\plots\map_0255.png,,
256,ok,7500.0,9.44087511294902e-09,C:\Users\vchat\Downloads\Vaishnavi_s_Thesis__2_\automation\results_behavior_windows\tonic_bursting\coupling_rl1_c1\raw_runs\map_0256.raw,C:\Users\vchat\Downloads\Vaishnavi_s_Thesis__2_\automation\results_behavior_windows\tonic_bursting\coupling_rl1_c1\raw_runs\map_0256.log,C:\Users\vchat\Downloads\Vaishnavi_s_Thesis__2_\automation\results_behavior_windows\tonic_bursting\coupling_rl1_c1\plots\map_0256.png,,
257,ok,7500.0,1.1066819197003217e-08,C:\Users\vchat\Downloads\Vaishnavi_s_Thesis__2_\automation\results_behavior_windows\tonic_bursting\coupling_rl1_c1\raw_runs\map_0257.raw,C:\Users\vchat\Downloads\Vaishnavi_s_Thesis__2_\automation\results_behavior_windows\tonic_bursting\coupling_rl1_c1\raw_runs\map_0257.log,C:\Users\vchat\Downloads\Vaishnavi_s_Thesis__2_\automation\results_behavior_windows\tonic_bursting\coupling_rl1_c1\plots\map_0257.png,,
258,ok,7500.0,1.2972789669802326e-08,C:\Users\vchat\Downloads\Vaishnavi_s_Thesis__2_\automation\results_behavior_windows\tonic_bursting\coupling_rl1_c1\raw_runs\map_0258.raw,C:\Users\vchat\Downloads\Vaishnavi_s_Thesis__2_\automation\results_behavior_windows\tonic_bursting\coupling_rl1_c1\raw_runs\map_0258.log,C:\Users\vchat\Downloads\Vaishnavi_s_Thesis__2_\automation\results_behavior_windows\tonic_bursting\coupling_rl1_c1\plots\map_0258.png,,
259,ok,7500.0,1.5207013760783413e-08,C:\Users\vchat\Downloads\Vaishnavi_s_Thesis__2_\automation\results_behavior_windows\tonic_bursting\coupling_rl1_c1\raw_runs\map_0259.raw,C:\Users\vchat\Downloads\Vaishnavi_s_Thesis__2_\automation\results_behavior_windows\tonic_bursting\coupling_rl1_c1\raw_runs\map_0259.log,C:\Users\vchat\Downloads\Vaishnavi_s_Thesis__2_\automation\results_behavior_windows\tonic_bursting\coupling_rl1_c1\plots\map_0259.png,,
260,ok,7500.0,1.7826024579660037e-08,C:\Users\vchat\Downloads\Vaishnavi_s_Thesis__2_\automation\results_behavior_windows\tonic_bursting\coupling_rl1_c1\raw_runs\map_0260.raw,C:\Users\vchat\Downloads\Vaishnavi_s_Thesis__2_\automation\results_behavior_windows\tonic_bursting\coupling_rl1_c1\raw_runs\map_0260.log,C:\Users\vchat\Downloads\Vaishnavi_s_Thesis__2_\automation\results_behavior_windows\tonic_bursting\coupling_rl1_c1\plots\map_0260.png,,
261,ok,7500.0,2.0896091587298827e-08,C:\Users\vchat\Downloads\Vaishnavi_s_Thesis__2_\automation\results_behavior_windows\tonic_bursting\coupling_rl1_c1\raw_runs\map_0261.raw,C:\Users\vchat\Downloads\Vaishnavi_s_Thesis__2_\automation\results_behavior_windows\tonic_bursting\coupling_rl1_c1\raw_runs\map_0261.log,C:\Users\vchat\Downloads\Vaishnavi_s_Thesis__2_\automation\results_behavior_windows\tonic_bursting\coupling_rl1_c1\plots\map_0261.png,,
262,ok,7500.0,2.4494897427831788e-08,C:\Users\vchat\Downloads\Vaishnavi_s_Thesis__2_\automation\results_behavior_windows\tonic_bursting\coupling_rl1_c1\raw_runs\map_0262.raw,C:\Users\vchat\Downloads\Vaishnavi_s_Thesis__2_\automation\results_behavior_windows\tonic_bursting\coupling_rl1_c1\raw_runs\map_0262.log,C:\Users\vchat\Downloads\Vaishnavi_s_Thesis__2_\automation\results_behavior_windows\tonic_bursting\coupling_rl1_c1\plots\map_0262.png,,
263,ok,7500.0,2.8713503551290684e-08,C:\Users\vchat\Downloads\Vaishnavi_s_Thesis__2_\automation\results_behavior_windows\tonic_bursting\coupling_rl1_c1\raw_runs\map_0263.raw,C:\Users\vchat\Downloads\Vaishnavi_s_Thesis__2_\automation\results_behavior_windows\tonic_bursting\coupling_rl1_c1\raw_runs\map_0263.log,C:\Users\vchat\Downloads\Vaishnavi_s_Thesis__2_\automation\results_behavior_windows\tonic_bursting\coupling_rl1_c1\plots\map_0263.png,,
264,ok,7500.0,3.3658654363385995e-08,C:\Users\vchat\Downloads\Vaishnavi_s_Thesis__2_\automation\results_behavior_windows\tonic_bursting\coupling_rl1_c1\raw_runs\map_0264.raw,C:\Users\vchat\Downloads\Vaishnavi_s_Thesis__2_\automation\results_behavior_windows\tonic_bursting\coupling_rl1_c1\raw_runs\map_0264.log,C:\Users\vchat\Downloads\Vaishnavi_s_Thesis__2_\automation\results_behavior_windows\tonic_bursting\coupling_rl1_c1\plots\map_0264.png,,
265,ok,7500.0,3.945547820488658e-08,C:\Users\vchat\Downloads\Vaishnavi_s_Thesis__2_\automation\results_behavior_windows\tonic_bursting\coupling_rl1_c1\raw_runs\map_0265.raw,C:\Users\vchat\Downloads\Vaishnavi_s_Thesis__2_\automation\results_behavior_windows\tonic_bursting\coupling_rl1_c1\raw_runs\map_0265.log,C:\Users\vchat\Downloads\Vaishnavi_s_Thesis__2_\automation\results_behavior_windows\tonic_bursting\coupling_rl1_c1\plots\map_0265.png,,
266,ok,7500.0,4.625065350413122e-08,C:\Users\vchat\Downloads\Vaishnavi_s_Thesis__2_\automation\results_behavior_windows\tonic_bursting\coupling_rl1_c1\raw_runs\map_0266.raw,C:\Users\vchat\Downloads\Vaishnavi_s_Thesis__2_\automation\results_behavior_windows\tonic_bursting\coupling_rl1_c1\raw_runs\map_0266.log,C:\Users\vchat\Downloads\Vaishnavi_s_Thesis__2_\automation\results_behavior_windows\tonic_bursting\coupling_rl1_c1\plots\map_0266.png,,
267,ok,7500.0,5.421612021659072e-08,C:\Users\vchat\Downloads\Vaishnavi_s_Thesis__2_\automation\results_behavior_windows\tonic_bursting\coupling_rl1_c1\raw_runs\map_0267.raw,C:\Users\vchat\Downloads\Vaishnavi_s_Thesis__2_\automation\results_behavior_windows\tonic_bursting\coupling_rl1_c1\raw_runs\map_0267.log,C:\Users\vchat\Downloads\Vaishnavi_s_Thesis__2_\automation\results_behavior_windows\tonic_bursting\coupling_rl1_c1\plots\map_0267.png,,
268,ok,7500.0,6.355343046292877e-08,C:\Users\vchat\Downloads\Vaishnavi_s_Thesis__2_\automation\results_behavior_windows\tonic_bursting\coupling_rl1_c1\raw_runs\map_0268.raw,C:\Users\vchat\Downloads\Vaishnavi_s_Thesis__2_\automation\results_behavior_windows\tonic_bursting\coupling_rl1_c1\raw_runs\map_0268.log,C:\Users\vchat\Downloads\Vaishnavi_s_Thesis__2_\automation\results_behavior_windows\tonic_bursting\coupling_rl1_c1\plots\map_0268.png,,
269,ok,7500.0,7.449884845080326e-08,C:\Users\vchat\Downloads\Vaishnavi_s_Thesis__2_\automation\results_behavior_windows\tonic_bursting\coupling_rl1_c1\raw_runs\map_0269.raw,C:\Users\vchat\Downloads\Vaishnavi_s_Thesis__2_\automation\results_behavior_windows\tonic_bursting\coupling_rl1_c1\raw_runs\map_0269.log,C:\Users\vchat\Downloads\Vaishnavi_s_Thesis__2_\automation\results_behavior_windows\tonic_bursting\coupling_rl1_c1\plots\map_0269.png,,
270,ok,7500.0,8.732932872495618e-08,C:\Users\vchat\Downloads\Vaishnavi_s_Thesis__2_\automation\results_behavior_windows\tonic_bursting\coupling_rl1_c1\raw_runs\map_0270.raw,C:\Users\vchat\Downloads\Vaishnavi_s_Thesis__2_\automation\results_behavior_windows\tonic_bursting\coupling_rl1_c1\raw_runs\map_0270.log,C:\Users\vchat\Downloads\Vaishnavi_s_Thesis__2_\automation\results_behavior_windows\tonic_bursting\coupling_rl1_c1\plots\map_0270.png,,
271,ok,7500.0,1.0236952401469272e-07,C:\Users\vchat\Downloads\Vaishnavi_s_Thesis__2_\automation\results_behavior_windows\tonic_bursting\coupling_rl1_c1\raw_runs\map_0271.raw,C:\Users\vchat\Downloads\Vaishnavi_s_Thesis__2_\automation\results_behavior_windows\tonic_bursting\coupling_rl1_c1\raw_runs\map_0271.log,C:\Users\vchat\Downloads\Vaishnavi_s_Thesis__2_\automation\results_behavior_windows\tonic_bursting\coupling_rl1_c1\plots\map_0271.png,,
272,ok,7500.0,1.2000000000000007e-07,C:\Users\vchat\Downloads\Vaishnavi_s_Thesis__2_\automation\results_behavior_windows\tonic_bursting\coupling_rl1_c1\raw_runs\map_0272.raw,C:\Users\vchat\Downloads\Vaishnavi_s_Thesis__2_\automation\results_behavior_windows\tonic_bursting\coupling_rl1_c1\raw_runs\map_0272.log,C:\Users\vchat\Downloads\Vaishnavi_s_Thesis__2_\automation\results_behavior_windows\tonic_bursting\coupling_rl1_c1\plots\map_0272.png,,
273,ok,7750.0,4.999999999999999e-09,C:\Users\vchat\Downloads\Vaishnavi_s_Thesis__2_\automation\results_behavior_windows\tonic_bursting\coupling_rl1_c1\raw_runs\map_0273.raw,C:\Users\vchat\Downloads\Vaishnavi_s_Thesis__2_\automation\results_behavior_windows\tonic_bursting\coupling_rl1_c1\raw_runs\map_0273.log,C:\Users\vchat\Downloads\Vaishnavi_s_Thesis__2_\automation\results_behavior_windows\tonic_bursting\coupling_rl1_c1\plots\map_0273.png,,
274,ok,7750.0,5.8611193690212385e-09,C:\Users\vchat\Downloads\Vaishnavi_s_Thesis__2_\automation\results_behavior_windows\tonic_bursting\coupling_rl1_c1\raw_runs\map_0274.raw,C:\Users\vchat\Downloads\Vaishnavi_s_Thesis__2_\automation\results_behavior_windows\tonic_bursting\coupling_rl1_c1\raw_runs\map_0274.log,C:\Users\vchat\Downloads\Vaishnavi_s_Thesis__2_\automation\results_behavior_windows\tonic_bursting\coupling_rl1_c1\plots\map_0274.png,,
275,ok,7750.0,6.870544051583186e-09,C:\Users\vchat\Downloads\Vaishnavi_s_Thesis__2_\automation\results_behavior_windows\tonic_bursting\coupling_rl1_c1\raw_runs\map_0275.raw,C:\Users\vchat\Downloads\Vaishnavi_s_Thesis__2_\automation\results_behavior_windows\tonic_bursting\coupling_rl1_c1\raw_runs\map_0275.log,C:\Users\vchat\Downloads\Vaishnavi_s_Thesis__2_\automation\results_behavior_windows\tonic_bursting\coupling_rl1_c1\plots\map_0275.png,,
276,ok,7750.0,8.053815763289574e-09,C:\Users\vchat\Downloads\Vaishnavi_s_Thesis__2_\automation\results_behavior_windows\tonic_bursting\coupling_rl1_c1\raw_runs\map_0276.raw,C:\Users\vchat\Downloads\Vaishnavi_s_Thesis__2_\automation\results_behavior_windows\tonic_bursting\coupling_rl1_c1\raw_runs\map_0276.log,C:\Users\vchat\Downloads\Vaishnavi_s_Thesis__2_\automation\results_behavior_windows\tonic_bursting\coupling_rl1_c1\plots\map_0276.png,,
277,ok,7750.0,9.44087511294902e-09,C:\Users\vchat\Downloads\Vaishnavi_s_Thesis__2_\automation\results_behavior_windows\tonic_bursting\coupling_rl1_c1\raw_runs\map_0277.raw,C:\Users\vchat\Downloads\Vaishnavi_s_Thesis__2_\automation\results_behavior_windows\tonic_bursting\coupling_rl1_c1\raw_runs\map_0277.log,C:\Users\vchat\Downloads\Vaishnavi_s_Thesis__2_\automation\results_behavior_windows\tonic_bursting\coupling_rl1_c1\plots\map_0277.png,,
278,ok,7750.0,1.1066819197003217e-08,C:\Users\vchat\Downloads\Vaishnavi_s_Thesis__2_\automation\results_behavior_windows\tonic_bursting\coupling_rl1_c1\raw_runs\map_0278.raw,C:\Users\vchat\Downloads\Vaishnavi_s_Thesis__2_\automation\results_behavior_windows\tonic_bursting\coupling_rl1_c1\raw_runs\map_0278.log,C:\Users\vchat\Downloads\Vaishnavi_s_Thesis__2_\automation\results_behavior_windows\tonic_bursting\coupling_rl1_c1\plots\map_0278.png,,
279,ok,7750.0,1.2972789669802326e-08,C:\Users\vchat\Downloads\Vaishnavi_s_Thesis__2_\automation\results_behavior_windows\tonic_bursting\coupling_rl1_c1\raw_runs\map_0279.raw,C:\Users\vchat\Downloads\Vaishnavi_s_Thesis__2_\automation\results_behavior_windows\tonic_bursting\coupling_rl1_c1\raw_runs\map_0279.log,C:\Users\vchat\Downloads\Vaishnavi_s_Thesis__2_\automation\results_behavior_windows\tonic_bursting\coupling_rl1_c1\plots\map_0279.png,,
280,ok,7750.0,1.5207013760783413e-08,C:\Users\vchat\Downloads\Vaishnavi_s_Thesis__2_\automation\results_behavior_windows\tonic_bursting\coupling_rl1_c1\raw_runs\map_0280.raw,C:\Users\vchat\Downloads\Vaishnavi_s_Thesis__2_\automation\results_behavior_windows\tonic_bursting\coupling_rl1_c1\raw_runs\map_0280.log,C:\Users\vchat\Downloads\Vaishnavi_s_Thesis__2_\automation\results_behavior_windows\tonic_bursting\coupling_rl1_c1\plots\map_0280.png,,
281,ok,7750.0,1.7826024579660037e-08,C:\Users\vchat\Downloads\Vaishnavi_s_Thesis__2_\automation\results_behavior_windows\tonic_bursting\coupling_rl1_c1\raw_runs\map_0281.raw,C:\Users\vchat\Downloads\Vaishnavi_s_Thesis__2_\automation\results_behavior_windows\tonic_bursting\coupling_rl1_c1\raw_runs\map_0281.log,C:\Users\vchat\Downloads\Vaishnavi_s_Thesis__2_\automation\results_behavior_windows\tonic_bursting\coupling_rl1_c1\plots\map_0281.png,,
282,ok,7750.0,2.0896091587298827e-08,C:\Users\vchat\Downloads\Vaishnavi_s_Thesis__2_\automation\results_behavior_windows\tonic_bursting\coupling_rl1_c1\raw_runs\map_0282.raw,C:\Users\vchat\Downloads\Vaishnavi_s_Thesis__2_\automation\results_behavior_windows\tonic_bursting\coupling_rl1_c1\raw_runs\map_0282.log,C:\Users\vchat\Downloads\Vaishnavi_s_Thesis__2_\automation\results_behavior_windows\tonic_bursting\coupling_rl1_c1\plots\map_0282.png,,
283,ok,7750.0,2.4494897427831788e-08,C:\Users\vchat\Downloads\Vaishnavi_s_Thesis__2_\automation\results_behavior_windows\tonic_bursting\coupling_rl1_c1\raw_runs\map_0283.raw,C:\Users\vchat\Downloads\Vaishnavi_s_Thesis__2_\automation\results_behavior_windows\tonic_bursting\coupling_rl1_c1\raw_runs\map_0283.log,C:\Users\vchat\Downloads\Vaishnavi_s_Thesis__2_\automation\results_behavior_windows\tonic_bursting\coupling_rl1_c1\plots\map_0283.png,,
284,ok,7750.0,2.8713503551290684e-08,C:\Users\vchat\Downloads\Vaishnavi_s_Thesis__2_\automation\results_behavior_windows\tonic_bursting\coupling_rl1_c1\raw_runs\map_0284.raw,C:\Users\vchat\Downloads\Vaishnavi_s_Thesis__2_\automation\results_behavior_windows\tonic_bursting\coupling_rl1_c1\raw_runs\map_0284.log,C:\Users\vchat\Downloads\Vaishnavi_s_Thesis__2_\automation\results_behavior_windows\tonic_bursting\coupling_rl1_c1\plots\map_0284.png,,
285,ok,7750.0,3.3658654363385995e-08,C:\Users\vchat\Downloads\Vaishnavi_s_Thesis__2_\automation\results_behavior_windows\tonic_bursting\coupling_rl1_c1\raw_runs\map_0285.raw,C:\Users\vchat\Downloads\Vaishnavi_s_Thesis__2_\automation\results_behavior_windows\tonic_bursting\coupling_rl1_c1\raw_runs\map_0285.log,C:\Users\vchat\Downloads\Vaishnavi_s_Thesis__2_\automation\results_behavior_windows\tonic_bursting\coupling_rl1_c1\plots\map_0285.png,,
286,ok,7750.0,3.945547820488658e-08,C:\Users\vchat\Downloads\Vaishnavi_s_Thesis__2_\automation\results_behavior_windows\tonic_bursting\coupling_rl1_c1\raw_runs\map_0286.raw,C:\Users\vchat\Downloads\Vaishnavi_s_Thesis__2_\automation\results_behavior_windows\tonic_bursting\coupling_rl1_c1\raw_runs\map_0286.log,C:\Users\vchat\Downloads\Vaishnavi_s_Thesis__2_\automation\results_behavior_windows\tonic_bursting\coupling_rl1_c1\plots\map_0286.png,,
287,ok,7750.0,4.625065350413122e-08,C:\Users\vchat\Downloads\Vaishnavi_s_Thesis__2_\automation\results_behavior_windows\tonic_bursting\coupling_rl1_c1\raw_runs\map_0287.raw,C:\Users\vchat\Downloads\Vaishnavi_s_Thesis__2_\automation\results_behavior_windows\tonic_bursting\coupling_rl1_c1\raw_runs\map_0287.log,C:\Users\vchat\Downloads\Vaishnavi_s_Thesis__2_\automation\results_behavior_windows\tonic_bursting\coupling_rl1_c1\plots\map_0287.png,,
288,ok,7750.0,5.421612021659072e-08,C:\Users\vchat\Downloads\Vaishnavi_s_Thesis__2_\automation\results_behavior_windows\tonic_bursting\coupling_rl1_c1\raw_runs\map_0288.raw,C:\Users\vchat\Downloads\Vaishnavi_s_Thesis__2_\automation\results_behavior_windows\tonic_bursting\coupling_rl1_c1\raw_runs\map_0288.log,C:\Users\vchat\Downloads\Vaishnavi_s_Thesis__2_\automation\results_behavior_windows\tonic_bursting\coupling_rl1_c1\plots\map_0288.png,,
289,ok,7750.0,6.355343046292877e-08,C:\Users\vchat\Downloads\Vaishnavi_s_Thesis__2_\automation\results_behavior_windows\tonic_bursting\coupling_rl1_c1\raw_runs\map_0289.raw,C:\Users\vchat\Downloads\Vaishnavi_s_Thesis__2_\automation\results_behavior_windows\tonic_bursting\coupling_rl1_c1\raw_runs\map_0289.log,C:\Users\vchat\Downloads\Vaishnavi_s_Thesis__2_\automation\results_behavior_windows\tonic_bursting\coupling_rl1_c1\plots\map_0289.png,,
290,ok,7750.0,7.449884845080326e-08,C:\Users\vchat\Downloads\Vaishnavi_s_Thesis__2_\automation\results_behavior_windows\tonic_bursting\coupling_rl1_c1\raw_runs\map_0290.raw,C:\Users\vchat\Downloads\Vaishnavi_s_Thesis__2_\automation\results_behavior_windows\tonic_bursting\coupling_rl1_c1\raw_runs\map_0290.log,C:\Users\vchat\Downloads\Vaishnavi_s_Thesis__2_\automation\results_behavior_windows\tonic_bursting\coupling_rl1_c1\plots\map_0290.png,,
291,ok,7750.0,8.732932872495618e-08,C:\Users\vchat\Downloads\Vaishnavi_s_Thesis__2_\automation\results_behavior_windows\tonic_bursting\coupling_rl1_c1\raw_runs\map_0291.raw,C:\Users\vchat\Downloads\Vaishnavi_s_Thesis__2_\automation\results_behavior_windows\tonic_bursting\coupling_rl1_c1\raw_runs\map_0291.log,C:\Users\vchat\Downloads\Vaishnavi_s_Thesis__2_\automation\results_behavior_windows\tonic_bursting\coupling_rl1_c1\plots\map_0291.png,,
292,ok,7750.0,1.0236952401469272e-07,C:\Users\vchat\Downloads\Vaishnavi_s_Thesis__2_\automation\results_behavior_windows\tonic_bursting\coupling_rl1_c1\raw_runs\map_0292.raw,C:\Users\vchat\Downloads\Vaishnavi_s_Thesis__2_\automation\results_behavior_windows\tonic_bursting\coupling_rl1_c1\raw_runs\map_0292.log,C:\Users\vchat\Downloads\Vaishnavi_s_Thesis__2_\automation\results_behavior_windows\tonic_bursting\coupling_rl1_c1\plots\map_0292.png,,
293,ok,7750.0,1.2000000000000007e-07,C:\Users\vchat\Downloads\Vaishnavi_s_Thesis__2_\automation\results_behavior_windows\tonic_bursting\coupling_rl1_c1\raw_runs\map_0293.raw,C:\Users\vchat\Downloads\Vaishnavi_s_Thesis__2_\automation\results_behavior_windows\tonic_bursting\coupling_rl1_c1\raw_runs\map_0293.log,C:\Users\vchat\Downloads\Vaishnavi_s_Thesis__2_\automation\results_behavior_windows\tonic_bursting\coupling_rl1_c1\plots\map_0293.png,,
294,ok,8000.0,4.999999999999999e-09,C:\Users\vchat\Downloads\Vaishnavi_s_Thesis__2_\automation\results_behavior_windows\tonic_bursting\coupling_rl1_c1\raw_runs\map_0294.raw,C:\Users\vchat\Downloads\Vaishnavi_s_Thesis__2_\automation\results_behavior_windows\tonic_bursting\coupling_rl1_c1\raw_runs\map_0294.log,C:\Users\vchat\Downloads\Vaishnavi_s_Thesis__2_\automation\results_behavior_windows\tonic_bursting\coupling_rl1_c1\plots\map_0294.png,,
295,ok,8000.0,5.8611193690212385e-09,C:\Users\vchat\Downloads\Vaishnavi_s_Thesis__2_\automation\results_behavior_windows\tonic_bursting\coupling_rl1_c1\raw_runs\map_0295.raw,C:\Users\vchat\Downloads\Vaishnavi_s_Thesis__2_\automation\results_behavior_windows\tonic_bursting\coupling_rl1_c1\raw_runs\map_0295.log,C:\Users\vchat\Downloads\Vaishnavi_s_Thesis__2_\automation\results_behavior_windows\tonic_bursting\coupling_rl1_c1\plots\map_0295.png,,
296,ok,8000.0,6.870544051583186e-09,C:\Users\vchat\Downloads\Vaishnavi_s_Thesis__2_\automation\results_behavior_windows\tonic_bursting\coupling_rl1_c1\raw_runs\map_0296.raw,C:\Users\vchat\Downloads\Vaishnavi_s_Thesis__2_\automation\results_behavior_windows\tonic_bursting\coupling_rl1_c1\raw_runs\map_0296.log,C:\Users\vchat\Downloads\Vaishnavi_s_Thesis__2_\automation\results_behavior_windows\tonic_bursting\coupling_rl1_c1\plots\map_0296.png,,
297,ok,8000.0,8.053815763289574e-09,C:\Users\vchat\Downloads\Vaishnavi_s_Thesis__2_\automation\results_behavior_windows\tonic_bursting\coupling_rl1_c1\raw_runs\map_0297.raw,C:\Users\vchat\Downloads\Vaishnavi_s_Thesis__2_\automation\results_behavior_windows\tonic_bursting\coupling_rl1_c1\raw_runs\map_0297.log,C:\Users\vchat\Downloads\Vaishnavi_s_Thesis__2_\automation\results_behavior_windows\tonic_bursting\coupling_rl1_c1\plots\map_0297.png,,
298,ok,8000.0,9.44087511294902e-09,C:\Users\vchat\Downloads\Vaishnavi_s_Thesis__2_\automation\results_behavior_windows\tonic_bursting\coupling_rl1_c1\raw_runs\map_0298.raw,C:\Users\vchat\Downloads\Vaishnavi_s_Thesis__2_\automation\results_behavior_windows\tonic_bursting\coupling_rl1_c1\raw_runs\map_0298.log,C:\Users\vchat\Downloads\Vaishnavi_s_Thesis__2_\automation\results_behavior_windows\tonic_bursting\coupling_rl1_c1\plots\map_0298.png,,
299,ok,8000.0,1.1066819197003217e-08,C:\Users\vchat\Downloads\Vaishnavi_s_Thesis__2_\automation\results_behavior_windows\tonic_bursting\coupling_rl1_c1\raw_runs\map_0299.raw,C:\Users\vchat\Downloads\Vaishnavi_s_Thesis__2_\automation\results_behavior_windows\tonic_bursting\coupling_rl1_c1\raw_runs\map_0299.log,C:\Users\vchat\Downloads\Vaishnavi_s_Thesis__2_\automation\results_behavior_windows\tonic_bursting\coupling_rl1_c1\plots\map_0299.png,,
300,ok,8000.0,1.2972789669802326e-08,C:\Users\vchat\Downloads\Vaishnavi_s_Thesis__2_\automation\results_behavior_windows\tonic_bursting\coupling_rl1_c1\raw_runs\map_0300.raw,C:\Users\vchat\Downloads\Vaishnavi_s_Thesis__2_\automation\results_behavior_windows\tonic_bursting\coupling_rl1_c1\raw_runs\map_0300.log,C:\Users\vchat\Downloads\Vaishnavi_s_Thesis__2_\automation\results_behavior_windows\tonic_bursting\coupling_rl1_c1\plots\map_0300.png,,
301,ok,8000.0,1.5207013760783413e-08,C:\Users\vchat\Downloads\Vaishnavi_s_Thesis__2_\automation\results_behavior_windows\tonic_bursting\coupling_rl1_c1\raw_runs\map_0301.raw,C:\Users\vchat\Downloads\Vaishnavi_s_Thesis__2_\automation\results_behavior_windows\tonic_bursting\coupling_rl1_c1\raw_runs\map_0301.log,C:\Users\vchat\Downloads\Vaishnavi_s_Thesis__2_\automation\results_behavior_windows\tonic_bursting\coupling_rl1_c1\plots\map_0301.png,,
302,ok,8000.0,1.7826024579660037e-08,C:\Users\vchat\Downloads\Vaishnavi_s_Thesis__2_\automation\results_behavior_windows\tonic_bursting\coupling_rl1_c1\raw_runs\map_0302.raw,C:\Users\vchat\Downloads\Vaishnavi_s_Thesis__2_\automation\results_behavior_windows\tonic_bursting\coupling_rl1_c1\raw_runs\map_0302.log,C:\Users\vchat\Downloads\Vaishnavi_s_Thesis__2_\automation\results_behavior_windows\tonic_bursting\coupling_rl1_c1\plots\map_0302.png,,
303,ok,8000.0,2.0896091587298827e-08,C:\Users\vchat\Downloads\Vaishnavi_s_Thesis__2_\automation\results_behavior_windows\tonic_bursting\coupling_rl1_c1\raw_runs\map_0303.raw,C:\Users\vchat\Downloads\Vaishnavi_s_Thesis__2_\automation\results_behavior_windows\tonic_bursting\coupling_rl1_c1\raw_runs\map_0303.log,C:\Users\vchat\Downloads\Vaishnavi_s_Thesis__2_\automation\results_behavior_windows\tonic_bursting\coupling_rl1_c1\plots\map_0303.png,,
304,ok,8000.0,2.4494897427831788e-08,C:\Users\vchat\Downloads\Vaishnavi_s_Thesis__2_\automation\results_behavior_windows\tonic_bursting\coupling_rl1_c1\raw_runs\map_0304.raw,C:\Users\vchat\Downloads\Vaishnavi_s_Thesis__2_\automation\results_behavior_windows\tonic_bursting\coupling_rl1_c1\raw_runs\map_0304.log,C:\Users\vchat\Downloads\Vaishnavi_s_Thesis__2_\automation\results_behavior_windows\tonic_bursting\coupling_rl1_c1\plots\map_0304.png,,
305,ok,8000.0,2.8713503551290684e-08,C:\Users\vchat\Downloads\Vaishnavi_s_Thesis__2_\automation\results_behavior_windows\tonic_bursting\coupling_rl1_c1\raw_runs\map_0305.raw,C:\Users\vchat\Downloads\Vaishnavi_s_Thesis__2_\automation\results_behavior_windows\tonic_bursting\coupling_rl1_c1\raw_runs\map_0305.log,C:\Users\vchat\Downloads\Vaishnavi_s_Thesis__2_\automation\results_behavior_windows\tonic_bursting\coupling_rl1_c1\plots\map_0305.png,,
306,ok,8000.0,3.3658654363385995e-08,C:\Users\vchat\Downloads\Vaishnavi_s_Thesis__2_\automation\results_behavior_windows\tonic_bursting\coupling_rl1_c1\raw_runs\map_0306.raw,C:\Users\vchat\Downloads\Vaishnavi_s_Thesis__2_\automation\results_behavior_windows\tonic_bursting\coupling_rl1_c1\raw_runs\map_0306.log,C:\Users\vchat\Downloads\Vaishnavi_s_Thesis__2_\automation\results_behavior_windows\tonic_bursting\coupling_rl1_c1\plots\map_0306.png,,
307,ok,8000.0,3.945547820488658e-08,C:\Users\vchat\Downloads\Vaishnavi_s_Thesis__2_\automation\results_behavior_windows\tonic_bursting\coupling_rl1_c1\raw_runs\map_0307.raw,C:\Users\vchat\Downloads\Vaishnavi_s_Thesis__2_\automation\results_behavior_windows\tonic_bursting\coupling_rl1_c1\raw_runs\map_0307.log,C:\Users\vchat\Downloads\Vaishnavi_s_Thesis__2_\automation\results_behavior_windows\tonic_bursting\coupling_rl1_c1\plots\map_0307.png,,
308,ok,8000.0,4.625065350413122e-08,C:\Users\vchat\Downloads\Vaishnavi_s_Thesis__2_\automation\results_behavior_windows\tonic_bursting\coupling_rl1_c1\raw_runs\map_0308.raw,C:\Users\vchat\Downloads\Vaishnavi_s_Thesis__2_\automation\results_behavior_windows\tonic_bursting\coupling_rl1_c1\raw_runs\map_0308.log,C:\Users\vchat\Downloads\Vaishnavi_s_Thesis__2_\automation\results_behavior_windows\tonic_bursting\coupling_rl1_c1\plots\map_0308.png,,
309,ok,8000.0,5.421612021659072e-08,C:\Users\vchat\Downloads\Vaishnavi_s_Thesis__2_\automation\results_behavior_windows\tonic_bursting\coupling_rl1_c1\raw_runs\map_0309.raw,C:\Users\vchat\Downloads\Vaishnavi_s_Thesis__2_\automation\results_behavior_windows\tonic_bursting\coupling_rl1_c1\raw_runs\map_0309.log,C:\Users\vchat\Downloads\Vaishnavi_s_Thesis__2_\automation\results_behavior_windows\tonic_bursting\coupling_rl1_c1\plots\map_0309.png,,
310,ok,8000.0,6.355343046292877e-08,C:\Users\vchat\Downloads\Vaishnavi_s_Thesis__2_\automation\results_behavior_windows\tonic_bursting\coupling_rl1_c1\raw_runs\map_0310.raw,C:\Users\vchat\Downloads\Vaishnavi_s_Thesis__2_\automation\results_behavior_windows\tonic_bursting\coupling_rl1_c1\raw_runs\map_0310.log,C:\Users\vchat\Downloads\Vaishnavi_s_Thesis__2_\automation\results_behavior_windows\tonic_bursting\coupling_rl1_c1\plots\map_0310.png,,
311,ok,8000.0,7.449884845080326e-08,C:\Users\vchat\Downloads\Vaishnavi_s_Thesis__2_\automation\results_behavior_windows\tonic_bursting\coupling_rl1_c1\raw_runs\map_0311.raw,C:\Users\vchat\Downloads\Vaishnavi_s_Thesis__2_\automation\results_behavior_windows\tonic_bursting\coupling_rl1_c1\raw_runs\map_0311.log,C:\Users\vchat\Downloads\Vaishnavi_s_Thesis__2_\automation\results_behavior_windows\tonic_bursting\coupling_rl1_c1\plots\map_0311.png,,
312,ok,8000.0,8.732932872495618e-08,C:\Users\vchat\Downloads\Vaishnavi_s_Thesis__2_\automation\results_behavior_windows\tonic_bursting\coupling_rl1_c1\raw_runs\map_0312.raw,C:\Users\vchat\Downloads\Vaishnavi_s_Thesis__2_\automation\results_behavior_windows\tonic_bursting\coupling_rl1_c1\raw_runs\map_0312.log,C:\Users\vchat\Downloads\Vaishnavi_s_Thesis__2_\automation\results_behavior_windows\tonic_bursting\coupling_rl1_c1\plots\map_0312.png,,
313,ok,8000.0,1.0236952401469272e-07,C:\Users\vchat\Downloads\Vaishnavi_s_Thesis__2_\automation\results_behavior_windows\tonic_bursting\coupling_rl1_c1\raw_runs\map_0313.raw,C:\Users\vchat\Downloads\Vaishnavi_s_Thesis__2_\automation\results_behavior_windows\tonic_bursting\coupling_rl1_c1\raw_runs\map_0313.log,C:\Users\vchat\Downloads\Vaishnavi_s_Thesis__2_\automation\results_behavior_windows\tonic_bursting\coupling_rl1_c1\plots\map_0313.png,,
314,ok,8000.0,1.2000000000000007e-07,C:\Users\vchat\Downloads\Vaishnavi_s_Thesis__2_\automation\results_behavior_windows\tonic_bursting\coupling_rl1_c1\raw_runs\map_0314.raw,C:\Users\vchat\Downloads\Vaishnavi_s_Thesis__2_\automation\results_behavior_windows\tonic_bursting\coupling_rl1_c1\raw_runs\map_0314.log,C:\Users\vchat\Downloads\Vaishnavi_s_Thesis__2_\automation\results_behavior_windows\tonic_bursting\coupling_rl1_c1\plots\map_0314.png,,
315,ok,8250.0,4.999999999999999e-09,C:\Users\vchat\Downloads\Vaishnavi_s_Thesis__2_\automation\results_behavior_windows\tonic_bursting\coupling_rl1_c1\raw_runs\map_0315.raw,C:\Users\vchat\Downloads\Vaishnavi_s_Thesis__2_\automation\results_behavior_windows\tonic_bursting\coupling_rl1_c1\raw_runs\map_0315.log,C:\Users\vchat\Downloads\Vaishnavi_s_Thesis__2_\automation\results_behavior_windows\tonic_bursting\coupling_rl1_c1\plots\map_0315.png,,
316,ok,8250.0,5.8611193690212385e-09,C:\Users\vchat\Downloads\Vaishnavi_s_Thesis__2_\automation\results_behavior_windows\tonic_bursting\coupling_rl1_c1\raw_runs\map_0316.raw,C:\Users\vchat\Downloads\Vaishnavi_s_Thesis__2_\automation\results_behavior_windows\tonic_bursting\coupling_rl1_c1\raw_runs\map_0316.log,C:\Users\vchat\Downloads\Vaishnavi_s_Thesis__2_\automation\results_behavior_windows\tonic_bursting\coupling_rl1_c1\plots\map_0316.png,,
317,ok,8250.0,6.870544051583186e-09,C:\Users\vchat\Downloads\Vaishnavi_s_Thesis__2_\automation\results_behavior_windows\tonic_bursting\coupling_rl1_c1\raw_runs\map_0317.raw,C:\Users\vchat\Downloads\Vaishnavi_s_Thesis__2_\automation\results_behavior_windows\tonic_bursting\coupling_rl1_c1\raw_runs\map_0317.log,C:\Users\vchat\Downloads\Vaishnavi_s_Thesis__2_\automation\results_behavior_windows\tonic_bursting\coupling_rl1_c1\plots\map_0317.png,,
318,ok,8250.0,8.053815763289574e-09,C:\Users\vchat\Downloads\Vaishnavi_s_Thesis__2_\automation\results_behavior_windows\tonic_bursting\coupling_rl1_c1\raw_runs\map_0318.raw,C:\Users\vchat\Downloads\Vaishnavi_s_Thesis__2_\automation\results_behavior_windows\tonic_bursting\coupling_rl1_c1\raw_runs\map_0318.log,C:\Users\vchat\Downloads\Vaishnavi_s_Thesis__2_\automation\results_behavior_windows\tonic_bursting\coupling_rl1_c1\plots\map_0318.png,,
319,ok,8250.0,9.44087511294902e-09,C:\Users\vchat\Downloads\Vaishnavi_s_Thesis__2_\automation\results_behavior_windows\tonic_bursting\coupling_rl1_c1\raw_runs\map_0319.raw,C:\Users\vchat\Downloads\Vaishnavi_s_Thesis__2_\automation\results_behavior_windows\tonic_bursting\coupling_rl1_c1\raw_runs\map_0319.log,C:\Users\vchat\Downloads\Vaishnavi_s_Thesis__2_\automation\results_behavior_windows\tonic_bursting\coupling_rl1_c1\plots\map_0319.png,,
320,ok,8250.0,1.1066819197003217e-08,C:\Users\vchat\Downloads\Vaishnavi_s_Thesis__2_\automation\results_behavior_windows\tonic_bursting\coupling_rl1_c1\raw_runs\map_0320.raw,C:\Users\vchat\Downloads\Vaishnavi_s_Thesis__2_\automation\results_behavior_windows\tonic_bursting\coupling_rl1_c1\raw_runs\map_0320.log,C:\Users\vchat\Downloads\Vaishnavi_s_Thesis__2_\automation\results_behavior_windows\tonic_bursting\coupling_rl1_c1\plots\map_0320.png,,
321,ok,8250.0,1.2972789669802326e-08,C:\Users\vchat\Downloads\Vaishnavi_s_Thesis__2_\automation\results_behavior_windows\tonic_bursting\coupling_rl1_c1\raw_runs\map_0321.raw,C:\Users\vchat\Downloads\Vaishnavi_s_Thesis__2_\automation\results_behavior_windows\tonic_bursting\coupling_rl1_c1\raw_runs\map_0321.log,C:\Users\vchat\Downloads\Vaishnavi_s_Thesis__2_\automation\results_behavior_windows\tonic_bursting\coupling_rl1_c1\plots\map_0321.png,,
322,ok,8250.0,1.5207013760783413e-08,C:\Users\vchat\Downloads\Vaishnavi_s_Thesis__2_\automation\results_behavior_windows\tonic_bursting\coupling_rl1_c1\raw_runs\map_0322.raw,C:\Users\vchat\Downloads\Vaishnavi_s_Thesis__2_\automation\results_behavior_windows\tonic_bursting\coupling_rl1_c1\raw_runs\map_0322.log,C:\Users\vchat\Downloads\Vaishnavi_s_Thesis__2_\automation\results_behavior_windows\tonic_bursting\coupling_rl1_c1\plots\map_0322.png,,
323,ok,8250.0,1.7826024579660037e-08,C:\Users\vchat\Downloads\Vaishnavi_s_Thesis__2_\automation\results_behavior_windows\tonic_bursting\coupling_rl1_c1\raw_runs\map_0323.raw,C:\Users\vchat\Downloads\Vaishnavi_s_Thesis__2_\automation\results_behavior_windows\tonic_bursting\coupling_rl1_c1\raw_runs\map_0323.log,C:\Users\vchat\Downloads\Vaishnavi_s_Thesis__2_\automation\results_behavior_windows\tonic_bursting\coupling_rl1_c1\plots\map_0323.png,,
324,ok,8250.0,2.0896091587298827e-08,C:\Users\vchat\Downloads\Vaishnavi_s_Thesis__2_\automation\results_behavior_windows\tonic_bursting\coupling_rl1_c1\raw_runs\map_0324.raw,C:\Users\vchat\Downloads\Vaishnavi_s_Thesis__2_\automation\results_behavior_windows\tonic_bursting\coupling_rl1_c1\raw_runs\map_0324.log,C:\Users\vchat\Downloads\Vaishnavi_s_Thesis__2_\automation\results_behavior_windows\tonic_bursting\coupling_rl1_c1\plots\map_0324.png,,
325,ok,8250.0,2.4494897427831788e-08,C:\Users\vchat\Downloads\Vaishnavi_s_Thesis__2_\automation\results_behavior_windows\tonic_bursting\coupling_rl1_c1\raw_runs\map_0325.raw,C:\Users\vchat\Downloads\Vaishnavi_s_Thesis__2_\automation\results_behavior_windows\tonic_bursting\coupling_rl1_c1\raw_runs\map_0325.log,C:\Users\vchat\Downloads\Vaishnavi_s_Thesis__2_\automation\results_behavior_windows\tonic_bursting\coupling_rl1_c1\plots\map_0325.png,,
326,ok,8250.0,2.8713503551290684e-08,C:\Users\vchat\Downloads\Vaishnavi_s_Thesis__2_\automation\results_behavior_windows\tonic_bursting\coupling_rl1_c1\raw_runs\map_0326.raw,C:\Users\vchat\Downloads\Vaishnavi_s_Thesis__2_\automation\results_behavior_windows\tonic_bursting\coupling_rl1_c1\raw_runs\map_0326.log,C:\Users\vchat\Downloads\Vaishnavi_s_Thesis__2_\automation\results_behavior_windows\tonic_bursting\coupling_rl1_c1\plots\map_0326.png,,
327,ok,8250.0,3.3658654363385995e-08,C:\Users\vchat\Downloads\Vaishnavi_s_Thesis__2_\automation\results_behavior_windows\tonic_bursting\coupling_rl1_c1\raw_runs\map_0327.raw,C:\Users\vchat\Downloads\Vaishnavi_s_Thesis__2_\automation\results_behavior_windows\tonic_bursting\coupling_rl1_c1\raw_runs\map_0327.log,C:\Users\vchat\Downloads\Vaishnavi_s_Thesis__2_\automation\results_behavior_windows\tonic_bursting\coupling_rl1_c1\plots\map_0327.png,,
328,ok,8250.0,3.945547820488658e-08,C:\Users\vchat\Downloads\Vaishnavi_s_Thesis__2_\automation\results_behavior_windows\tonic_bursting\coupling_rl1_c1\raw_runs\map_0328.raw,C:\Users\vchat\Downloads\Vaishnavi_s_Thesis__2_\automation\results_behavior_windows\tonic_bursting\coupling_rl1_c1\raw_runs\map_0328.log,C:\Users\vchat\Downloads\Vaishnavi_s_Thesis__2_\automation\results_behavior_windows\tonic_bursting\coupling_rl1_c1\plots\map_0328.png,,
329,ok,8250.0,4.625065350413122e-08,C:\Users\vchat\Downloads\Vaishnavi_s_Thesis__2_\automation\results_behavior_windows\tonic_bursting\coupling_rl1_c1\raw_runs\map_0329.raw,C:\Users\vchat\Downloads\Vaishnavi_s_Thesis__2_\automation\results_behavior_windows\tonic_bursting\coupling_rl1_c1\raw_runs\map_0329.log,C:\Users\vchat\Downloads\Vaishnavi_s_Thesis__2_\automation\results_behavior_windows\tonic_bursting\coupling_rl1_c1\plots\map_0329.png,,
330,ok,8250.0,5.421612021659072e-08,C:\Users\vchat\Downloads\Vaishnavi_s_Thesis__2_\automation\results_behavior_windows\tonic_bursting\coupling_rl1_c1\raw_runs\map_0330.raw,C:\Users\vchat\Downloads\Vaishnavi_s_Thesis__2_\automation\results_behavior_windows\tonic_bursting\coupling_rl1_c1\raw_runs\map_0330.log,C:\Users\vchat\Downloads\Vaishnavi_s_Thesis__2_\automation\results_behavior_windows\tonic_bursting\coupling_rl1_c1\plots\map_0330.png,,
331,ok,8250.0,6.355343046292877e-08,C:\Users\vchat\Downloads\Vaishnavi_s_Thesis__2_\automation\results_behavior_windows\tonic_bursting\coupling_rl1_c1\raw_runs\map_0331.raw,C:\Users\vchat\Downloads\Vaishnavi_s_Thesis__2_\automation\results_behavior_windows\tonic_bursting\coupling_rl1_c1\raw_runs\map_0331.log,C:\Users\vchat\Downloads\Vaishnavi_s_Thesis__2_\automation\results_behavior_windows\tonic_bursting\coupling_rl1_c1\plots\map_0331.png,,
332,ok,8250.0,7.449884845080326e-08,C:\Users\vchat\Downloads\Vaishnavi_s_Thesis__2_\automation\results_behavior_windows\tonic_bursting\coupling_rl1_c1\raw_runs\map_0332.raw,C:\Users\vchat\Downloads\Vaishnavi_s_Thesis__2_\automation\results_behavior_windows\tonic_bursting\coupling_rl1_c1\raw_runs\map_0332.log,C:\Users\vchat\Downloads\Vaishnavi_s_Thesis__2_\automation\results_behavior_windows\tonic_bursting\coupling_rl1_c1\plots\map_0332.png,,
333,ok,8250.0,8.732932872495618e-08,C:\Users\vchat\Downloads\Vaishnavi_s_Thesis__2_\automation\results_behavior_windows\tonic_bursting\coupling_rl1_c1\raw_runs\map_0333.raw,C:\Users\vchat\Downloads\Vaishnavi_s_Thesis__2_\automation\results_behavior_windows\tonic_bursting\coupling_rl1_c1\raw_runs\map_0333.log,C:\Users\vchat\Downloads\Vaishnavi_s_Thesis__2_\automation\results_behavior_windows\tonic_bursting\coupling_rl1_c1\plots\map_0333.png,,
334,ok,8250.0,1.0236952401469272e-07,C:\Users\vchat\Downloads\Vaishnavi_s_Thesis__2_\automation\results_behavior_windows\tonic_bursting\coupling_rl1_c1\raw_runs\map_0334.raw,C:\Users\vchat\Downloads\Vaishnavi_s_Thesis__2_\automation\results_behavior_windows\tonic_bursting\coupling_rl1_c1\raw_runs\map_0334.log,C:\Users\vchat\Downloads\Vaishnavi_s_Thesis__2_\automation\results_behavior_windows\tonic_bursting\coupling_rl1_c1\plots\map_0334.png,,
335,ok,8250.0,1.2000000000000007e-07,C:\Users\vchat\Downloads\Vaishnavi_s_Thesis__2_\automation\results_behavior_windows\tonic_bursting\coupling_rl1_c1\raw_runs\map_0335.raw,C:\Users\vchat\Downloads\Vaishnavi_s_Thesis__2_\automation\results_behavior_windows\tonic_bursting\coupling_rl1_c1\raw_runs\map_0335.log,C:\Users\vchat\Downloads\Vaishnavi_s_Thesis__2_\automation\results_behavior_windows\tonic_bursting\coupling_rl1_c1\plots\map_0335.png,,
336,ok,8500.0,4.999999999999999e-09,C:\Users\vchat\Downloads\Vaishnavi_s_Thesis__2_\automation\results_behavior_windows\tonic_bursting\coupling_rl1_c1\raw_runs\map_0336.raw,C:\Users\vchat\Downloads\Vaishnavi_s_Thesis__2_\automation\results_behavior_windows\tonic_bursting\coupling_rl1_c1\raw_runs\map_0336.log,C:\Users\vchat\Downloads\Vaishnavi_s_Thesis__2_\automation\results_behavior_windows\tonic_bursting\coupling_rl1_c1\plots\map_0336.png,,
337,ok,8500.0,5.8611193690212385e-09,C:\Users\vchat\Downloads\Vaishnavi_s_Thesis__2_\automation\results_behavior_windows\tonic_bursting\coupling_rl1_c1\raw_runs\map_0337.raw,C:\Users\vchat\Downloads\Vaishnavi_s_Thesis__2_\automation\results_behavior_windows\tonic_bursting\coupling_rl1_c1\raw_runs\map_0337.log,C:\Users\vchat\Downloads\Vaishnavi_s_Thesis__2_\automation\results_behavior_windows\tonic_bursting\coupling_rl1_c1\plots\map_0337.png,,
338,ok,8500.0,6.870544051583186e-09,C:\Users\vchat\Downloads\Vaishnavi_s_Thesis__2_\automation\results_behavior_windows\tonic_bursting\coupling_rl1_c1\raw_runs\map_0338.raw,C:\Users\vchat\Downloads\Vaishnavi_s_Thesis__2_\automation\results_behavior_windows\tonic_bursting\coupling_rl1_c1\raw_runs\map_0338.log,C:\Users\vchat\Downloads\Vaishnavi_s_Thesis__2_\automation\results_behavior_windows\tonic_bursting\coupling_rl1_c1\plots\map_0338.png,,
339,ok,8500.0,8.053815763289574e-09,C:\Users\vchat\Downloads\Vaishnavi_s_Thesis__2_\automation\results_behavior_windows\tonic_bursting\coupling_rl1_c1\raw_runs\map_0339.raw,C:\Users\vchat\Downloads\Vaishnavi_s_Thesis__2_\automation\results_behavior_windows\tonic_bursting\coupling_rl1_c1\raw_runs\map_0339.log,C:\Users\vchat\Downloads\Vaishnavi_s_Thesis__2_\automation\results_behavior_windows\tonic_bursting\coupling_rl1_c1\plots\map_0339.png,,
340,ok,8500.0,9.44087511294902e-09,C:\Users\vchat\Downloads\Vaishnavi_s_Thesis__2_\automation\results_behavior_windows\tonic_bursting\coupling_rl1_c1\raw_runs\map_0340.raw,C:\Users\vchat\Downloads\Vaishnavi_s_Thesis__2_\automation\results_behavior_windows\tonic_bursting\coupling_rl1_c1\raw_runs\map_0340.log,C:\Users\vchat\Downloads\Vaishnavi_s_Thesis__2_\automation\results_behavior_windows\tonic_bursting\coupling_rl1_c1\plots\map_0340.png,,
341,ok,8500.0,1.1066819197003217e-08,C:\Users\vchat\Downloads\Vaishnavi_s_Thesis__2_\automation\results_behavior_windows\tonic_bursting\coupling_rl1_c1\raw_runs\map_0341.raw,C:\Users\vchat\Downloads\Vaishnavi_s_Thesis__2_\automation\results_behavior_windows\tonic_bursting\coupling_rl1_c1\raw_runs\map_0341.log,C:\Users\vchat\Downloads\Vaishnavi_s_Thesis__2_\automation\results_behavior_windows\tonic_bursting\coupling_rl1_c1\plots\map_0341.png,,
342,ok,8500.0,1.2972789669802326e-08,C:\Users\vchat\Downloads\Vaishnavi_s_Thesis__2_\automation\results_behavior_windows\tonic_bursting\coupling_rl1_c1\raw_runs\map_0342.raw,C:\Users\vchat\Downloads\Vaishnavi_s_Thesis__2_\automation\results_behavior_windows\tonic_bursting\coupling_rl1_c1\raw_runs\map_0342.log,C:\Users\vchat\Downloads\Vaishnavi_s_Thesis__2_\automation\results_behavior_windows\tonic_bursting\coupling_rl1_c1\plots\map_0342.png,,
343,ok,8500.0,1.5207013760783413e-08,C:\Users\vchat\Downloads\Vaishnavi_s_Thesis__2_\automation\results_behavior_windows\tonic_bursting\coupling_rl1_c1\raw_runs\map_0343.raw,C:\Users\vchat\Downloads\Vaishnavi_s_Thesis__2_\automation\results_behavior_windows\tonic_bursting\coupling_rl1_c1\raw_runs\map_0343.log,C:\Users\vchat\Downloads\Vaishnavi_s_Thesis__2_\automation\results_behavior_windows\tonic_bursting\coupling_rl1_c1\plots\map_0343.png,,
344,ok,8500.0,1.7826024579660037e-08,C:\Users\vchat\Downloads\Vaishnavi_s_Thesis__2_\automation\results_behavior_windows\tonic_bursting\coupling_rl1_c1\raw_runs\map_0344.raw,C:\Users\vchat\Downloads\Vaishnavi_s_Thesis__2_\automation\results_behavior_windows\tonic_bursting\coupling_rl1_c1\raw_runs\map_0344.log,C:\Users\vchat\Downloads\Vaishnavi_s_Thesis__2_\automation\results_behavior_windows\tonic_bursting\coupling_rl1_c1\plots\map_0344.png,,
345,ok,8500.0,2.0896091587298827e-08,C:\Users\vchat\Downloads\Vaishnavi_s_Thesis__2_\automation\results_behavior_windows\tonic_bursting\coupling_rl1_c1\raw_runs\map_0345.raw,C:\Users\vchat\Downloads\Vaishnavi_s_Thesis__2_\automation\results_behavior_windows\tonic_bursting\coupling_rl1_c1\raw_runs\map_0345.log,C:\Users\vchat\Downloads\Vaishnavi_s_Thesis__2_\automation\results_behavior_windows\tonic_bursting\coupling_rl1_c1\plots\map_0345.png,,
346,ok,8500.0,2.4494897427831788e-08,C:\Users\vchat\Downloads\Vaishnavi_s_Thesis__2_\automation\results_behavior_windows\tonic_bursting\coupling_rl1_c1\raw_runs\map_0346.raw,C:\Users\vchat\Downloads\Vaishnavi_s_Thesis__2_\automation\results_behavior_windows\tonic_bursting\coupling_rl1_c1\raw_runs\map_0346.log,C:\Users\vchat\Downloads\Vaishnavi_s_Thesis__2_\automation\results_behavior_windows\tonic_bursting\coupling_rl1_c1\plots\map_0346.png,,
347,ok,8500.0,2.8713503551290684e-08,C:\Users\vchat\Downloads\Vaishnavi_s_Thesis__2_\automation\results_behavior_windows\tonic_bursting\coupling_rl1_c1\raw_runs\map_0347.raw,C:\Users\vchat\Downloads\Vaishnavi_s_Thesis__2_\automation\results_behavior_windows\tonic_bursting\coupling_rl1_c1\raw_runs\map_0347.log,C:\Users\vchat\Downloads\Vaishnavi_s_Thesis__2_\automation\results_behavior_windows\tonic_bursting\coupling_rl1_c1\plots\map_0347.png,,
348,ok,8500.0,3.3658654363385995e-08,C:\Users\vchat\Downloads\Vaishnavi_s_Thesis__2_\automation\results_behavior_windows\tonic_bursting\coupling_rl1_c1\raw_runs\map_0348.raw,C:\Users\vchat\Downloads\Vaishnavi_s_Thesis__2_\automation\results_behavior_windows\tonic_bursting\coupling_rl1_c1\raw_runs\map_0348.log,C:\Users\vchat\Downloads\Vaishnavi_s_Thesis__2_\automation\results_behavior_windows\tonic_bursting\coupling_rl1_c1\plots\map_0348.png,,
349,ok,8500.0,3.945547820488658e-08,C:\Users\vchat\Downloads\Vaishnavi_s_Thesis__2_\automation\results_behavior_windows\tonic_bursting\coupling_rl1_c1\raw_runs\map_0349.raw,C:\Users\vchat\Downloads\Vaishnavi_s_Thesis__2_\automation\results_behavior_windows\tonic_bursting\coupling_rl1_c1\raw_runs\map_0349.log,C:\Users\vchat\Downloads\Vaishnavi_s_Thesis__2_\automation\results_behavior_windows\tonic_bursting\coupling_rl1_c1\plots\map_0349.png,,
350,ok,8500.0,4.625065350413122e-08,C:\Users\vchat\Downloads\Vaishnavi_s_Thesis__2_\automation\results_behavior_windows\tonic_bursting\coupling_rl1_c1\raw_runs\map_0350.raw,C:\Users\vchat\Downloads\Vaishnavi_s_Thesis__2_\automation\results_behavior_windows\tonic_bursting\coupling_rl1_c1\raw_runs\map_0350.log,C:\Users\vchat\Downloads\Vaishnavi_s_Thesis__2_\automation\results_behavior_windows\tonic_bursting\coupling_rl1_c1\plots\map_0350.png,,
351,ok,8500.0,5.421612021659072e-08,C:\Users\vchat\Downloads\Vaishnavi_s_Thesis__2_\automation\results_behavior_windows\tonic_bursting\coupling_rl1_c1\raw_runs\map_0351.raw,C:\Users\vchat\Downloads\Vaishnavi_s_Thesis__2_\automation\results_behavior_windows\tonic_bursting\coupling_rl1_c1\raw_runs\map_0351.log,C:\Users\vchat\Downloads\Vaishnavi_s_Thesis__2_\automation\results_behavior_windows\tonic_bursting\coupling_rl1_c1\plots\map_0351.png,,
352,ok,8500.0,6.355343046292877e-08,C:\Users\vchat\Downloads\Vaishnavi_s_Thesis__2_\automation\results_behavior_windows\tonic_bursting\coupling_rl1_c1\raw_runs\map_0352.raw,C:\Users\vchat\Downloads\Vaishnavi_s_Thesis__2_\automation\results_behavior_windows\tonic_bursting\coupling_rl1_c1\raw_runs\map_0352.log,C:\Users\vchat\Downloads\Vaishnavi_s_Thesis__2_\automation\results_behavior_windows\tonic_bursting\coupling_rl1_c1\plots\map_0352.png,,
353,ok,8500.0,7.449884845080326e-08,C:\Users\vchat\Downloads\Vaishnavi_s_Thesis__2_\automation\results_behavior_windows\tonic_bursting\coupling_rl1_c1\raw_runs\map_0353.raw,C:\Users\vchat\Downloads\Vaishnavi_s_Thesis__2_\automation\results_behavior_windows\tonic_bursting\coupling_rl1_c1\raw_runs\map_0353.log,C:\Users\vchat\Downloads\Vaishnavi_s_Thesis__2_\automation\results_behavior_windows\tonic_bursting\coupling_rl1_c1\plots\map_0353.png,,
354,ok,8500.0,8.732932872495618e-08,C:\Users\vchat\Downloads\Vaishnavi_s_Thesis__2_\automation\results_behavior_windows\tonic_bursting\coupling_rl1_c1\raw_runs\map_0354.raw,C:\Users\vchat\Downloads\Vaishnavi_s_Thesis__2_\automation\results_behavior_windows\tonic_bursting\coupling_rl1_c1\raw_runs\map_0354.log,C:\Users\vchat\Downloads\Vaishnavi_s_Thesis__2_\automation\results_behavior_windows\tonic_bursting\coupling_rl1_c1\plots\map_0354.png,,
355,ok,8500.0,1.0236952401469272e-07,C:\Users\vchat\Downloads\Vaishnavi_s_Thesis__2_\automation\results_behavior_windows\tonic_bursting\coupling_rl1_c1\raw_runs\map_0355.raw,C:\Users\vchat\Downloads\Vaishnavi_s_Thesis__2_\automation\results_behavior_windows\tonic_bursting\coupling_rl1_c1\raw_runs\map_0355.log,C:\Users\vchat\Downloads\Vaishnavi_s_Thesis__2_\automation\results_behavior_windows\tonic_bursting\coupling_rl1_c1\plots\map_0355.png,,
356,ok,8500.0,1.2000000000000007e-07,C:\Users\vchat\Downloads\Vaishnavi_s_Thesis__2_\automation\results_behavior_windows\tonic_bursting\coupling_rl1_c1\raw_runs\map_0356.raw,C:\Users\vchat\Downloads\Vaishnavi_s_Thesis__2_\automation\results_behavior_windows\tonic_bursting\coupling_rl1_c1\raw_runs\map_0356.log,C:\Users\vchat\Downloads\Vaishnavi_s_Thesis__2_\automation\results_behavior_windows\tonic_bursting\coupling_rl1_c1\plots\map_0356.png,,
357,ok,8750.0,4.999999999999999e-09,C:\Users\vchat\Downloads\Vaishnavi_s_Thesis__2_\automation\results_behavior_windows\tonic_bursting\coupling_rl1_c1\raw_runs\map_0357.raw,C:\Users\vchat\Downloads\Vaishnavi_s_Thesis__2_\automation\results_behavior_windows\tonic_bursting\coupling_rl1_c1\raw_runs\map_0357.log,C:\Users\vchat\Downloads\Vaishnavi_s_Thesis__2_\automation\results_behavior_windows\tonic_bursting\coupling_rl1_c1\plots\map_0357.png,,
358,ok,8750.0,5.8611193690212385e-09,C:\Users\vchat\Downloads\Vaishnavi_s_Thesis__2_\automation\results_behavior_windows\tonic_bursting\coupling_rl1_c1\raw_runs\map_0358.raw,C:\Users\vchat\Downloads\Vaishnavi_s_Thesis__2_\automation\results_behavior_windows\tonic_bursting\coupling_rl1_c1\raw_runs\map_0358.log,C:\Users\vchat\Downloads\Vaishnavi_s_Thesis__2_\automation\results_behavior_windows\tonic_bursting\coupling_rl1_c1\plots\map_0358.png,,
359,ok,8750.0,6.870544051583186e-09,C:\Users\vchat\Downloads\Vaishnavi_s_Thesis__2_\automation\results_behavior_windows\tonic_bursting\coupling_rl1_c1\raw_runs\map_0359.raw,C:\Users\vchat\Downloads\Vaishnavi_s_Thesis__2_\automation\results_behavior_windows\tonic_bursting\coupling_rl1_c1\raw_runs\map_0359.log,C:\Users\vchat\Downloads\Vaishnavi_s_Thesis__2_\automation\results_behavior_windows\tonic_bursting\coupling_rl1_c1\plots\map_0359.png,,
360,ok,8750.0,8.053815763289574e-09,C:\Users\vchat\Downloads\Vaishnavi_s_Thesis__2_\automation\results_behavior_windows\tonic_bursting\coupling_rl1_c1\raw_runs\map_0360.raw,C:\Users\vchat\Downloads\Vaishnavi_s_Thesis__2_\automation\results_behavior_windows\tonic_bursting\coupling_rl1_c1\raw_runs\map_0360.log,C:\Users\vchat\Downloads\Vaishnavi_s_Thesis__2_\automation\results_behavior_windows\tonic_bursting\coupling_rl1_c1\plots\map_0360.png,,
361,ok,8750.0,9.44087511294902e-09,C:\Users\vchat\Downloads\Vaishnavi_s_Thesis__2_\automation\results_behavior_windows\tonic_bursting\coupling_rl1_c1\raw_runs\map_0361.raw,C:\Users\vchat\Downloads\Vaishnavi_s_Thesis__2_\automation\results_behavior_windows\tonic_bursting\coupling_rl1_c1\raw_runs\map_0361.log,C:\Users\vchat\Downloads\Vaishnavi_s_Thesis__2_\automation\results_behavior_windows\tonic_bursting\coupling_rl1_c1\plots\map_0361.png,,
362,ok,8750.0,1.1066819197003217e-08,C:\Users\vchat\Downloads\Vaishnavi_s_Thesis__2_\automation\results_behavior_windows\tonic_bursting\coupling_rl1_c1\raw_runs\map_0362.raw,C:\Users\vchat\Downloads\Vaishnavi_s_Thesis__2_\automation\results_behavior_windows\tonic_bursting\coupling_rl1_c1\raw_runs\map_0362.log,C:\Users\vchat\Downloads\Vaishnavi_s_Thesis__2_\automation\results_behavior_windows\tonic_bursting\coupling_rl1_c1\plots\map_0362.png,,
363,ok,8750.0,1.2972789669802326e-08,C:\Users\vchat\Downloads\Vaishnavi_s_Thesis__2_\automation\results_behavior_windows\tonic_bursting\coupling_rl1_c1\raw_runs\map_0363.raw,C:\Users\vchat\Downloads\Vaishnavi_s_Thesis__2_\automation\results_behavior_windows\tonic_bursting\coupling_rl1_c1\raw_runs\map_0363.log,C:\Users\vchat\Downloads\Vaishnavi_s_Thesis__2_\automation\results_behavior_windows\tonic_bursting\coupling_rl1_c1\plots\map_0363.png,,
364,ok,8750.0,1.5207013760783413e-08,C:\Users\vchat\Downloads\Vaishnavi_s_Thesis__2_\automation\results_behavior_windows\tonic_bursting\coupling_rl1_c1\raw_runs\map_0364.raw,C:\Users\vchat\Downloads\Vaishnavi_s_Thesis__2_\automation\results_behavior_windows\tonic_bursting\coupling_rl1_c1\raw_runs\map_0364.log,C:\Users\vchat\Downloads\Vaishnavi_s_Thesis__2_\automation\results_behavior_windows\tonic_bursting\coupling_rl1_c1\plots\map_0364.png,,
365,ok,8750.0,1.7826024579660037e-08,C:\Users\vchat\Downloads\Vaishnavi_s_Thesis__2_\automation\results_behavior_windows\tonic_bursting\coupling_rl1_c1\raw_runs\map_0365.raw,C:\Users\vchat\Downloads\Vaishnavi_s_Thesis__2_\automation\results_behavior_windows\tonic_bursting\coupling_rl1_c1\raw_runs\map_0365.log,C:\Users\vchat\Downloads\Vaishnavi_s_Thesis__2_\automation\results_behavior_windows\tonic_bursting\coupling_rl1_c1\plots\map_0365.png,,
366,ok,8750.0,2.0896091587298827e-08,C:\Users\vchat\Downloads\Vaishnavi_s_Thesis__2_\automation\results_behavior_windows\tonic_bursting\coupling_rl1_c1\raw_runs\map_0366.raw,C:\Users\vchat\Downloads\Vaishnavi_s_Thesis__2_\automation\results_behavior_windows\tonic_bursting\coupling_rl1_c1\raw_runs\map_0366.log,C:\Users\vchat\Downloads\Vaishnavi_s_Thesis__2_\automation\results_behavior_windows\tonic_bursting\coupling_rl1_c1\plots\map_0366.png,,
367,ok,8750.0,2.4494897427831788e-08,C:\Users\vchat\Downloads\Vaishnavi_s_Thesis__2_\automation\results_behavior_windows\tonic_bursting\coupling_rl1_c1\raw_runs\map_0367.raw,C:\Users\vchat\Downloads\Vaishnavi_s_Thesis__2_\automation\results_behavior_windows\tonic_bursting\coupling_rl1_c1\raw_runs\map_0367.log,C:\Users\vchat\Downloads\Vaishnavi_s_Thesis__2_\automation\results_behavior_windows\tonic_bursting\coupling_rl1_c1\plots\map_0367.png,,
368,ok,8750.0,2.8713503551290684e-08,C:\Users\vchat\Downloads\Vaishnavi_s_Thesis__2_\automation\results_behavior_windows\tonic_bursting\coupling_rl1_c1\raw_runs\map_0368.raw,C:\Users\vchat\Downloads\Vaishnavi_s_Thesis__2_\automation\results_behavior_windows\tonic_bursting\coupling_rl1_c1\raw_runs\map_0368.log,C:\Users\vchat\Downloads\Vaishnavi_s_Thesis__2_\automation\results_behavior_windows\tonic_bursting\coupling_rl1_c1\plots\map_0368.png,,
369,ok,8750.0,3.3658654363385995e-08,C:\Users\vchat\Downloads\Vaishnavi_s_Thesis__2_\automation\results_behavior_windows\tonic_bursting\coupling_rl1_c1\raw_runs\map_0369.raw,C:\Users\vchat\Downloads\Vaishnavi_s_Thesis__2_\automation\results_behavior_windows\tonic_bursting\coupling_rl1_c1\raw_runs\map_0369.log,C:\Users\vchat\Downloads\Vaishnavi_s_Thesis__2_\automation\results_behavior_windows\tonic_bursting\coupling_rl1_c1\plots\map_0369.png,,
370,ok,8750.0,3.945547820488658e-08,C:\Users\vchat\Downloads\Vaishnavi_s_Thesis__2_\automation\results_behavior_windows\tonic_bursting\coupling_rl1_c1\raw_runs\map_0370.raw,C:\Users\vchat\Downloads\Vaishnavi_s_Thesis__2_\automation\results_behavior_windows\tonic_bursting\coupling_rl1_c1\raw_runs\map_0370.log,C:\Users\vchat\Downloads\Vaishnavi_s_Thesis__2_\automation\results_behavior_windows\tonic_bursting\coupling_rl1_c1\plots\map_0370.png,,
371,ok,8750.0,4.625065350413122e-08,C:\Users\vchat\Downloads\Vaishnavi_s_Thesis__2_\automation\results_behavior_windows\tonic_bursting\coupling_rl1_c1\raw_runs\map_0371.raw,C:\Users\vchat\Downloads\Vaishnavi_s_Thesis__2_\automation\results_behavior_windows\tonic_bursting\coupling_rl1_c1\raw_runs\map_0371.log,C:\Users\vchat\Downloads\Vaishnavi_s_Thesis__2_\automation\results_behavior_windows\tonic_bursting\coupling_rl1_c1\plots\map_0371.png,,
372,ok,8750.0,5.421612021659072e-08,C:\Users\vchat\Downloads\Vaishnavi_s_Thesis__2_\automation\results_behavior_windows\tonic_bursting\coupling_rl1_c1\raw_runs\map_0372.raw,C:\Users\vchat\Downloads\Vaishnavi_s_Thesis__2_\automation\results_behavior_windows\tonic_bursting\coupling_rl1_c1\raw_runs\map_0372.log,C:\Users\vchat\Downloads\Vaishnavi_s_Thesis__2_\automation\results_behavior_windows\tonic_bursting\coupling_rl1_c1\plots\map_0372.png,,
373,ok,8750.0,6.355343046292877e-08,C:\Users\vchat\Downloads\Vaishnavi_s_Thesis__2_\automation\results_behavior_windows\tonic_bursting\coupling_rl1_c1\raw_runs\map_0373.raw,C:\Users\vchat\Downloads\Vaishnavi_s_Thesis__2_\automation\results_behavior_windows\tonic_bursting\coupling_rl1_c1\raw_runs\map_0373.log,C:\Users\vchat\Downloads\Vaishnavi_s_Thesis__2_\automation\results_behavior_windows\tonic_bursting\coupling_rl1_c1\plots\map_0373.png,,
374,ok,8750.0,7.449884845080326e-08,C:\Users\vchat\Downloads\Vaishnavi_s_Thesis__2_\automation\results_behavior_windows\tonic_bursting\coupling_rl1_c1\raw_runs\map_0374.raw,C:\Users\vchat\Downloads\Vaishnavi_s_Thesis__2_\automation\results_behavior_windows\tonic_bursting\coupling_rl1_c1\raw_runs\map_0374.log,C:\Users\vchat\Downloads\Vaishnavi_s_Thesis__2_\automation\results_behavior_windows\tonic_bursting\coupling_rl1_c1\plots\map_0374.png,,
375,ok,8750.0,8.732932872495618e-08,C:\Users\vchat\Downloads\Vaishnavi_s_Thesis__2_\automation\results_behavior_windows\tonic_bursting\coupling_rl1_c1\raw_runs\map_0375.raw,C:\Users\vchat\Downloads\Vaishnavi_s_Thesis__2_\automation\results_behavior_windows\tonic_bursting\coupling_rl1_c1\raw_runs\map_0375.log,C:\Users\vchat\Downloads\Vaishnavi_s_Thesis__2_\automation\results_behavior_windows\tonic_bursting\coupling_rl1_c1\plots\map_0375.png,,
376,ok,8750.0,1.0236952401469272e-07,C:\Users\vchat\Downloads\Vaishnavi_s_Thesis__2_\automation\results_behavior_windows\tonic_bursting\coupling_rl1_c1\raw_runs\map_0376.raw,C:\Users\vchat\Downloads\Vaishnavi_s_Thesis__2_\automation\results_behavior_windows\tonic_bursting\coupling_rl1_c1\raw_runs\map_0376.log,C:\Users\vchat\Downloads\Vaishnavi_s_Thesis__2_\automation\results_behavior_windows\tonic_bursting\coupling_rl1_c1\plots\map_0376.png,,
377,ok,8750.0,1.2000000000000007e-07,C:\Users\vchat\Downloads\Vaishnavi_s_Thesis__2_\automation\results_behavior_windows\tonic_bursting\coupling_rl1_c1\raw_runs\map_0377.raw,C:\Users\vchat\Downloads\Vaishnavi_s_Thesis__2_\automation\results_behavior_windows\tonic_bursting\coupling_rl1_c1\raw_runs\map_0377.log,C:\Users\vchat\Downloads\Vaishnavi_s_Thesis__2_\automation\results_behavior_windows\tonic_bursting\coupling_rl1_c1\plots\map_0377.png,,
378,ok,9000.0,4.999999999999999e-09,C:\Users\vchat\Downloads\Vaishnavi_s_Thesis__2_\automation\results_behavior_windows\tonic_bursting\coupling_rl1_c1\raw_runs\map_0378.raw,C:\Users\vchat\Downloads\Vaishnavi_s_Thesis__2_\automation\results_behavior_windows\tonic_bursting\coupling_rl1_c1\raw_runs\map_0378.log,C:\Users\vchat\Downloads\Vaishnavi_s_Thesis__2_\automation\results_behavior_windows\tonic_bursting\coupling_rl1_c1\plots\map_0378.png,,
379,ok,9000.0,5.8611193690212385e-09,C:\Users\vchat\Downloads\Vaishnavi_s_Thesis__2_\automation\results_behavior_windows\tonic_bursting\coupling_rl1_c1\raw_runs\map_0379.raw,C:\Users\vchat\Downloads\Vaishnavi_s_Thesis__2_\automation\results_behavior_windows\tonic_bursting\coupling_rl1_c1\raw_runs\map_0379.log,C:\Users\vchat\Downloads\Vaishnavi_s_Thesis__2_\automation\results_behavior_windows\tonic_bursting\coupling_rl1_c1\plots\map_0379.png,,
380,ok,9000.0,6.870544051583186e-09,C:\Users\vchat\Downloads\Vaishnavi_s_Thesis__2_\automation\results_behavior_windows\tonic_bursting\coupling_rl1_c1\raw_runs\map_0380.raw,C:\Users\vchat\Downloads\Vaishnavi_s_Thesis__2_\automation\results_behavior_windows\tonic_bursting\coupling_rl1_c1\raw_runs\map_0380.log,C:\Users\vchat\Downloads\Vaishnavi_s_Thesis__2_\automation\results_behavior_windows\tonic_bursting\coupling_rl1_c1\plots\map_0380.png,,
381,ok,9000.0,8.053815763289574e-09,C:\Users\vchat\Downloads\Vaishnavi_s_Thesis__2_\automation\results_behavior_windows\tonic_bursting\coupling_rl1_c1\raw_runs\map_0381.raw,C:\Users\vchat\Downloads\Vaishnavi_s_Thesis__2_\automation\results_behavior_windows\tonic_bursting\coupling_rl1_c1\raw_runs\map_0381.log,C:\Users\vchat\Downloads\Vaishnavi_s_Thesis__2_\automation\results_behavior_windows\tonic_bursting\coupling_rl1_c1\plots\map_0381.png,,
382,ok,9000.0,9.44087511294902e-09,C:\Users\vchat\Downloads\Vaishnavi_s_Thesis__2_\automation\results_behavior_windows\tonic_bursting\coupling_rl1_c1\raw_runs\map_0382.raw,C:\Users\vchat\Downloads\Vaishnavi_s_Thesis__2_\automation\results_behavior_windows\tonic_bursting\coupling_rl1_c1\raw_runs\map_0382.log,C:\Users\vchat\Downloads\Vaishnavi_s_Thesis__2_\automation\results_behavior_windows\tonic_bursting\coupling_rl1_c1\plots\map_0382.png,,
383,ok,9000.0,1.1066819197003217e-08,C:\Users\vchat\Downloads\Vaishnavi_s_Thesis__2_\automation\results_behavior_windows\tonic_bursting\coupling_rl1_c1\raw_runs\map_0383.raw,C:\Users\vchat\Downloads\Vaishnavi_s_Thesis__2_\automation\results_behavior_windows\tonic_bursting\coupling_rl1_c1\raw_runs\map_0383.log,C:\Users\vchat\Downloads\Vaishnavi_s_Thesis__2_\automation\results_behavior_windows\tonic_bursting\coupling_rl1_c1\plots\map_0383.png,,
384,ok,9000.0,1.2972789669802326e-08,C:\Users\vchat\Downloads\Vaishnavi_s_Thesis__2_\automation\results_behavior_windows\tonic_bursting\coupling_rl1_c1\raw_runs\map_0384.raw,C:\Users\vchat\Downloads\Vaishnavi_s_Thesis__2_\automation\results_behavior_windows\tonic_bursting\coupling_rl1_c1\raw_runs\map_0384.log,C:\Users\vchat\Downloads\Vaishnavi_s_Thesis__2_\automation\results_behavior_windows\tonic_bursting\coupling_rl1_c1\plots\map_0384.png,,
385,ok,9000.0,1.5207013760783413e-08,C:\Users\vchat\Downloads\Vaishnavi_s_Thesis__2_\automation\results_behavior_windows\tonic_bursting\coupling_rl1_c1\raw_runs\map_0385.raw,C:\Users\vchat\Downloads\Vaishnavi_s_Thesis__2_\automation\results_behavior_windows\tonic_bursting\coupling_rl1_c1\raw_runs\map_0385.log,C:\Users\vchat\Downloads\Vaishnavi_s_Thesis__2_\automation\results_behavior_windows\tonic_bursting\coupling_rl1_c1\plots\map_0385.png,,
386,ok,9000.0,1.7826024579660037e-08,C:\Users\vchat\Downloads\Vaishnavi_s_Thesis__2_\automation\results_behavior_windows\tonic_bursting\coupling_rl1_c1\raw_runs\map_0386.raw,C:\Users\vchat\Downloads\Vaishnavi_s_Thesis__2_\automation\results_behavior_windows\tonic_bursting\coupling_rl1_c1\raw_runs\map_0386.log,C:\Users\vchat\Downloads\Vaishnavi_s_Thesis__2_\automation\results_behavior_windows\tonic_bursting\coupling_rl1_c1\plots\map_0386.png,,
387,ok,9000.0,2.0896091587298827e-08,C:\Users\vchat\Downloads\Vaishnavi_s_Thesis__2_\automation\results_behavior_windows\tonic_bursting\coupling_rl1_c1\raw_runs\map_0387.raw,C:\Users\vchat\Downloads\Vaishnavi_s_Thesis__2_\automation\results_behavior_windows\tonic_bursting\coupling_rl1_c1\raw_runs\map_0387.log,C:\Users\vchat\Downloads\Vaishnavi_s_Thesis__2_\automation\results_behavior_windows\tonic_bursting\coupling_rl1_c1\plots\map_0387.png,,
388,ok,9000.0,2.4494897427831788e-08,C:\Users\vchat\Downloads\Vaishnavi_s_Thesis__2_\automation\results_behavior_windows\tonic_bursting\coupling_rl1_c1\raw_runs\map_0388.raw,C:\Users\vchat\Downloads\Vaishnavi_s_Thesis__2_\automation\results_behavior_windows\tonic_bursting\coupling_rl1_c1\raw_runs\map_0388.log,C:\Users\vchat\Downloads\Vaishnavi_s_Thesis__2_\automation\results_behavior_windows\tonic_bursting\coupling_rl1_c1\plots\map_0388.png,,
389,ok,9000.0,2.8713503551290684e-08,C:\Users\vchat\Downloads\Vaishnavi_s_Thesis__2_\automation\results_behavior_windows\tonic_bursting\coupling_rl1_c1\raw_runs\map_0389.raw,C:\Users\vchat\Downloads\Vaishnavi_s_Thesis__2_\automation\results_behavior_windows\tonic_bursting\coupling_rl1_c1\raw_runs\map_0389.log,C:\Users\vchat\Downloads\Vaishnavi_s_Thesis__2_\automation\results_behavior_windows\tonic_bursting\coupling_rl1_c1\plots\map_0389.png,,
390,ok,9000.0,3.3658654363385995e-08,C:\Users\vchat\Downloads\Vaishnavi_s_Thesis__2_\automation\results_behavior_windows\tonic_bursting\coupling_rl1_c1\raw_runs\map_0390.raw,C:\Users\vchat\Downloads\Vaishnavi_s_Thesis__2_\automation\results_behavior_windows\tonic_bursting\coupling_rl1_c1\raw_runs\map_0390.log,C:\Users\vchat\Downloads\Vaishnavi_s_Thesis__2_\automation\results_behavior_windows\tonic_bursting\coupling_rl1_c1\plots\map_0390.png,,
391,ok,9000.0,3.945547820488658e-08,C:\Users\vchat\Downloads\Vaishnavi_s_Thesis__2_\automation\results_behavior_windows\tonic_bursting\coupling_rl1_c1\raw_runs\map_0391.raw,C:\Users\vchat\Downloads\Vaishnavi_s_Thesis__2_\automation\results_behavior_windows\tonic_bursting\coupling_rl1_c1\raw_runs\map_0391.log,C:\Users\vchat\Downloads\Vaishnavi_s_Thesis__2_\automation\results_behavior_windows\tonic_bursting\coupling_rl1_c1\plots\map_0391.png,,
392,ok,9000.0,4.625065350413122e-08,C:\Users\vchat\Downloads\Vaishnavi_s_Thesis__2_\automation\results_behavior_windows\tonic_bursting\coupling_rl1_c1\raw_runs\map_0392.raw,C:\Users\vchat\Downloads\Vaishnavi_s_Thesis__2_\automation\results_behavior_windows\tonic_bursting\coupling_rl1_c1\raw_runs\map_0392.log,C:\Users\vchat\Downloads\Vaishnavi_s_Thesis__2_\automation\results_behavior_windows\tonic_bursting\coupling_rl1_c1\plots\map_0392.png,,
393,ok,9000.0,5.421612021659072e-08,C:\Users\vchat\Downloads\Vaishnavi_s_Thesis__2_\automation\results_behavior_windows\tonic_bursting\coupling_rl1_c1\raw_runs\map_0393.raw,C:\Users\vchat\Downloads\Vaishnavi_s_Thesis__2_\automation\results_behavior_windows\tonic_bursting\coupling_rl1_c1\raw_runs\map_0393.log,C:\Users\vchat\Downloads\Vaishnavi_s_Thesis__2_\automation\results_behavior_windows\tonic_bursting\coupling_rl1_c1\plots\map_0393.png,,
394,ok,9000.0,6.355343046292877e-08,C:\Users\vchat\Downloads\Vaishnavi_s_Thesis__2_\automation\results_behavior_windows\tonic_bursting\coupling_rl1_c1\raw_runs\map_0394.raw,C:\Users\vchat\Downloads\Vaishnavi_s_Thesis__2_\automation\results_behavior_windows\tonic_bursting\coupling_rl1_c1\raw_runs\map_0394.log,C:\Users\vchat\Downloads\Vaishnavi_s_Thesis__2_\automation\results_behavior_windows\tonic_bursting\coupling_rl1_c1\plots\map_0394.png,,
395,ok,9000.0,7.449884845080326e-08,C:\Users\vchat\Downloads\Vaishnavi_s_Thesis__2_\automation\results_behavior_windows\tonic_bursting\coupling_rl1_c1\raw_runs\map_0395.raw,C:\Users\vchat\Downloads\Vaishnavi_s_Thesis__2_\automation\results_behavior_windows\tonic_bursting\coupling_rl1_c1\raw_runs\map_0395.log,C:\Users\vchat\Downloads\Vaishnavi_s_Thesis__2_\automation\results_behavior_windows\tonic_bursting\coupling_rl1_c1\plots\map_0395.png,,
396,ok,9000.0,8.732932872495618e-08,C:\Users\vchat\Downloads\Vaishnavi_s_Thesis__2_\automation\results_behavior_windows\tonic_bursting\coupling_rl1_c1\raw_runs\map_0396.raw,C:\Users\vchat\Downloads\Vaishnavi_s_Thesis__2_\automation\results_behavior_windows\tonic_bursting\coupling_rl1_c1\raw_runs\map_0396.log,C:\Users\vchat\Downloads\Vaishnavi_s_Thesis__2_\automation\results_behavior_windows\tonic_bursting\coupling_rl1_c1\plots\map_0396.png,,
397,ok,9000.0,1.0236952401469272e-07,C:\Users\vchat\Downloads\Vaishnavi_s_Thesis__2_\automation\results_behavior_windows\tonic_bursting\coupling_rl1_c1\raw_runs\map_0397.raw,C:\Users\vchat\Downloads\Vaishnavi_s_Thesis__2_\automation\results_behavior_windows\tonic_bursting\coupling_rl1_c1\raw_runs\map_0397.log,C:\Users\vchat\Downloads\Vaishnavi_s_Thesis__2_\automation\results_behavior_windows\tonic_bursting\coupling_rl1_c1\plots\map_0397.png,,
398,ok,9000.0,1.2000000000000007e-07,C:\Users\vchat\Downloads\Vaishnavi_s_Thesis__2_\automation\results_behavior_windows\tonic_bursting\coupling_rl1_c1\raw_runs\map_0398.raw,C:\Users\vchat\Downloads\Vaishnavi_s_Thesis__2_\automation\results_behavior_windows\tonic_bursting\coupling_rl1_c1\raw_runs\map_0398.log,C:\Users\vchat\Downloads\Vaishnavi_s_Thesis__2_\automation\results_behavior_windows\tonic_bursting\coupling_rl1_c1\plots\map_0398.png,,
399,ok,9250.0,4.999999999999999e-09,C:\Users\vchat\Downloads\Vaishnavi_s_Thesis__2_\automation\results_behavior_windows\tonic_bursting\coupling_rl1_c1\raw_runs\map_0399.raw,C:\Users\vchat\Downloads\Vaishnavi_s_Thesis__2_\automation\results_behavior_windows\tonic_bursting\coupling_rl1_c1\raw_runs\map_0399.log,C:\Users\vchat\Downloads\Vaishnavi_s_Thesis__2_\automation\results_behavior_windows\tonic_bursting\coupling_rl1_c1\plots\map_0399.png,,
400,ok,9250.0,5.8611193690212385e-09,C:\Users\vchat\Downloads\Vaishnavi_s_Thesis__2_\automation\results_behavior_windows\tonic_bursting\coupling_rl1_c1\raw_runs\map_0400.raw,C:\Users\vchat\Downloads\Vaishnavi_s_Thesis__2_\automation\results_behavior_windows\tonic_bursting\coupling_rl1_c1\raw_runs\map_0400.log,C:\Users\vchat\Downloads\Vaishnavi_s_Thesis__2_\automation\results_behavior_windows\tonic_bursting\coupling_rl1_c1\plots\map_0400.png,,
401,ok,9250.0,6.870544051583186e-09,C:\Users\vchat\Downloads\Vaishnavi_s_Thesis__2_\automation\results_behavior_windows\tonic_bursting\coupling_rl1_c1\raw_runs\map_0401.raw,C:\Users\vchat\Downloads\Vaishnavi_s_Thesis__2_\automation\results_behavior_windows\tonic_bursting\coupling_rl1_c1\raw_runs\map_0401.log,C:\Users\vchat\Downloads\Vaishnavi_s_Thesis__2_\automation\results_behavior_windows\tonic_bursting\coupling_rl1_c1\plots\map_0401.png,,
402,ok,9250.0,8.053815763289574e-09,C:\Users\vchat\Downloads\Vaishnavi_s_Thesis__2_\automation\results_behavior_windows\tonic_bursting\coupling_rl1_c1\raw_runs\map_0402.raw,C:\Users\vchat\Downloads\Vaishnavi_s_Thesis__2_\automation\results_behavior_windows\tonic_bursting\coupling_rl1_c1\raw_runs\map_0402.log,C:\Users\vchat\Downloads\Vaishnavi_s_Thesis__2_\automation\results_behavior_windows\tonic_bursting\coupling_rl1_c1\plots\map_0402.png,,
403,ok,9250.0,9.44087511294902e-09,C:\Users\vchat\Downloads\Vaishnavi_s_Thesis__2_\automation\results_behavior_windows\tonic_bursting\coupling_rl1_c1\raw_runs\map_0403.raw,C:\Users\vchat\Downloads\Vaishnavi_s_Thesis__2_\automation\results_behavior_windows\tonic_bursting\coupling_rl1_c1\raw_runs\map_0403.log,C:\Users\vchat\Downloads\Vaishnavi_s_Thesis__2_\automation\results_behavior_windows\tonic_bursting\coupling_rl1_c1\plots\map_0403.png,,
404,ok,9250.0,1.1066819197003217e-08,C:\Users\vchat\Downloads\Vaishnavi_s_Thesis__2_\automation\results_behavior_windows\tonic_bursting\coupling_rl1_c1\raw_runs\map_0404.raw,C:\Users\vchat\Downloads\Vaishnavi_s_Thesis__2_\automation\results_behavior_windows\tonic_bursting\coupling_rl1_c1\raw_runs\map_0404.log,C:\Users\vchat\Downloads\Vaishnavi_s_Thesis__2_\automation\results_behavior_windows\tonic_bursting\coupling_rl1_c1\plots\map_0404.png,,
405,ok,9250.0,1.2972789669802326e-08,C:\Users\vchat\Downloads\Vaishnavi_s_Thesis__2_\automation\results_behavior_windows\tonic_bursting\coupling_rl1_c1\raw_runs\map_0405.raw,C:\Users\vchat\Downloads\Vaishnavi_s_Thesis__2_\automation\results_behavior_windows\tonic_bursting\coupling_rl1_c1\raw_runs\map_0405.log,C:\Users\vchat\Downloads\Vaishnavi_s_Thesis__2_\automation\results_behavior_windows\tonic_bursting\coupling_rl1_c1\plots\map_0405.png,,
406,ok,9250.0,1.5207013760783413e-08,C:\Users\vchat\Downloads\Vaishnavi_s_Thesis__2_\automation\results_behavior_windows\tonic_bursting\coupling_rl1_c1\raw_runs\map_0406.raw,C:\Users\vchat\Downloads\Vaishnavi_s_Thesis__2_\automation\results_behavior_windows\tonic_bursting\coupling_rl1_c1\raw_runs\map_0406.log,C:\Users\vchat\Downloads\Vaishnavi_s_Thesis__2_\automation\results_behavior_windows\tonic_bursting\coupling_rl1_c1\plots\map_0406.png,,
407,ok,9250.0,1.7826024579660037e-08,C:\Users\vchat\Downloads\Vaishnavi_s_Thesis__2_\automation\results_behavior_windows\tonic_bursting\coupling_rl1_c1\raw_runs\map_0407.raw,C:\Users\vchat\Downloads\Vaishnavi_s_Thesis__2_\automation\results_behavior_windows\tonic_bursting\coupling_rl1_c1\raw_runs\map_0407.log,C:\Users\vchat\Downloads\Vaishnavi_s_Thesis__2_\automation\results_behavior_windows\tonic_bursting\coupling_rl1_c1\plots\map_0407.png,,
408,ok,9250.0,2.0896091587298827e-08,C:\Users\vchat\Downloads\Vaishnavi_s_Thesis__2_\automation\results_behavior_windows\tonic_bursting\coupling_rl1_c1\raw_runs\map_0408.raw,C:\Users\vchat\Downloads\Vaishnavi_s_Thesis__2_\automation\results_behavior_windows\tonic_bursting\coupling_rl1_c1\raw_runs\map_0408.log,C:\Users\vchat\Downloads\Vaishnavi_s_Thesis__2_\automation\results_behavior_windows\tonic_bursting\coupling_rl1_c1\plots\map_0408.png,,
409,ok,9250.0,2.4494897427831788e-08,C:\Users\vchat\Downloads\Vaishnavi_s_Thesis__2_\automation\results_behavior_windows\tonic_bursting\coupling_rl1_c1\raw_runs\map_0409.raw,C:\Users\vchat\Downloads\Vaishnavi_s_Thesis__2_\automation\results_behavior_windows\tonic_bursting\coupling_rl1_c1\raw_runs\map_0409.log,C:\Users\vchat\Downloads\Vaishnavi_s_Thesis__2_\automation\results_behavior_windows\tonic_bursting\coupling_rl1_c1\plots\map_0409.png,,
410,ok,9250.0,2.8713503551290684e-08,C:\Users\vchat\Downloads\Vaishnavi_s_Thesis__2_\automation\results_behavior_windows\tonic_bursting\coupling_rl1_c1\raw_runs\map_0410.raw,C:\Users\vchat\Downloads\Vaishnavi_s_Thesis__2_\automation\results_behavior_windows\tonic_bursting\coupling_rl1_c1\raw_runs\map_0410.log,C:\Users\vchat\Downloads\Vaishnavi_s_Thesis__2_\automation\results_behavior_windows\tonic_bursting\coupling_rl1_c1\plots\map_0410.png,,
411,ok,9250.0,3.3658654363385995e-08,C:\Users\vchat\Downloads\Vaishnavi_s_Thesis__2_\automation\results_behavior_windows\tonic_bursting\coupling_rl1_c1\raw_runs\map_0411.raw,C:\Users\vchat\Downloads\Vaishnavi_s_Thesis__2_\automation\results_behavior_windows\tonic_bursting\coupling_rl1_c1\raw_runs\map_0411.log,C:\Users\vchat\Downloads\Vaishnavi_s_Thesis__2_\automation\results_behavior_windows\tonic_bursting\coupling_rl1_c1\plots\map_0411.png,,
412,ok,9250.0,3.945547820488658e-08,C:\Users\vchat\Downloads\Vaishnavi_s_Thesis__2_\automation\results_behavior_windows\tonic_bursting\coupling_rl1_c1\raw_runs\map_0412.raw,C:\Users\vchat\Downloads\Vaishnavi_s_Thesis__2_\automation\results_behavior_windows\tonic_bursting\coupling_rl1_c1\raw_runs\map_0412.log,C:\Users\vchat\Downloads\Vaishnavi_s_Thesis__2_\automation\results_behavior_windows\tonic_bursting\coupling_rl1_c1\plots\map_0412.png,,
413,ok,9250.0,4.625065350413122e-08,C:\Users\vchat\Downloads\Vaishnavi_s_Thesis__2_\automation\results_behavior_windows\tonic_bursting\coupling_rl1_c1\raw_runs\map_0413.raw,C:\Users\vchat\Downloads\Vaishnavi_s_Thesis__2_\automation\results_behavior_windows\tonic_bursting\coupling_rl1_c1\raw_runs\map_0413.log,C:\Users\vchat\Downloads\Vaishnavi_s_Thesis__2_\automation\results_behavior_windows\tonic_bursting\coupling_rl1_c1\plots\map_0413.png,,
414,ok,9250.0,5.421612021659072e-08,C:\Users\vchat\Downloads\Vaishnavi_s_Thesis__2_\automation\results_behavior_windows\tonic_bursting\coupling_rl1_c1\raw_runs\map_0414.raw,C:\Users\vchat\Downloads\Vaishnavi_s_Thesis__2_\automation\results_behavior_windows\tonic_bursting\coupling_rl1_c1\raw_runs\map_0414.log,C:\Users\vchat\Downloads\Vaishnavi_s_Thesis__2_\automation\results_behavior_windows\tonic_bursting\coupling_rl1_c1\plots\map_0414.png,,
415,ok,9250.0,6.355343046292877e-08,C:\Users\vchat\Downloads\Vaishnavi_s_Thesis__2_\automation\results_behavior_windows\tonic_bursting\coupling_rl1_c1\raw_runs\map_0415.raw,C:\Users\vchat\Downloads\Vaishnavi_s_Thesis__2_\automation\results_behavior_windows\tonic_bursting\coupling_rl1_c1\raw_runs\map_0415.log,C:\Users\vchat\Downloads\Vaishnavi_s_Thesis__2_\automation\results_behavior_windows\tonic_bursting\coupling_rl1_c1\plots\map_0415.png,,
416,ok,9250.0,7.449884845080326e-08,C:\Users\vchat\Downloads\Vaishnavi_s_Thesis__2_\automation\results_behavior_windows\tonic_bursting\coupling_rl1_c1\raw_runs\map_0416.raw,C:\Users\vchat\Downloads\Vaishnavi_s_Thesis__2_\automation\results_behavior_windows\tonic_bursting\coupling_rl1_c1\raw_runs\map_0416.log,C:\Users\vchat\Downloads\Vaishnavi_s_Thesis__2_\automation\results_behavior_windows\tonic_bursting\coupling_rl1_c1\plots\map_0416.png,,
417,ok,9250.0,8.732932872495618e-08,C:\Users\vchat\Downloads\Vaishnavi_s_Thesis__2_\automation\results_behavior_windows\tonic_bursting\coupling_rl1_c1\raw_runs\map_0417.raw,C:\Users\vchat\Downloads\Vaishnavi_s_Thesis__2_\automation\results_behavior_windows\tonic_bursting\coupling_rl1_c1\raw_runs\map_0417.log,C:\Users\vchat\Downloads\Vaishnavi_s_Thesis__2_\automation\results_behavior_windows\tonic_bursting\coupling_rl1_c1\plots\map_0417.png,,
418,ok,9250.0,1.0236952401469272e-07,C:\Users\vchat\Downloads\Vaishnavi_s_Thesis__2_\automation\results_behavior_windows\tonic_bursting\coupling_rl1_c1\raw_runs\map_0418.raw,C:\Users\vchat\Downloads\Vaishnavi_s_Thesis__2_\automation\results_behavior_windows\tonic_bursting\coupling_rl1_c1\raw_runs\map_0418.log,C:\Users\vchat\Downloads\Vaishnavi_s_Thesis__2_\automation\results_behavior_windows\tonic_bursting\coupling_rl1_c1\plots\map_0418.png,,
419,ok,9250.0,1.2000000000000007e-07,C:\Users\vchat\Downloads\Vaishnavi_s_Thesis__2_\automation\results_behavior_windows\tonic_bursting\coupling_rl1_c1\raw_runs\map_0419.raw,C:\Users\vchat\Downloads\Vaishnavi_s_Thesis__2_\automation\results_behavior_windows\tonic_bursting\coupling_rl1_c1\raw_runs\map_0419.log,C:\Users\vchat\Downloads\Vaishnavi_s_Thesis__2_\automation\results_behavior_windows\tonic_bursting\coupling_rl1_c1\plots\map_0419.png,,
420,ok,9500.0,4.999999999999999e-09,C:\Users\vchat\Downloads\Vaishnavi_s_Thesis__2_\automation\results_behavior_windows\tonic_bursting\coupling_rl1_c1\raw_runs\map_0420.raw,C:\Users\vchat\Downloads\Vaishnavi_s_Thesis__2_\automation\results_behavior_windows\tonic_bursting\coupling_rl1_c1\raw_runs\map_0420.log,C:\Users\vchat\Downloads\Vaishnavi_s_Thesis__2_\automation\results_behavior_windows\tonic_bursting\coupling_rl1_c1\plots\map_0420.png,,
421,ok,9500.0,5.8611193690212385e-09,C:\Users\vchat\Downloads\Vaishnavi_s_Thesis__2_\automation\results_behavior_windows\tonic_bursting\coupling_rl1_c1\raw_runs\map_0421.raw,C:\Users\vchat\Downloads\Vaishnavi_s_Thesis__2_\automation\results_behavior_windows\tonic_bursting\coupling_rl1_c1\raw_runs\map_0421.log,C:\Users\vchat\Downloads\Vaishnavi_s_Thesis__2_\automation\results_behavior_windows\tonic_bursting\coupling_rl1_c1\plots\map_0421.png,,
422,ok,9500.0,6.870544051583186e-09,C:\Users\vchat\Downloads\Vaishnavi_s_Thesis__2_\automation\results_behavior_windows\tonic_bursting\coupling_rl1_c1\raw_runs\map_0422.raw,C:\Users\vchat\Downloads\Vaishnavi_s_Thesis__2_\automation\results_behavior_windows\tonic_bursting\coupling_rl1_c1\raw_runs\map_0422.log,C:\Users\vchat\Downloads\Vaishnavi_s_Thesis__2_\automation\results_behavior_windows\tonic_bursting\coupling_rl1_c1\plots\map_0422.png,,
423,ok,9500.0,8.053815763289574e-09,C:\Users\vchat\Downloads\Vaishnavi_s_Thesis__2_\automation\results_behavior_windows\tonic_bursting\coupling_rl1_c1\raw_runs\map_0423.raw,C:\Users\vchat\Downloads\Vaishnavi_s_Thesis__2_\automation\results_behavior_windows\tonic_bursting\coupling_rl1_c1\raw_runs\map_0423.log,C:\Users\vchat\Downloads\Vaishnavi_s_Thesis__2_\automation\results_behavior_windows\tonic_bursting\coupling_rl1_c1\plots\map_0423.png,,
424,ok,9500.0,9.44087511294902e-09,C:\Users\vchat\Downloads\Vaishnavi_s_Thesis__2_\automation\results_behavior_windows\tonic_bursting\coupling_rl1_c1\raw_runs\map_0424.raw,C:\Users\vchat\Downloads\Vaishnavi_s_Thesis__2_\automation\results_behavior_windows\tonic_bursting\coupling_rl1_c1\raw_runs\map_0424.log,C:\Users\vchat\Downloads\Vaishnavi_s_Thesis__2_\automation\results_behavior_windows\tonic_bursting\coupling_rl1_c1\plots\map_0424.png,,
425,ok,9500.0,1.1066819197003217e-08,C:\Users\vchat\Downloads\Vaishnavi_s_Thesis__2_\automation\results_behavior_windows\tonic_bursting\coupling_rl1_c1\raw_runs\map_0425.raw,C:\Users\vchat\Downloads\Vaishnavi_s_Thesis__2_\automation\results_behavior_windows\tonic_bursting\coupling_rl1_c1\raw_runs\map_0425.log,C:\Users\vchat\Downloads\Vaishnavi_s_Thesis__2_\automation\results_behavior_windows\tonic_bursting\coupling_rl1_c1\plots\map_0425.png,,
426,ok,9500.0,1.2972789669802326e-08,C:\Users\vchat\Downloads\Vaishnavi_s_Thesis__2_\automation\results_behavior_windows\tonic_bursting\coupling_rl1_c1\raw_runs\map_0426.raw,C:\Users\vchat\Downloads\Vaishnavi_s_Thesis__2_\automation\results_behavior_windows\tonic_bursting\coupling_rl1_c1\raw_runs\map_0426.log,C:\Users\vchat\Downloads\Vaishnavi_s_Thesis__2_\automation\results_behavior_windows\tonic_bursting\coupling_rl1_c1\plots\map_0426.png,,
427,ok,9500.0,1.5207013760783413e-08,C:\Users\vchat\Downloads\Vaishnavi_s_Thesis__2_\automation\results_behavior_windows\tonic_bursting\coupling_rl1_c1\raw_runs\map_0427.raw,C:\Users\vchat\Downloads\Vaishnavi_s_Thesis__2_\automation\results_behavior_windows\tonic_bursting\coupling_rl1_c1\raw_runs\map_0427.log,C:\Users\vchat\Downloads\Vaishnavi_s_Thesis__2_\automation\results_behavior_windows\tonic_bursting\coupling_rl1_c1\plots\map_0427.png,,
428,ok,9500.0,1.7826024579660037e-08,C:\Users\vchat\Downloads\Vaishnavi_s_Thesis__2_\automation\results_behavior_windows\tonic_bursting\coupling_rl1_c1\raw_runs\map_0428.raw,C:\Users\vchat\Downloads\Vaishnavi_s_Thesis__2_\automation\results_behavior_windows\tonic_bursting\coupling_rl1_c1\raw_runs\map_0428.log,C:\Users\vchat\Downloads\Vaishnavi_s_Thesis__2_\automation\results_behavior_windows\tonic_bursting\coupling_rl1_c1\plots\map_0428.png,,
429,ok,9500.0,2.0896091587298827e-08,C:\Users\vchat\Downloads\Vaishnavi_s_Thesis__2_\automation\results_behavior_windows\tonic_bursting\coupling_rl1_c1\raw_runs\map_0429.raw,C:\Users\vchat\Downloads\Vaishnavi_s_Thesis__2_\automation\results_behavior_windows\tonic_bursting\coupling_rl1_c1\raw_runs\map_0429.log,C:\Users\vchat\Downloads\Vaishnavi_s_Thesis__2_\automation\results_behavior_windows\tonic_bursting\coupling_rl1_c1\plots\map_0429.png,,
430,ok,9500.0,2.4494897427831788e-08,C:\Users\vchat\Downloads\Vaishnavi_s_Thesis__2_\automation\results_behavior_windows\tonic_bursting\coupling_rl1_c1\raw_runs\map_0430.raw,C:\Users\vchat\Downloads\Vaishnavi_s_Thesis__2_\automation\results_behavior_windows\tonic_bursting\coupling_rl1_c1\raw_runs\map_0430.log,C:\Users\vchat\Downloads\Vaishnavi_s_Thesis__2_\automation\results_behavior_windows\tonic_bursting\coupling_rl1_c1\plots\map_0430.png,,
431,ok,9500.0,2.8713503551290684e-08,C:\Users\vchat\Downloads\Vaishnavi_s_Thesis__2_\automation\results_behavior_windows\tonic_bursting\coupling_rl1_c1\raw_runs\map_0431.raw,C:\Users\vchat\Downloads\Vaishnavi_s_Thesis__2_\automation\results_behavior_windows\tonic_bursting\coupling_rl1_c1\raw_runs\map_0431.log,C:\Users\vchat\Downloads\Vaishnavi_s_Thesis__2_\automation\results_behavior_windows\tonic_bursting\coupling_rl1_c1\plots\map_0431.png,,
432,ok,9500.0,3.3658654363385995e-08,C:\Users\vchat\Downloads\Vaishnavi_s_Thesis__2_\automation\results_behavior_windows\tonic_bursting\coupling_rl1_c1\raw_runs\map_0432.raw,C:\Users\vchat\Downloads\Vaishnavi_s_Thesis__2_\automation\results_behavior_windows\tonic_bursting\coupling_rl1_c1\raw_runs\map_0432.log,C:\Users\vchat\Downloads\Vaishnavi_s_Thesis__2_\automation\results_behavior_windows\tonic_bursting\coupling_rl1_c1\plots\map_0432.png,,
433,ok,9500.0,3.945547820488658e-08,C:\Users\vchat\Downloads\Vaishnavi_s_Thesis__2_\automation\results_behavior_windows\tonic_bursting\coupling_rl1_c1\raw_runs\map_0433.raw,C:\Users\vchat\Downloads\Vaishnavi_s_Thesis__2_\automation\results_behavior_windows\tonic_bursting\coupling_rl1_c1\raw_runs\map_0433.log,C:\Users\vchat\Downloads\Vaishnavi_s_Thesis__2_\automation\results_behavior_windows\tonic_bursting\coupling_rl1_c1\plots\map_0433.png,,
434,ok,9500.0,4.625065350413122e-08,C:\Users\vchat\Downloads\Vaishnavi_s_Thesis__2_\automation\results_behavior_windows\tonic_bursting\coupling_rl1_c1\raw_runs\map_0434.raw,C:\Users\vchat\Downloads\Vaishnavi_s_Thesis__2_\automation\results_behavior_windows\tonic_bursting\coupling_rl1_c1\raw_runs\map_0434.log,C:\Users\vchat\Downloads\Vaishnavi_s_Thesis__2_\automation\results_behavior_windows\tonic_bursting\coupling_rl1_c1\plots\map_0434.png,,
435,ok,9500.0,5.421612021659072e-08,C:\Users\vchat\Downloads\Vaishnavi_s_Thesis__2_\automation\results_behavior_windows\tonic_bursting\coupling_rl1_c1\raw_runs\map_0435.raw,C:\Users\vchat\Downloads\Vaishnavi_s_Thesis__2_\automation\results_behavior_windows\tonic_bursting\coupling_rl1_c1\raw_runs\map_0435.log,C:\Users\vchat\Downloads\Vaishnavi_s_Thesis__2_\automation\results_behavior_windows\tonic_bursting\coupling_rl1_c1\plots\map_0435.png,,
436,ok,9500.0,6.355343046292877e-08,C:\Users\vchat\Downloads\Vaishnavi_s_Thesis__2_\automation\results_behavior_windows\tonic_bursting\coupling_rl1_c1\raw_runs\map_0436.raw,C:\Users\vchat\Downloads\Vaishnavi_s_Thesis__2_\automation\results_behavior_windows\tonic_bursting\coupling_rl1_c1\raw_runs\map_0436.log,C:\Users\vchat\Downloads\Vaishnavi_s_Thesis__2_\automation\results_behavior_windows\tonic_bursting\coupling_rl1_c1\plots\map_0436.png,,
437,ok,9500.0,7.449884845080326e-08,C:\Users\vchat\Downloads\Vaishnavi_s_Thesis__2_\automation\results_behavior_windows\tonic_bursting\coupling_rl1_c1\raw_runs\map_0437.raw,C:\Users\vchat\Downloads\Vaishnavi_s_Thesis__2_\automation\results_behavior_windows\tonic_bursting\coupling_rl1_c1\raw_runs\map_0437.log,C:\Users\vchat\Downloads\Vaishnavi_s_Thesis__2_\automation\results_behavior_windows\tonic_bursting\coupling_rl1_c1\plots\map_0437.png,,
438,ok,9500.0,8.732932872495618e-08,C:\Users\vchat\Downloads\Vaishnavi_s_Thesis__2_\automation\results_behavior_windows\tonic_bursting\coupling_rl1_c1\raw_runs\map_0438.raw,C:\Users\vchat\Downloads\Vaishnavi_s_Thesis__2_\automation\results_behavior_windows\tonic_bursting\coupling_rl1_c1\raw_runs\map_0438.log,C:\Users\vchat\Downloads\Vaishnavi_s_Thesis__2_\automation\results_behavior_windows\tonic_bursting\coupling_rl1_c1\plots\map_0438.png,,
439,ok,9500.0,1.0236952401469272e-07,C:\Users\vchat\Downloads\Vaishnavi_s_Thesis__2_\automation\results_behavior_windows\tonic_bursting\coupling_rl1_c1\raw_runs\map_0439.raw,C:\Users\vchat\Downloads\Vaishnavi_s_Thesis__2_\automation\results_behavior_windows\tonic_bursting\coupling_rl1_c1\raw_runs\map_0439.log,C:\Users\vchat\Downloads\Vaishnavi_s_Thesis__2_\automation\results_behavior_windows\tonic_bursting\coupling_rl1_c1\plots\map_0439.png,,
440,ok,9500.0,1.2000000000000007e-07,C:\Users\vchat\Downloads\Vaishnavi_s_Thesis__2_\automation\results_behavior_windows\tonic_bursting\coupling_rl1_c1\raw_runs\map_0440.raw,C:\Users\vchat\Downloads\Vaishnavi_s_Thesis__2_\automation\results_behavior_windows\tonic_bursting\coupling_rl1_c1\raw_runs\map_0440.log,C:\Users\vchat\Downloads\Vaishnavi_s_Thesis__2_\automation\results_behavior_windows\tonic_bursting\coupling_rl1_c1\plots\map_0440.png,,
441,ok,9750.0,4.999999999999999e-09,C:\Users\vchat\Downloads\Vaishnavi_s_Thesis__2_\automation\results_behavior_windows\tonic_bursting\coupling_rl1_c1\raw_runs\map_0441.raw,C:\Users\vchat\Downloads\Vaishnavi_s_Thesis__2_\automation\results_behavior_windows\tonic_bursting\coupling_rl1_c1\raw_runs\map_0441.log,C:\Users\vchat\Downloads\Vaishnavi_s_Thesis__2_\automation\results_behavior_windows\tonic_bursting\coupling_rl1_c1\plots\map_0441.png,,
442,ok,9750.0,5.8611193690212385e-09,C:\Users\vchat\Downloads\Vaishnavi_s_Thesis__2_\automation\results_behavior_windows\tonic_bursting\coupling_rl1_c1\raw_runs\map_0442.raw,C:\Users\vchat\Downloads\Vaishnavi_s_Thesis__2_\automation\results_behavior_windows\tonic_bursting\coupling_rl1_c1\raw_runs\map_0442.log,C:\Users\vchat\Downloads\Vaishnavi_s_Thesis__2_\automation\results_behavior_windows\tonic_bursting\coupling_rl1_c1\plots\map_0442.png,,
443,ok,9750.0,6.870544051583186e-09,C:\Users\vchat\Downloads\Vaishnavi_s_Thesis__2_\automation\results_behavior_windows\tonic_bursting\coupling_rl1_c1\raw_runs\map_0443.raw,C:\Users\vchat\Downloads\Vaishnavi_s_Thesis__2_\automation\results_behavior_windows\tonic_bursting\coupling_rl1_c1\raw_runs\map_0443.log,C:\Users\vchat\Downloads\Vaishnavi_s_Thesis__2_\automation\results_behavior_windows\tonic_bursting\coupling_rl1_c1\plots\map_0443.png,,
444,ok,9750.0,8.053815763289574e-09,C:\Users\vchat\Downloads\Vaishnavi_s_Thesis__2_\automation\results_behavior_windows\tonic_bursting\coupling_rl1_c1\raw_runs\map_0444.raw,C:\Users\vchat\Downloads\Vaishnavi_s_Thesis__2_\automation\results_behavior_windows\tonic_bursting\coupling_rl1_c1\raw_runs\map_0444.log,C:\Users\vchat\Downloads\Vaishnavi_s_Thesis__2_\automation\results_behavior_windows\tonic_bursting\coupling_rl1_c1\plots\map_0444.png,,
445,ok,9750.0,9.44087511294902e-09,C:\Users\vchat\Downloads\Vaishnavi_s_Thesis__2_\automation\results_behavior_windows\tonic_bursting\coupling_rl1_c1\raw_runs\map_0445.raw,C:\Users\vchat\Downloads\Vaishnavi_s_Thesis__2_\automation\results_behavior_windows\tonic_bursting\coupling_rl1_c1\raw_runs\map_0445.log,C:\Users\vchat\Downloads\Vaishnavi_s_Thesis__2_\automation\results_behavior_windows\tonic_bursting\coupling_rl1_c1\plots\map_0445.png,,
446,ok,9750.0,1.1066819197003217e-08,C:\Users\vchat\Downloads\Vaishnavi_s_Thesis__2_\automation\results_behavior_windows\tonic_bursting\coupling_rl1_c1\raw_runs\map_0446.raw,C:\Users\vchat\Downloads\Vaishnavi_s_Thesis__2_\automation\results_behavior_windows\tonic_bursting\coupling_rl1_c1\raw_runs\map_0446.log,C:\Users\vchat\Downloads\Vaishnavi_s_Thesis__2_\automation\results_behavior_windows\tonic_bursting\coupling_rl1_c1\plots\map_0446.png,,
447,ok,9750.0,1.2972789669802326e-08,C:\Users\vchat\Downloads\Vaishnavi_s_Thesis__2_\automation\results_behavior_windows\tonic_bursting\coupling_rl1_c1\raw_runs\map_0447.raw,C:\Users\vchat\Downloads\Vaishnavi_s_Thesis__2_\automation\results_behavior_windows\tonic_bursting\coupling_rl1_c1\raw_runs\map_0447.log,C:\Users\vchat\Downloads\Vaishnavi_s_Thesis__2_\automation\results_behavior_windows\tonic_bursting\coupling_rl1_c1\plots\map_0447.png,,
448,ok,9750.0,1.5207013760783413e-08,C:\Users\vchat\Downloads\Vaishnavi_s_Thesis__2_\automation\results_behavior_windows\tonic_bursting\coupling_rl1_c1\raw_runs\map_0448.raw,C:\Users\vchat\Downloads\Vaishnavi_s_Thesis__2_\automation\results_behavior_windows\tonic_bursting\coupling_rl1_c1\raw_runs\map_0448.log,C:\Users\vchat\Downloads\Vaishnavi_s_Thesis__2_\automation\results_behavior_windows\tonic_bursting\coupling_rl1_c1\plots\map_0448.png,,
449,ok,9750.0,1.7826024579660037e-08,C:\Users\vchat\Downloads\Vaishnavi_s_Thesis__2_\automation\results_behavior_windows\tonic_bursting\coupling_rl1_c1\raw_runs\map_0449.raw,C:\Users\vchat\Downloads\Vaishnavi_s_Thesis__2_\automation\results_behavior_windows\tonic_bursting\coupling_rl1_c1\raw_runs\map_0449.log,C:\Users\vchat\Downloads\Vaishnavi_s_Thesis__2_\automation\results_behavior_windows\tonic_bursting\coupling_rl1_c1\plots\map_0449.png,,
450,ok,9750.0,2.0896091587298827e-08,C:\Users\vchat\Downloads\Vaishnavi_s_Thesis__2_\automation\results_behavior_windows\tonic_bursting\coupling_rl1_c1\raw_runs\map_0450.raw,C:\Users\vchat\Downloads\Vaishnavi_s_Thesis__2_\automation\results_behavior_windows\tonic_bursting\coupling_rl1_c1\raw_runs\map_0450.log,C:\Users\vchat\Downloads\Vaishnavi_s_Thesis__2_\automation\results_behavior_windows\tonic_bursting\coupling_rl1_c1\plots\map_0450.png,,
451,ok,9750.0,2.4494897427831788e-08,C:\Users\vchat\Downloads\Vaishnavi_s_Thesis__2_\automation\results_behavior_windows\tonic_bursting\coupling_rl1_c1\raw_runs\map_0451.raw,C:\Users\vchat\Downloads\Vaishnavi_s_Thesis__2_\automation\results_behavior_windows\tonic_bursting\coupling_rl1_c1\raw_runs\map_0451.log,C:\Users\vchat\Downloads\Vaishnavi_s_Thesis__2_\automation\results_behavior_windows\tonic_bursting\coupling_rl1_c1\plots\map_0451.png,,
452,ok,9750.0,2.8713503551290684e-08,C:\Users\vchat\Downloads\Vaishnavi_s_Thesis__2_\automation\results_behavior_windows\tonic_bursting\coupling_rl1_c1\raw_runs\map_0452.raw,C:\Users\vchat\Downloads\Vaishnavi_s_Thesis__2_\automation\results_behavior_windows\tonic_bursting\coupling_rl1_c1\raw_runs\map_0452.log,C:\Users\vchat\Downloads\Vaishnavi_s_Thesis__2_\automation\results_behavior_windows\tonic_bursting\coupling_rl1_c1\plots\map_0452.png,,
453,ok,9750.0,3.3658654363385995e-08,C:\Users\vchat\Downloads\Vaishnavi_s_Thesis__2_\automation\results_behavior_windows\tonic_bursting\coupling_rl1_c1\raw_runs\map_0453.raw,C:\Users\vchat\Downloads\Vaishnavi_s_Thesis__2_\automation\results_behavior_windows\tonic_bursting\coupling_rl1_c1\raw_runs\map_0453.log,C:\Users\vchat\Downloads\Vaishnavi_s_Thesis__2_\automation\results_behavior_windows\tonic_bursting\coupling_rl1_c1\plots\map_0453.png,,
454,ok,9750.0,3.945547820488658e-08,C:\Users\vchat\Downloads\Vaishnavi_s_Thesis__2_\automation\results_behavior_windows\tonic_bursting\coupling_rl1_c1\raw_runs\map_0454.raw,C:\Users\vchat\Downloads\Vaishnavi_s_Thesis__2_\automation\results_behavior_windows\tonic_bursting\coupling_rl1_c1\raw_runs\map_0454.log,C:\Users\vchat\Downloads\Vaishnavi_s_Thesis__2_\automation\results_behavior_windows\tonic_bursting\coupling_rl1_c1\plots\map_0454.png,,
455,ok,9750.0,4.625065350413122e-08,C:\Users\vchat\Downloads\Vaishnavi_s_Thesis__2_\automation\results_behavior_windows\tonic_bursting\coupling_rl1_c1\raw_runs\map_0455.raw,C:\Users\vchat\Downloads\Vaishnavi_s_Thesis__2_\automation\results_behavior_windows\tonic_bursting\coupling_rl1_c1\raw_runs\map_0455.log,C:\Users\vchat\Downloads\Vaishnavi_s_Thesis__2_\automation\results_behavior_windows\tonic_bursting\coupling_rl1_c1\plots\map_0455.png,,
456,ok,9750.0,5.421612021659072e-08,C:\Users\vchat\Downloads\Vaishnavi_s_Thesis__2_\automation\results_behavior_windows\tonic_bursting\coupling_rl1_c1\raw_runs\map_0456.raw,C:\Users\vchat\Downloads\Vaishnavi_s_Thesis__2_\automation\results_behavior_windows\tonic_bursting\coupling_rl1_c1\raw_runs\map_0456.log,C:\Users\vchat\Downloads\Vaishnavi_s_Thesis__2_\automation\results_behavior_windows\tonic_bursting\coupling_rl1_c1\plots\map_0456.png,,
457,ok,9750.0,6.355343046292877e-08,C:\Users\vchat\Downloads\Vaishnavi_s_Thesis__2_\automation\results_behavior_windows\tonic_bursting\coupling_rl1_c1\raw_runs\map_0457.raw,C:\Users\vchat\Downloads\Vaishnavi_s_Thesis__2_\automation\results_behavior_windows\tonic_bursting\coupling_rl1_c1\raw_runs\map_0457.log,C:\Users\vchat\Downloads\Vaishnavi_s_Thesis__2_\automation\results_behavior_windows\tonic_bursting\coupling_rl1_c1\plots\map_0457.png,,
458,ok,9750.0,7.449884845080326e-08,C:\Users\vchat\Downloads\Vaishnavi_s_Thesis__2_\automation\results_behavior_windows\tonic_bursting\coupling_rl1_c1\raw_runs\map_0458.raw,C:\Users\vchat\Downloads\Vaishnavi_s_Thesis__2_\automation\results_behavior_windows\tonic_bursting\coupling_rl1_c1\raw_runs\map_0458.log,C:\Users\vchat\Downloads\Vaishnavi_s_Thesis__2_\automation\results_behavior_windows\tonic_bursting\coupling_rl1_c1\plots\map_0458.png,,
459,ok,9750.0,8.732932872495618e-08,C:\Users\vchat\Downloads\Vaishnavi_s_Thesis__2_\automation\results_behavior_windows\tonic_bursting\coupling_rl1_c1\raw_runs\map_0459.raw,C:\Users\vchat\Downloads\Vaishnavi_s_Thesis__2_\automation\results_behavior_windows\tonic_bursting\coupling_rl1_c1\raw_runs\map_0459.log,C:\Users\vchat\Downloads\Vaishnavi_s_Thesis__2_\automation\results_behavior_windows\tonic_bursting\coupling_rl1_c1\plots\map_0459.png,,
460,ok,9750.0,1.0236952401469272e-07,C:\Users\vchat\Downloads\Vaishnavi_s_Thesis__2_\automation\results_behavior_windows\tonic_bursting\coupling_rl1_c1\raw_runs\map_0460.raw,C:\Users\vchat\Downloads\Vaishnavi_s_Thesis__2_\automation\results_behavior_windows\tonic_bursting\coupling_rl1_c1\raw_runs\map_0460.log,C:\Users\vchat\Downloads\Vaishnavi_s_Thesis__2_\automation\results_behavior_windows\tonic_bursting\coupling_rl1_c1\plots\map_0460.png,,
461,ok,9750.0,1.2000000000000007e-07,C:\Users\vchat\Downloads\Vaishnavi_s_Thesis__2_\automation\results_behavior_windows\tonic_bursting\coupling_rl1_c1\raw_runs\map_0461.raw,C:\Users\vchat\Downloads\Vaishnavi_s_Thesis__2_\automation\results_behavior_windows\tonic_bursting\coupling_rl1_c1\raw_runs\map_0461.log,C:\Users\vchat\Downloads\Vaishnavi_s_Thesis__2_\automation\results_behavior_windows\tonic_bursting\coupling_rl1_c1\plots\map_0461.png,,
462,ok,10000.0,4.999999999999999e-09,C:\Users\vchat\Downloads\Vaishnavi_s_Thesis__2_\automation\results_behavior_windows\tonic_bursting\coupling_rl1_c1\raw_runs\map_0462.raw,C:\Users\vchat\Downloads\Vaishnavi_s_Thesis__2_\automation\results_behavior_windows\tonic_bursting\coupling_rl1_c1\raw_runs\map_0462.log,C:\Users\vchat\Downloads\Vaishnavi_s_Thesis__2_\automation\results_behavior_windows\tonic_bursting\coupling_rl1_c1\plots\map_0462.png,,
463,ok,10000.0,5.8611193690212385e-09,C:\Users\vchat\Downloads\Vaishnavi_s_Thesis__2_\automation\results_behavior_windows\tonic_bursting\coupling_rl1_c1\raw_runs\map_0463.raw,C:\Users\vchat\Downloads\Vaishnavi_s_Thesis__2_\automation\results_behavior_windows\tonic_bursting\coupling_rl1_c1\raw_runs\map_0463.log,C:\Users\vchat\Downloads\Vaishnavi_s_Thesis__2_\automation\results_behavior_windows\tonic_bursting\coupling_rl1_c1\plots\map_0463.png,,
464,ok,10000.0,6.870544051583186e-09,C:\Users\vchat\Downloads\Vaishnavi_s_Thesis__2_\automation\results_behavior_windows\tonic_bursting\coupling_rl1_c1\raw_runs\map_0464.raw,C:\Users\vchat\Downloads\Vaishnavi_s_Thesis__2_\automation\results_behavior_windows\tonic_bursting\coupling_rl1_c1\raw_runs\map_0464.log,C:\Users\vchat\Downloads\Vaishnavi_s_Thesis__2_\automation\results_behavior_windows\tonic_bursting\coupling_rl1_c1\plots\map_0464.png,,
465,ok,10000.0,8.053815763289574e-09,C:\Users\vchat\Downloads\Vaishnavi_s_Thesis__2_\automation\results_behavior_windows\tonic_bursting\coupling_rl1_c1\raw_runs\map_0465.raw,C:\Users\vchat\Downloads\Vaishnavi_s_Thesis__2_\automation\results_behavior_windows\tonic_bursting\coupling_rl1_c1\raw_runs\map_0465.log,C:\Users\vchat\Downloads\Vaishnavi_s_Thesis__2_\automation\results_behavior_windows\tonic_bursting\coupling_rl1_c1\plots\map_0465.png,,
466,ok,10000.0,9.44087511294902e-09,C:\Users\vchat\Downloads\Vaishnavi_s_Thesis__2_\automation\results_behavior_windows\tonic_bursting\coupling_rl1_c1\raw_runs\map_0466.raw,C:\Users\vchat\Downloads\Vaishnavi_s_Thesis__2_\automation\results_behavior_windows\tonic_bursting\coupling_rl1_c1\raw_runs\map_0466.log,C:\Users\vchat\Downloads\Vaishnavi_s_Thesis__2_\automation\results_behavior_windows\tonic_bursting\coupling_rl1_c1\plots\map_0466.png,,
467,ok,10000.0,1.1066819197003217e-08,C:\Users\vchat\Downloads\Vaishnavi_s_Thesis__2_\automation\results_behavior_windows\tonic_bursting\coupling_rl1_c1\raw_runs\map_0467.raw,C:\Users\vchat\Downloads\Vaishnavi_s_Thesis__2_\automation\results_behavior_windows\tonic_bursting\coupling_rl1_c1\raw_runs\map_0467.log,C:\Users\vchat\Downloads\Vaishnavi_s_Thesis__2_\automation\results_behavior_windows\tonic_bursting\coupling_rl1_c1\plots\map_0467.png,,
468,ok,10000.0,1.2972789669802326e-08,C:\Users\vchat\Downloads\Vaishnavi_s_Thesis__2_\automation\results_behavior_windows\tonic_bursting\coupling_rl1_c1\raw_runs\map_0468.raw,C:\Users\vchat\Downloads\Vaishnavi_s_Thesis__2_\automation\results_behavior_windows\tonic_bursting\coupling_rl1_c1\raw_runs\map_0468.log,C:\Users\vchat\Downloads\Vaishnavi_s_Thesis__2_\automation\results_behavior_windows\tonic_bursting\coupling_rl1_c1\plots\map_0468.png,,
469,ok,10000.0,1.5207013760783413e-08,C:\Users\vchat\Downloads\Vaishnavi_s_Thesis__2_\automation\results_behavior_windows\tonic_bursting\coupling_rl1_c1\raw_runs\map_0469.raw,C:\Users\vchat\Downloads\Vaishnavi_s_Thesis__2_\automation\results_behavior_windows\tonic_bursting\coupling_rl1_c1\raw_runs\map_0469.log,C:\Users\vchat\Downloads\Vaishnavi_s_Thesis__2_\automation\results_behavior_windows\tonic_bursting\coupling_rl1_c1\plots\map_0469.png,,
470,ok,10000.0,1.7826024579660037e-08,C:\Users\vchat\Downloads\Vaishnavi_s_Thesis__2_\automation\results_behavior_windows\tonic_bursting\coupling_rl1_c1\raw_runs\map_0470.raw,C:\Users\vchat\Downloads\Vaishnavi_s_Thesis__2_\automation\results_behavior_windows\tonic_bursting\coupling_rl1_c1\raw_runs\map_0470.log,C:\Users\vchat\Downloads\Vaishnavi_s_Thesis__2_\automation\results_behavior_windows\tonic_bursting\coupling_rl1_c1\plots\map_0470.png,,
471,ok,10000.0,2.0896091587298827e-08,C:\Users\vchat\Downloads\Vaishnavi_s_Thesis__2_\automation\results_behavior_windows\tonic_bursting\coupling_rl1_c1\raw_runs\map_0471.raw,C:\Users\vchat\Downloads\Vaishnavi_s_Thesis__2_\automation\results_behavior_windows\tonic_bursting\coupling_rl1_c1\raw_runs\map_0471.log,C:\Users\vchat\Downloads\Vaishnavi_s_Thesis__2_\automation\results_behavior_windows\tonic_bursting\coupling_rl1_c1\plots\map_0471.png,,
472,ok,10000.0,2.4494897427831788e-08,C:\Users\vchat\Downloads\Vaishnavi_s_Thesis__2_\automation\results_behavior_windows\tonic_bursting\coupling_rl1_c1\raw_runs\map_0472.raw,C:\Users\vchat\Downloads\Vaishnavi_s_Thesis__2_\automation\results_behavior_windows\tonic_bursting\coupling_rl1_c1\raw_runs\map_0472.log,C:\Users\vchat\Downloads\Vaishnavi_s_Thesis__2_\automation\results_behavior_windows\tonic_bursting\coupling_rl1_c1\plots\map_0472.png,,
473,ok,10000.0,2.8713503551290684e-08,C:\Users\vchat\Downloads\Vaishnavi_s_Thesis__2_\automation\results_behavior_windows\tonic_bursting\coupling_rl1_c1\raw_runs\map_0473.raw,C:\Users\vchat\Downloads\Vaishnavi_s_Thesis__2_\automation\results_behavior_windows\tonic_bursting\coupling_rl1_c1\raw_runs\map_0473.log,C:\Users\vchat\Downloads\Vaishnavi_s_Thesis__2_\automation\results_behavior_windows\tonic_bursting\coupling_rl1_c1\plots\map_0473.png,,
474,ok,10000.0,3.3658654363385995e-08,C:\Users\vchat\Downloads\Vaishnavi_s_Thesis__2_\automation\results_behavior_windows\tonic_bursting\coupling_rl1_c1\raw_runs\map_0474.raw,C:\Users\vchat\Downloads\Vaishnavi_s_Thesis__2_\automation\results_behavior_windows\tonic_bursting\coupling_rl1_c1\raw_runs\map_0474.log,C:\Users\vchat\Downloads\Vaishnavi_s_Thesis__2_\automation\results_behavior_windows\tonic_bursting\coupling_rl1_c1\plots\map_0474.png,,
475,ok,10000.0,3.945547820488658e-08,C:\Users\vchat\Downloads\Vaishnavi_s_Thesis__2_\automation\results_behavior_windows\tonic_bursting\coupling_rl1_c1\raw_runs\map_0475.raw,C:\Users\vchat\Downloads\Vaishnavi_s_Thesis__2_\automation\results_behavior_windows\tonic_bursting\coupling_rl1_c1\raw_runs\map_0475.log,C:\Users\vchat\Downloads\Vaishnavi_s_Thesis__2_\automation\results_behavior_windows\tonic_bursting\coupling_rl1_c1\plots\map_0475.png,,
476,ok,10000.0,4.625065350413122e-08,C:\Users\vchat\Downloads\Vaishnavi_s_Thesis__2_\automation\results_behavior_windows\tonic_bursting\coupling_rl1_c1\raw_runs\map_0476.raw,C:\Users\vchat\Downloads\Vaishnavi_s_Thesis__2_\automation\results_behavior_windows\tonic_bursting\coupling_rl1_c1\raw_runs\map_0476.log,C:\Users\vchat\Downloads\Vaishnavi_s_Thesis__2_\automation\results_behavior_windows\tonic_bursting\coupling_rl1_c1\plots\map_0476.png,,
477,ok,10000.0,5.421612021659072e-08,C:\Users\vchat\Downloads\Vaishnavi_s_Thesis__2_\automation\results_behavior_windows\tonic_bursting\coupling_rl1_c1\raw_runs\map_0477.raw,C:\Users\vchat\Downloads\Vaishnavi_s_Thesis__2_\automation\results_behavior_windows\tonic_bursting\coupling_rl1_c1\raw_runs\map_0477.log,C:\Users\vchat\Downloads\Vaishnavi_s_Thesis__2_\automation\results_behavior_windows\tonic_bursting\coupling_rl1_c1\plots\map_0477.png,,
478,ok,10000.0,6.355343046292877e-08,C:\Users\vchat\Downloads\Vaishnavi_s_Thesis__2_\automation\results_behavior_windows\tonic_bursting\coupling_rl1_c1\raw_runs\map_0478.raw,C:\Users\vchat\Downloads\Vaishnavi_s_Thesis__2_\automation\results_behavior_windows\tonic_bursting\coupling_rl1_c1\raw_runs\map_0478.log,C:\Users\vchat\Downloads\Vaishnavi_s_Thesis__2_\automation\results_behavior_windows\tonic_bursting\coupling_rl1_c1\plots\map_0478.png,,
479,ok,10000.0,7.449884845080326e-08,C:\Users\vchat\Downloads\Vaishnavi_s_Thesis__2_\automation\results_behavior_windows\tonic_bursting\coupling_rl1_c1\raw_runs\map_0479.raw,C:\Users\vchat\Downloads\Vaishnavi_s_Thesis__2_\automation\results_behavior_windows\tonic_bursting\coupling_rl1_c1\raw_runs\map_0479.log,C:\Users\vchat\Downloads\Vaishnavi_s_Thesis__2_\automation\results_behavior_windows\tonic_bursting\coupling_rl1_c1\plots\map_0479.png,,
480,ok,10000.0,8.732932872495618e-08,C:\Users\vchat\Downloads\Vaishnavi_s_Thesis__2_\automation\results_behavior_windows\tonic_bursting\coupling_rl1_c1\raw_runs\map_0480.raw,C:\Users\vchat\Downloads\Vaishnavi_s_Thesis__2_\automation\results_behavior_windows\tonic_bursting\coupling_rl1_c1\raw_runs\map_0480.log,C:\Users\vchat\Downloads\Vaishnavi_s_Thesis__2_\automation\results_behavior_windows\tonic_bursting\coupling_rl1_c1\plots\map_0480.png,,
481,ok,10000.0,1.0236952401469272e-07,C:\Users\vchat\Downloads\Vaishnavi_s_Thesis__2_\automation\results_behavior_windows\tonic_bursting\coupling_rl1_c1\raw_runs\map_0481.raw,C:\Users\vchat\Downloads\Vaishnavi_s_Thesis__2_\automation\results_behavior_windows\tonic_bursting\coupling_rl1_c1\raw_runs\map_0481.log,C:\Users\vchat\Downloads\Vaishnavi_s_Thesis__2_\automation\results_behavior_windows\tonic_bursting\coupling_rl1_c1\plots\map_0481.png,,
482,ok,10000.0,1.2000000000000007e-07,C:\Users\vchat\Downloads\Vaishnavi_s_Thesis__2_\automation\results_behavior_windows\tonic_bursting\coupling_rl1_c1\raw_runs\map_0482.raw,C:\Users\vchat\Downloads\Vaishnavi_s_Thesis__2_\automation\results_behavior_windows\tonic_bursting\coupling_rl1_c1\raw_runs\map_0482.log,C:\Users\vchat\Downloads\Vaishnavi_s_Thesis__2_\automation\results_behavior_windows\tonic_bursting\coupling_rl1_c1\plots\map_0482.png,,
483,ok,10250.0,4.999999999999999e-09,C:\Users\vchat\Downloads\Vaishnavi_s_Thesis__2_\automation\results_behavior_windows\tonic_bursting\coupling_rl1_c1\raw_runs\map_0483.raw,C:\Users\vchat\Downloads\Vaishnavi_s_Thesis__2_\automation\results_behavior_windows\tonic_bursting\coupling_rl1_c1\raw_runs\map_0483.log,C:\Users\vchat\Downloads\Vaishnavi_s_Thesis__2_\automation\results_behavior_windows\tonic_bursting\coupling_rl1_c1\plots\map_0483.png,,
484,ok,10250.0,5.8611193690212385e-09,C:\Users\vchat\Downloads\Vaishnavi_s_Thesis__2_\automation\results_behavior_windows\tonic_bursting\coupling_rl1_c1\raw_runs\map_0484.raw,C:\Users\vchat\Downloads\Vaishnavi_s_Thesis__2_\automation\results_behavior_windows\tonic_bursting\coupling_rl1_c1\raw_runs\map_0484.log,C:\Users\vchat\Downloads\Vaishnavi_s_Thesis__2_\automation\results_behavior_windows\tonic_bursting\coupling_rl1_c1\plots\map_0484.png,,
485,ok,10250.0,6.870544051583186e-09,C:\Users\vchat\Downloads\Vaishnavi_s_Thesis__2_\automation\results_behavior_windows\tonic_bursting\coupling_rl1_c1\raw_runs\map_0485.raw,C:\Users\vchat\Downloads\Vaishnavi_s_Thesis__2_\automation\results_behavior_windows\tonic_bursting\coupling_rl1_c1\raw_runs\map_0485.log,C:\Users\vchat\Downloads\Vaishnavi_s_Thesis__2_\automation\results_behavior_windows\tonic_bursting\coupling_rl1_c1\plots\map_0485.png,,
486,ok,10250.0,8.053815763289574e-09,C:\Users\vchat\Downloads\Vaishnavi_s_Thesis__2_\automation\results_behavior_windows\tonic_bursting\coupling_rl1_c1\raw_runs\map_0486.raw,C:\Users\vchat\Downloads\Vaishnavi_s_Thesis__2_\automation\results_behavior_windows\tonic_bursting\coupling_rl1_c1\raw_runs\map_0486.log,C:\Users\vchat\Downloads\Vaishnavi_s_Thesis__2_\automation\results_behavior_windows\tonic_bursting\coupling_rl1_c1\plots\map_0486.png,,
487,ok,10250.0,9.44087511294902e-09,C:\Users\vchat\Downloads\Vaishnavi_s_Thesis__2_\automation\results_behavior_windows\tonic_bursting\coupling_rl1_c1\raw_runs\map_0487.raw,C:\Users\vchat\Downloads\Vaishnavi_s_Thesis__2_\automation\results_behavior_windows\tonic_bursting\coupling_rl1_c1\raw_runs\map_0487.log,C:\Users\vchat\Downloads\Vaishnavi_s_Thesis__2_\automation\results_behavior_windows\tonic_bursting\coupling_rl1_c1\plots\map_0487.png,,
488,ok,10250.0,1.1066819197003217e-08,C:\Users\vchat\Downloads\Vaishnavi_s_Thesis__2_\automation\results_behavior_windows\tonic_bursting\coupling_rl1_c1\raw_runs\map_0488.raw,C:\Users\vchat\Downloads\Vaishnavi_s_Thesis__2_\automation\results_behavior_windows\tonic_bursting\coupling_rl1_c1\raw_runs\map_0488.log,C:\Users\vchat\Downloads\Vaishnavi_s_Thesis__2_\automation\results_behavior_windows\tonic_bursting\coupling_rl1_c1\plots\map_0488.png,,
489,ok,10250.0,1.2972789669802326e-08,C:\Users\vchat\Downloads\Vaishnavi_s_Thesis__2_\automation\results_behavior_windows\tonic_bursting\coupling_rl1_c1\raw_runs\map_0489.raw,C:\Users\vchat\Downloads\Vaishnavi_s_Thesis__2_\automation\results_behavior_windows\tonic_bursting\coupling_rl1_c1\raw_runs\map_0489.log,C:\Users\vchat\Downloads\Vaishnavi_s_Thesis__2_\automation\results_behavior_windows\tonic_bursting\coupling_rl1_c1\plots\map_0489.png,,
490,ok,10250.0,1.5207013760783413e-08,C:\Users\vchat\Downloads\Vaishnavi_s_Thesis__2_\automation\results_behavior_windows\tonic_bursting\coupling_rl1_c1\raw_runs\map_0490.raw,C:\Users\vchat\Downloads\Vaishnavi_s_Thesis__2_\automation\results_behavior_windows\tonic_bursting\coupling_rl1_c1\raw_runs\map_0490.log,C:\Users\vchat\Downloads\Vaishnavi_s_Thesis__2_\automation\results_behavior_windows\tonic_bursting\coupling_rl1_c1\plots\map_0490.png,,
491,ok,10250.0,1.7826024579660037e-08,C:\Users\vchat\Downloads\Vaishnavi_s_Thesis__2_\automation\results_behavior_windows\tonic_bursting\coupling_rl1_c1\raw_runs\map_0491.raw,C:\Users\vchat\Downloads\Vaishnavi_s_Thesis__2_\automation\results_behavior_windows\tonic_bursting\coupling_rl1_c1\raw_runs\map_0491.log,C:\Users\vchat\Downloads\Vaishnavi_s_Thesis__2_\automation\results_behavior_windows\tonic_bursting\coupling_rl1_c1\plots\map_0491.png,,
492,ok,10250.0,2.0896091587298827e-08,C:\Users\vchat\Downloads\Vaishnavi_s_Thesis__2_\automation\results_behavior_windows\tonic_bursting\coupling_rl1_c1\raw_runs\map_0492.raw,C:\Users\vchat\Downloads\Vaishnavi_s_Thesis__2_\automation\results_behavior_windows\tonic_bursting\coupling_rl1_c1\raw_runs\map_0492.log,C:\Users\vchat\Downloads\Vaishnavi_s_Thesis__2_\automation\results_behavior_windows\tonic_bursting\coupling_rl1_c1\plots\map_0492.png,,
493,ok,10250.0,2.4494897427831788e-08,C:\Users\vchat\Downloads\Vaishnavi_s_Thesis__2_\automation\results_behavior_windows\tonic_bursting\coupling_rl1_c1\raw_runs\map_0493.raw,C:\Users\vchat\Downloads\Vaishnavi_s_Thesis__2_\automation\results_behavior_windows\tonic_bursting\coupling_rl1_c1\raw_runs\map_0493.log,C:\Users\vchat\Downloads\Vaishnavi_s_Thesis__2_\automation\results_behavior_windows\tonic_bursting\coupling_rl1_c1\plots\map_0493.png,,
494,ok,10250.0,2.8713503551290684e-08,C:\Users\vchat\Downloads\Vaishnavi_s_Thesis__2_\automation\results_behavior_windows\tonic_bursting\coupling_rl1_c1\raw_runs\map_0494.raw,C:\Users\vchat\Downloads\Vaishnavi_s_Thesis__2_\automation\results_behavior_windows\tonic_bursting\coupling_rl1_c1\raw_runs\map_0494.log,C:\Users\vchat\Downloads\Vaishnavi_s_Thesis__2_\automation\results_behavior_windows\tonic_bursting\coupling_rl1_c1\plots\map_0494.png,,
495,ok,10250.0,3.3658654363385995e-08,C:\Users\vchat\Downloads\Vaishnavi_s_Thesis__2_\automation\results_behavior_windows\tonic_bursting\coupling_rl1_c1\raw_runs\map_0495.raw,C:\Users\vchat\Downloads\Vaishnavi_s_Thesis__2_\automation\results_behavior_windows\tonic_bursting\coupling_rl1_c1\raw_runs\map_0495.log,C:\Users\vchat\Downloads\Vaishnavi_s_Thesis__2_\automation\results_behavior_windows\tonic_bursting\coupling_rl1_c1\plots\map_0495.png,,
496,ok,10250.0,3.945547820488658e-08,C:\Users\vchat\Downloads\Vaishnavi_s_Thesis__2_\automation\results_behavior_windows\tonic_bursting\coupling_rl1_c1\raw_runs\map_0496.raw,C:\Users\vchat\Downloads\Vaishnavi_s_Thesis__2_\automation\results_behavior_windows\tonic_bursting\coupling_rl1_c1\raw_runs\map_0496.log,C:\Users\vchat\Downloads\Vaishnavi_s_Thesis__2_\automation\results_behavior_windows\tonic_bursting\coupling_rl1_c1\plots\map_0496.png,,
497,ok,10250.0,4.625065350413122e-08,C:\Users\vchat\Downloads\Vaishnavi_s_Thesis__2_\automation\results_behavior_windows\tonic_bursting\coupling_rl1_c1\raw_runs\map_0497.raw,C:\Users\vchat\Downloads\Vaishnavi_s_Thesis__2_\automation\results_behavior_windows\tonic_bursting\coupling_rl1_c1\raw_runs\map_0497.log,C:\Users\vchat\Downloads\Vaishnavi_s_Thesis__2_\automation\results_behavior_windows\tonic_bursting\coupling_rl1_c1\plots\map_0497.png,,
498,ok,10250.0,5.421612021659072e-08,C:\Users\vchat\Downloads\Vaishnavi_s_Thesis__2_\automation\results_behavior_windows\tonic_bursting\coupling_rl1_c1\raw_runs\map_0498.raw,C:\Users\vchat\Downloads\Vaishnavi_s_Thesis__2_\automation\results_behavior_windows\tonic_bursting\coupling_rl1_c1\raw_runs\map_0498.log,C:\Users\vchat\Downloads\Vaishnavi_s_Thesis__2_\automation\results_behavior_windows\tonic_bursting\coupling_rl1_c1\plots\map_0498.png,,
499,ok,10250.0,6.355343046292877e-08,C:\Users\vchat\Downloads\Vaishnavi_s_Thesis__2_\automation\results_behavior_windows\tonic_bursting\coupling_rl1_c1\raw_runs\map_0499.raw,C:\Users\vchat\Downloads\Vaishnavi_s_Thesis__2_\automation\results_behavior_windows\tonic_bursting\coupling_rl1_c1\raw_runs\map_0499.log,C:\Users\vchat\Downloads\Vaishnavi_s_Thesis__2_\automation\results_behavior_windows\tonic_bursting\coupling_rl1_c1\plots\map_0499.png,,
500,ok,10250.0,7.449884845080326e-08,C:\Users\vchat\Downloads\Vaishnavi_s_Thesis__2_\automation\results_behavior_windows\tonic_bursting\coupling_rl1_c1\raw_runs\map_0500.raw,C:\Users\vchat\Downloads\Vaishnavi_s_Thesis__2_\automation\results_behavior_windows\tonic_bursting\coupling_rl1_c1\raw_runs\map_0500.log,C:\Users\vchat\Downloads\Vaishnavi_s_Thesis__2_\automation\results_behavior_windows\tonic_bursting\coupling_rl1_c1\plots\map_0500.png,,
501,ok,10250.0,8.732932872495618e-08,C:\Users\vchat\Downloads\Vaishnavi_s_Thesis__2_\automation\results_behavior_windows\tonic_bursting\coupling_rl1_c1\raw_runs\map_0501.raw,C:\Users\vchat\Downloads\Vaishnavi_s_Thesis__2_\automation\results_behavior_windows\tonic_bursting\coupling_rl1_c1\raw_runs\map_0501.log,C:\Users\vchat\Downloads\Vaishnavi_s_Thesis__2_\automation\results_behavior_windows\tonic_bursting\coupling_rl1_c1\plots\map_0501.png,,
502,ok,10250.0,1.0236952401469272e-07,C:\Users\vchat\Downloads\Vaishnavi_s_Thesis__2_\automation\results_behavior_windows\tonic_bursting\coupling_rl1_c1\raw_runs\map_0502.raw,C:\Users\vchat\Downloads\Vaishnavi_s_Thesis__2_\automation\results_behavior_windows\tonic_bursting\coupling_rl1_c1\raw_runs\map_0502.log,C:\Users\vchat\Downloads\Vaishnavi_s_Thesis__2_\automation\results_behavior_windows\tonic_bursting\coupling_rl1_c1\plots\map_0502.png,,
503,ok,10250.0,1.2000000000000007e-07,C:\Users\vchat\Downloads\Vaishnavi_s_Thesis__2_\automation\results_behavior_windows\tonic_bursting\coupling_rl1_c1\raw_runs\map_0503.raw,C:\Users\vchat\Downloads\Vaishnavi_s_Thesis__2_\automation\results_behavior_windows\tonic_bursting\coupling_rl1_c1\raw_runs\map_0503.log,C:\Users\vchat\Downloads\Vaishnavi_s_Thesis__2_\automation\results_behavior_windows\tonic_bursting\coupling_rl1_c1\plots\map_0503.png,,
504,ok,10500.0,4.999999999999999e-09,C:\Users\vchat\Downloads\Vaishnavi_s_Thesis__2_\automation\results_behavior_windows\tonic_bursting\coupling_rl1_c1\raw_runs\map_0504.raw,C:\Users\vchat\Downloads\Vaishnavi_s_Thesis__2_\automation\results_behavior_windows\tonic_bursting\coupling_rl1_c1\raw_runs\map_0504.log,C:\Users\vchat\Downloads\Vaishnavi_s_Thesis__2_\automation\results_behavior_windows\tonic_bursting\coupling_rl1_c1\plots\map_0504.png,,
505,ok,10500.0,5.8611193690212385e-09,C:\Users\vchat\Downloads\Vaishnavi_s_Thesis__2_\automation\results_behavior_windows\tonic_bursting\coupling_rl1_c1\raw_runs\map_0505.raw,C:\Users\vchat\Downloads\Vaishnavi_s_Thesis__2_\automation\results_behavior_windows\tonic_bursting\coupling_rl1_c1\raw_runs\map_0505.log,C:\Users\vchat\Downloads\Vaishnavi_s_Thesis__2_\automation\results_behavior_windows\tonic_bursting\coupling_rl1_c1\plots\map_0505.png,,
506,ok,10500.0,6.870544051583186e-09,C:\Users\vchat\Downloads\Vaishnavi_s_Thesis__2_\automation\results_behavior_windows\tonic_bursting\coupling_rl1_c1\raw_runs\map_0506.raw,C:\Users\vchat\Downloads\Vaishnavi_s_Thesis__2_\automation\results_behavior_windows\tonic_bursting\coupling_rl1_c1\raw_runs\map_0506.log,C:\Users\vchat\Downloads\Vaishnavi_s_Thesis__2_\automation\results_behavior_windows\tonic_bursting\coupling_rl1_c1\plots\map_0506.png,,
507,ok,10500.0,8.053815763289574e-09,C:\Users\vchat\Downloads\Vaishnavi_s_Thesis__2_\automation\results_behavior_windows\tonic_bursting\coupling_rl1_c1\raw_runs\map_0507.raw,C:\Users\vchat\Downloads\Vaishnavi_s_Thesis__2_\automation\results_behavior_windows\tonic_bursting\coupling_rl1_c1\raw_runs\map_0507.log,C:\Users\vchat\Downloads\Vaishnavi_s_Thesis__2_\automation\results_behavior_windows\tonic_bursting\coupling_rl1_c1\plots\map_0507.png,,
508,ok,10500.0,9.44087511294902e-09,C:\Users\vchat\Downloads\Vaishnavi_s_Thesis__2_\automation\results_behavior_windows\tonic_bursting\coupling_rl1_c1\raw_runs\map_0508.raw,C:\Users\vchat\Downloads\Vaishnavi_s_Thesis__2_\automation\results_behavior_windows\tonic_bursting\coupling_rl1_c1\raw_runs\map_0508.log,C:\Users\vchat\Downloads\Vaishnavi_s_Thesis__2_\automation\results_behavior_windows\tonic_bursting\coupling_rl1_c1\plots\map_0508.png,,
509,ok,10500.0,1.1066819197003217e-08,C:\Users\vchat\Downloads\Vaishnavi_s_Thesis__2_\automation\results_behavior_windows\tonic_bursting\coupling_rl1_c1\raw_runs\map_0509.raw,C:\Users\vchat\Downloads\Vaishnavi_s_Thesis__2_\automation\results_behavior_windows\tonic_bursting\coupling_rl1_c1\raw_runs\map_0509.log,C:\Users\vchat\Downloads\Vaishnavi_s_Thesis__2_\automation\results_behavior_windows\tonic_bursting\coupling_rl1_c1\plots\map_0509.png,,
510,ok,10500.0,1.2972789669802326e-08,C:\Users\vchat\Downloads\Vaishnavi_s_Thesis__2_\automation\results_behavior_windows\tonic_bursting\coupling_rl1_c1\raw_runs\map_0510.raw,C:\Users\vchat\Downloads\Vaishnavi_s_Thesis__2_\automation\results_behavior_windows\tonic_bursting\coupling_rl1_c1\raw_runs\map_0510.log,C:\Users\vchat\Downloads\Vaishnavi_s_Thesis__2_\automation\results_behavior_windows\tonic_bursting\coupling_rl1_c1\plots\map_0510.png,,
511,ok,10500.0,1.5207013760783413e-08,C:\Users\vchat\Downloads\Vaishnavi_s_Thesis__2_\automation\results_behavior_windows\tonic_bursting\coupling_rl1_c1\raw_runs\map_0511.raw,C:\Users\vchat\Downloads\Vaishnavi_s_Thesis__2_\automation\results_behavior_windows\tonic_bursting\coupling_rl1_c1\raw_runs\map_0511.log,C:\Users\vchat\Downloads\Vaishnavi_s_Thesis__2_\automation\results_behavior_windows\tonic_bursting\coupling_rl1_c1\plots\map_0511.png,,
512,ok,10500.0,1.7826024579660037e-08,C:\Users\vchat\Downloads\Vaishnavi_s_Thesis__2_\automation\results_behavior_windows\tonic_bursting\coupling_rl1_c1\raw_runs\map_0512.raw,C:\Users\vchat\Downloads\Vaishnavi_s_Thesis__2_\automation\results_behavior_windows\tonic_bursting\coupling_rl1_c1\raw_runs\map_0512.log,C:\Users\vchat\Downloads\Vaishnavi_s_Thesis__2_\automation\results_behavior_windows\tonic_bursting\coupling_rl1_c1\plots\map_0512.png,,
513,ok,10500.0,2.0896091587298827e-08,C:\Users\vchat\Downloads\Vaishnavi_s_Thesis__2_\automation\results_behavior_windows\tonic_bursting\coupling_rl1_c1\raw_runs\map_0513.raw,C:\Users\vchat\Downloads\Vaishnavi_s_Thesis__2_\automation\results_behavior_windows\tonic_bursting\coupling_rl1_c1\raw_runs\map_0513.log,C:\Users\vchat\Downloads\Vaishnavi_s_Thesis__2_\automation\results_behavior_windows\tonic_bursting\coupling_rl1_c1\plots\map_0513.png,,
514,ok,10500.0,2.4494897427831788e-08,C:\Users\vchat\Downloads\Vaishnavi_s_Thesis__2_\automation\results_behavior_windows\tonic_bursting\coupling_rl1_c1\raw_runs\map_0514.raw,C:\Users\vchat\Downloads\Vaishnavi_s_Thesis__2_\automation\results_behavior_windows\tonic_bursting\coupling_rl1_c1\raw_runs\map_0514.log,C:\Users\vchat\Downloads\Vaishnavi_s_Thesis__2_\automation\results_behavior_windows\tonic_bursting\coupling_rl1_c1\plots\map_0514.png,,
515,ok,10500.0,2.8713503551290684e-08,C:\Users\vchat\Downloads\Vaishnavi_s_Thesis__2_\automation\results_behavior_windows\tonic_bursting\coupling_rl1_c1\raw_runs\map_0515.raw,C:\Users\vchat\Downloads\Vaishnavi_s_Thesis__2_\automation\results_behavior_windows\tonic_bursting\coupling_rl1_c1\raw_runs\map_0515.log,C:\Users\vchat\Downloads\Vaishnavi_s_Thesis__2_\automation\results_behavior_windows\tonic_bursting\coupling_rl1_c1\plots\map_0515.png,,
516,ok,10500.0,3.3658654363385995e-08,C:\Users\vchat\Downloads\Vaishnavi_s_Thesis__2_\automation\results_behavior_windows\tonic_bursting\coupling_rl1_c1\raw_runs\map_0516.raw,C:\Users\vchat\Downloads\Vaishnavi_s_Thesis__2_\automation\results_behavior_windows\tonic_bursting\coupling_rl1_c1\raw_runs\map_0516.log,C:\Users\vchat\Downloads\Vaishnavi_s_Thesis__2_\automation\results_behavior_windows\tonic_bursting\coupling_rl1_c1\plots\map_0516.png,,
517,ok,10500.0,3.945547820488658e-08,C:\Users\vchat\Downloads\Vaishnavi_s_Thesis__2_\automation\results_behavior_windows\tonic_bursting\coupling_rl1_c1\raw_runs\map_0517.raw,C:\Users\vchat\Downloads\Vaishnavi_s_Thesis__2_\automation\results_behavior_windows\tonic_bursting\coupling_rl1_c1\raw_runs\map_0517.log,C:\Users\vchat\Downloads\Vaishnavi_s_Thesis__2_\automation\results_behavior_windows\tonic_bursting\coupling_rl1_c1\plots\map_0517.png,,
518,ok,10500.0,4.625065350413122e-08,C:\Users\vchat\Downloads\Vaishnavi_s_Thesis__2_\automation\results_behavior_windows\tonic_bursting\coupling_rl1_c1\raw_runs\map_0518.raw,C:\Users\vchat\Downloads\Vaishnavi_s_Thesis__2_\automation\results_behavior_windows\tonic_bursting\coupling_rl1_c1\raw_runs\map_0518.log,C:\Users\vchat\Downloads\Vaishnavi_s_Thesis__2_\automation\results_behavior_windows\tonic_bursting\coupling_rl1_c1\plots\map_0518.png,,
519,ok,10500.0,5.421612021659072e-08,C:\Users\vchat\Downloads\Vaishnavi_s_Thesis__2_\automation\results_behavior_windows\tonic_bursting\coupling_rl1_c1\raw_runs\map_0519.raw,C:\Users\vchat\Downloads\Vaishnavi_s_Thesis__2_\automation\results_behavior_windows\tonic_bursting\coupling_rl1_c1\raw_runs\map_0519.log,C:\Users\vchat\Downloads\Vaishnavi_s_Thesis__2_\automation\results_behavior_windows\tonic_bursting\coupling_rl1_c1\plots\map_0519.png,,
520,ok,10500.0,6.355343046292877e-08,C:\Users\vchat\Downloads\Vaishnavi_s_Thesis__2_\automation\results_behavior_windows\tonic_bursting\coupling_rl1_c1\raw_runs\map_0520.raw,C:\Users\vchat\Downloads\Vaishnavi_s_Thesis__2_\automation\results_behavior_windows\tonic_bursting\coupling_rl1_c1\raw_runs\map_0520.log,C:\Users\vchat\Downloads\Vaishnavi_s_Thesis__2_\automation\results_behavior_windows\tonic_bursting\coupling_rl1_c1\plots\map_0520.png,,
521,ok,10500.0,7.449884845080326e-08,C:\Users\vchat\Downloads\Vaishnavi_s_Thesis__2_\automation\results_behavior_windows\tonic_bursting\coupling_rl1_c1\raw_runs\map_0521.raw,C:\Users\vchat\Downloads\Vaishnavi_s_Thesis__2_\automation\results_behavior_windows\tonic_bursting\coupling_rl1_c1\raw_runs\map_0521.log,C:\Users\vchat\Downloads\Vaishnavi_s_Thesis__2_\automation\results_behavior_windows\tonic_bursting\coupling_rl1_c1\plots\map_0521.png,,
522,ok,10500.0,8.732932872495618e-08,C:\Users\vchat\Downloads\Vaishnavi_s_Thesis__2_\automation\results_behavior_windows\tonic_bursting\coupling_rl1_c1\raw_runs\map_0522.raw,C:\Users\vchat\Downloads\Vaishnavi_s_Thesis__2_\automation\results_behavior_windows\tonic_bursting\coupling_rl1_c1\raw_runs\map_0522.log,C:\Users\vchat\Downloads\Vaishnavi_s_Thesis__2_\automation\results_behavior_windows\tonic_bursting\coupling_rl1_c1\plots\map_0522.png,,
523,ok,10500.0,1.0236952401469272e-07,C:\Users\vchat\Downloads\Vaishnavi_s_Thesis__2_\automation\results_behavior_windows\tonic_bursting\coupling_rl1_c1\raw_runs\map_0523.raw,C:\Users\vchat\Downloads\Vaishnavi_s_Thesis__2_\automation\results_behavior_windows\tonic_bursting\coupling_rl1_c1\raw_runs\map_0523.log,C:\Users\vchat\Downloads\Vaishnavi_s_Thesis__2_\automation\results_behavior_windows\tonic_bursting\coupling_rl1_c1\plots\map_0523.png,,
524,ok,10500.0,1.2000000000000007e-07,C:\Users\vchat\Downloads\Vaishnavi_s_Thesis__2_\automation\results_behavior_windows\tonic_bursting\coupling_rl1_c1\raw_runs\map_0524.raw,C:\Users\vchat\Downloads\Vaishnavi_s_Thesis__2_\automation\results_behavior_windows\tonic_bursting\coupling_rl1_c1\raw_runs\map_0524.log,C:\Users\vchat\Downloads\Vaishnavi_s_Thesis__2_\automation\results_behavior_windows\tonic_bursting\coupling_rl1_c1\plots\map_0524.png,,
525,ok,10750.0,4.999999999999999e-09,C:\Users\vchat\Downloads\Vaishnavi_s_Thesis__2_\automation\results_behavior_windows\tonic_bursting\coupling_rl1_c1\raw_runs\map_0525.raw,C:\Users\vchat\Downloads\Vaishnavi_s_Thesis__2_\automation\results_behavior_windows\tonic_bursting\coupling_rl1_c1\raw_runs\map_0525.log,C:\Users\vchat\Downloads\Vaishnavi_s_Thesis__2_\automation\results_behavior_windows\tonic_bursting\coupling_rl1_c1\plots\map_0525.png,,
526,ok,10750.0,5.8611193690212385e-09,C:\Users\vchat\Downloads\Vaishnavi_s_Thesis__2_\automation\results_behavior_windows\tonic_bursting\coupling_rl1_c1\raw_runs\map_0526.raw,C:\Users\vchat\Downloads\Vaishnavi_s_Thesis__2_\automation\results_behavior_windows\tonic_bursting\coupling_rl1_c1\raw_runs\map_0526.log,C:\Users\vchat\Downloads\Vaishnavi_s_Thesis__2_\automation\results_behavior_windows\tonic_bursting\coupling_rl1_c1\plots\map_0526.png,,
527,ok,10750.0,6.870544051583186e-09,C:\Users\vchat\Downloads\Vaishnavi_s_Thesis__2_\automation\results_behavior_windows\tonic_bursting\coupling_rl1_c1\raw_runs\map_0527.raw,C:\Users\vchat\Downloads\Vaishnavi_s_Thesis__2_\automation\results_behavior_windows\tonic_bursting\coupling_rl1_c1\raw_runs\map_0527.log,C:\Users\vchat\Downloads\Vaishnavi_s_Thesis__2_\automation\results_behavior_windows\tonic_bursting\coupling_rl1_c1\plots\map_0527.png,,
528,ok,10750.0,8.053815763289574e-09,C:\Users\vchat\Downloads\Vaishnavi_s_Thesis__2_\automation\results_behavior_windows\tonic_bursting\coupling_rl1_c1\raw_runs\map_0528.raw,C:\Users\vchat\Downloads\Vaishnavi_s_Thesis__2_\automation\results_behavior_windows\tonic_bursting\coupling_rl1_c1\raw_runs\map_0528.log,C:\Users\vchat\Downloads\Vaishnavi_s_Thesis__2_\automation\results_behavior_windows\tonic_bursting\coupling_rl1_c1\plots\map_0528.png,,
529,ok,10750.0,9.44087511294902e-09,C:\Users\vchat\Downloads\Vaishnavi_s_Thesis__2_\automation\results_behavior_windows\tonic_bursting\coupling_rl1_c1\raw_runs\map_0529.raw,C:\Users\vchat\Downloads\Vaishnavi_s_Thesis__2_\automation\results_behavior_windows\tonic_bursting\coupling_rl1_c1\raw_runs\map_0529.log,C:\Users\vchat\Downloads\Vaishnavi_s_Thesis__2_\automation\results_behavior_windows\tonic_bursting\coupling_rl1_c1\plots\map_0529.png,,
530,ok,10750.0,1.1066819197003217e-08,C:\Users\vchat\Downloads\Vaishnavi_s_Thesis__2_\automation\results_behavior_windows\tonic_bursting\coupling_rl1_c1\raw_runs\map_0530.raw,C:\Users\vchat\Downloads\Vaishnavi_s_Thesis__2_\automation\results_behavior_windows\tonic_bursting\coupling_rl1_c1\raw_runs\map_0530.log,C:\Users\vchat\Downloads\Vaishnavi_s_Thesis__2_\automation\results_behavior_windows\tonic_bursting\coupling_rl1_c1\plots\map_0530.png,,
531,ok,10750.0,1.2972789669802326e-08,C:\Users\vchat\Downloads\Vaishnavi_s_Thesis__2_\automation\results_behavior_windows\tonic_bursting\coupling_rl1_c1\raw_runs\map_0531.raw,C:\Users\vchat\Downloads\Vaishnavi_s_Thesis__2_\automation\results_behavior_windows\tonic_bursting\coupling_rl1_c1\raw_runs\map_0531.log,C:\Users\vchat\Downloads\Vaishnavi_s_Thesis__2_\automation\results_behavior_windows\tonic_bursting\coupling_rl1_c1\plots\map_0531.png,,
532,ok,10750.0,1.5207013760783413e-08,C:\Users\vchat\Downloads\Vaishnavi_s_Thesis__2_\automation\results_behavior_windows\tonic_bursting\coupling_rl1_c1\raw_runs\map_0532.raw,C:\Users\vchat\Downloads\Vaishnavi_s_Thesis__2_\automation\results_behavior_windows\tonic_bursting\coupling_rl1_c1\raw_runs\map_0532.log,C:\Users\vchat\Downloads\Vaishnavi_s_Thesis__2_\automation\results_behavior_windows\tonic_bursting\coupling_rl1_c1\plots\map_0532.png,,
533,ok,10750.0,1.7826024579660037e-08,C:\Users\vchat\Downloads\Vaishnavi_s_Thesis__2_\automation\results_behavior_windows\tonic_bursting\coupling_rl1_c1\raw_runs\map_0533.raw,C:\Users\vchat\Downloads\Vaishnavi_s_Thesis__2_\automation\results_behavior_windows\tonic_bursting\coupling_rl1_c1\raw_runs\map_0533.log,C:\Users\vchat\Downloads\Vaishnavi_s_Thesis__2_\automation\results_behavior_windows\tonic_bursting\coupling_rl1_c1\plots\map_0533.png,,
534,ok,10750.0,2.0896091587298827e-08,C:\Users\vchat\Downloads\Vaishnavi_s_Thesis__2_\automation\results_behavior_windows\tonic_bursting\coupling_rl1_c1\raw_runs\map_0534.raw,C:\Users\vchat\Downloads\Vaishnavi_s_Thesis__2_\automation\results_behavior_windows\tonic_bursting\coupling_rl1_c1\raw_runs\map_0534.log,C:\Users\vchat\Downloads\Vaishnavi_s_Thesis__2_\automation\results_behavior_windows\tonic_bursting\coupling_rl1_c1\plots\map_0534.png,,
535,ok,10750.0,2.4494897427831788e-08,C:\Users\vchat\Downloads\Vaishnavi_s_Thesis__2_\automation\results_behavior_windows\tonic_bursting\coupling_rl1_c1\raw_runs\map_0535.raw,C:\Users\vchat\Downloads\Vaishnavi_s_Thesis__2_\automation\results_behavior_windows\tonic_bursting\coupling_rl1_c1\raw_runs\map_0535.log,C:\Users\vchat\Downloads\Vaishnavi_s_Thesis__2_\automation\results_behavior_windows\tonic_bursting\coupling_rl1_c1\plots\map_0535.png,,
536,ok,10750.0,2.8713503551290684e-08,C:\Users\vchat\Downloads\Vaishnavi_s_Thesis__2_\automation\results_behavior_windows\tonic_bursting\coupling_rl1_c1\raw_runs\map_0536.raw,C:\Users\vchat\Downloads\Vaishnavi_s_Thesis__2_\automation\results_behavior_windows\tonic_bursting\coupling_rl1_c1\raw_runs\map_0536.log,C:\Users\vchat\Downloads\Vaishnavi_s_Thesis__2_\automation\results_behavior_windows\tonic_bursting\coupling_rl1_c1\plots\map_0536.png,,
537,ok,10750.0,3.3658654363385995e-08,C:\Users\vchat\Downloads\Vaishnavi_s_Thesis__2_\automation\results_behavior_windows\tonic_bursting\coupling_rl1_c1\raw_runs\map_0537.raw,C:\Users\vchat\Downloads\Vaishnavi_s_Thesis__2_\automation\results_behavior_windows\tonic_bursting\coupling_rl1_c1\raw_runs\map_0537.log,C:\Users\vchat\Downloads\Vaishnavi_s_Thesis__2_\automation\results_behavior_windows\tonic_bursting\coupling_rl1_c1\plots\map_0537.png,,
538,ok,10750.0,3.945547820488658e-08,C:\Users\vchat\Downloads\Vaishnavi_s_Thesis__2_\automation\results_behavior_windows\tonic_bursting\coupling_rl1_c1\raw_runs\map_0538.raw,C:\Users\vchat\Downloads\Vaishnavi_s_Thesis__2_\automation\results_behavior_windows\tonic_bursting\coupling_rl1_c1\raw_runs\map_0538.log,C:\Users\vchat\Downloads\Vaishnavi_s_Thesis__2_\automation\results_behavior_windows\tonic_bursting\coupling_rl1_c1\plots\map_0538.png,,
539,ok,10750.0,4.625065350413122e-08,C:\Users\vchat\Downloads\Vaishnavi_s_Thesis__2_\automation\results_behavior_windows\tonic_bursting\coupling_rl1_c1\raw_runs\map_0539.raw,C:\Users\vchat\Downloads\Vaishnavi_s_Thesis__2_\automation\results_behavior_windows\tonic_bursting\coupling_rl1_c1\raw_runs\map_0539.log,C:\Users\vchat\Downloads\Vaishnavi_s_Thesis__2_\automation\results_behavior_windows\tonic_bursting\coupling_rl1_c1\plots\map_0539.png,,
540,ok,10750.0,5.421612021659072e-08,C:\Users\vchat\Downloads\Vaishnavi_s_Thesis__2_\automation\results_behavior_windows\tonic_bursting\coupling_rl1_c1\raw_runs\map_0540.raw,C:\Users\vchat\Downloads\Vaishnavi_s_Thesis__2_\automation\results_behavior_windows\tonic_bursting\coupling_rl1_c1\raw_runs\map_0540.log,C:\Users\vchat\Downloads\Vaishnavi_s_Thesis__2_\automation\results_behavior_windows\tonic_bursting\coupling_rl1_c1\plots\map_0540.png,,
541,ok,10750.0,6.355343046292877e-08,C:\Users\vchat\Downloads\Vaishnavi_s_Thesis__2_\automation\results_behavior_windows\tonic_bursting\coupling_rl1_c1\raw_runs\map_0541.raw,C:\Users\vchat\Downloads\Vaishnavi_s_Thesis__2_\automation\results_behavior_windows\tonic_bursting\coupling_rl1_c1\raw_runs\map_0541.log,C:\Users\vchat\Downloads\Vaishnavi_s_Thesis__2_\automation\results_behavior_windows\tonic_bursting\coupling_rl1_c1\plots\map_0541.png,,
542,ok,10750.0,7.449884845080326e-08,C:\Users\vchat\Downloads\Vaishnavi_s_Thesis__2_\automation\results_behavior_windows\tonic_bursting\coupling_rl1_c1\raw_runs\map_0542.raw,C:\Users\vchat\Downloads\Vaishnavi_s_Thesis__2_\automation\results_behavior_windows\tonic_bursting\coupling_rl1_c1\raw_runs\map_0542.log,C:\Users\vchat\Downloads\Vaishnavi_s_Thesis__2_\automation\results_behavior_windows\tonic_bursting\coupling_rl1_c1\plots\map_0542.png,,
543,ok,10750.0,8.732932872495618e-08,C:\Users\vchat\Downloads\Vaishnavi_s_Thesis__2_\automation\results_behavior_windows\tonic_bursting\coupling_rl1_c1\raw_runs\map_0543.raw,C:\Users\vchat\Downloads\Vaishnavi_s_Thesis__2_\automation\results_behavior_windows\tonic_bursting\coupling_rl1_c1\raw_runs\map_0543.log,C:\Users\vchat\Downloads\Vaishnavi_s_Thesis__2_\automation\results_behavior_windows\tonic_bursting\coupling_rl1_c1\plots\map_0543.png,,
544,ok,10750.0,1.0236952401469272e-07,C:\Users\vchat\Downloads\Vaishnavi_s_Thesis__2_\automation\results_behavior_windows\tonic_bursting\coupling_rl1_c1\raw_runs\map_0544.raw,C:\Users\vchat\Downloads\Vaishnavi_s_Thesis__2_\automation\results_behavior_windows\tonic_bursting\coupling_rl1_c1\raw_runs\map_0544.log,C:\Users\vchat\Downloads\Vaishnavi_s_Thesis__2_\automation\results_behavior_windows\tonic_bursting\coupling_rl1_c1\plots\map_0544.png,,
545,ok,10750.0,1.2000000000000007e-07,C:\Users\vchat\Downloads\Vaishnavi_s_Thesis__2_\automation\results_behavior_windows\tonic_bursting\coupling_rl1_c1\raw_runs\map_0545.raw,C:\Users\vchat\Downloads\Vaishnavi_s_Thesis__2_\automation\results_behavior_windows\tonic_bursting\coupling_rl1_c1\raw_runs\map_0545.log,C:\Users\vchat\Downloads\Vaishnavi_s_Thesis__2_\automation\results_behavior_windows\tonic_bursting\coupling_rl1_c1\plots\map_0545.png,,
546,ok,11000.0,4.999999999999999e-09,C:\Users\vchat\Downloads\Vaishnavi_s_Thesis__2_\automation\results_behavior_windows\tonic_bursting\coupling_rl1_c1\raw_runs\map_0546.raw,C:\Users\vchat\Downloads\Vaishnavi_s_Thesis__2_\automation\results_behavior_windows\tonic_bursting\coupling_rl1_c1\raw_runs\map_0546.log,C:\Users\vchat\Downloads\Vaishnavi_s_Thesis__2_\automation\results_behavior_windows\tonic_bursting\coupling_rl1_c1\plots\map_0546.png,,
547,ok,11000.0,5.8611193690212385e-09,C:\Users\vchat\Downloads\Vaishnavi_s_Thesis__2_\automation\results_behavior_windows\tonic_bursting\coupling_rl1_c1\raw_runs\map_0547.raw,C:\Users\vchat\Downloads\Vaishnavi_s_Thesis__2_\automation\results_behavior_windows\tonic_bursting\coupling_rl1_c1\raw_runs\map_0547.log,C:\Users\vchat\Downloads\Vaishnavi_s_Thesis__2_\automation\results_behavior_windows\tonic_bursting\coupling_rl1_c1\plots\map_0547.png,,
548,ok,11000.0,6.870544051583186e-09,C:\Users\vchat\Downloads\Vaishnavi_s_Thesis__2_\automation\results_behavior_windows\tonic_bursting\coupling_rl1_c1\raw_runs\map_0548.raw,C:\Users\vchat\Downloads\Vaishnavi_s_Thesis__2_\automation\results_behavior_windows\tonic_bursting\coupling_rl1_c1\raw_runs\map_0548.log,C:\Users\vchat\Downloads\Vaishnavi_s_Thesis__2_\automation\results_behavior_windows\tonic_bursting\coupling_rl1_c1\plots\map_0548.png,,
549,ok,11000.0,8.053815763289574e-09,C:\Users\vchat\Downloads\Vaishnavi_s_Thesis__2_\automation\results_behavior_windows\tonic_bursting\coupling_rl1_c1\raw_runs\map_0549.raw,C:\Users\vchat\Downloads\Vaishnavi_s_Thesis__2_\automation\results_behavior_windows\tonic_bursting\coupling_rl1_c1\raw_runs\map_0549.log,C:\Users\vchat\Downloads\Vaishnavi_s_Thesis__2_\automation\results_behavior_windows\tonic_bursting\coupling_rl1_c1\plots\map_0549.png,,
550,ok,11000.0,9.44087511294902e-09,C:\Users\vchat\Downloads\Vaishnavi_s_Thesis__2_\automation\results_behavior_windows\tonic_bursting\coupling_rl1_c1\raw_runs\map_0550.raw,C:\Users\vchat\Downloads\Vaishnavi_s_Thesis__2_\automation\results_behavior_windows\tonic_bursting\coupling_rl1_c1\raw_runs\map_0550.log,C:\Users\vchat\Downloads\Vaishnavi_s_Thesis__2_\automation\results_behavior_windows\tonic_bursting\coupling_rl1_c1\plots\map_0550.png,,
551,ok,11000.0,1.1066819197003217e-08,C:\Users\vchat\Downloads\Vaishnavi_s_Thesis__2_\automation\results_behavior_windows\tonic_bursting\coupling_rl1_c1\raw_runs\map_0551.raw,C:\Users\vchat\Downloads\Vaishnavi_s_Thesis__2_\automation\results_behavior_windows\tonic_bursting\coupling_rl1_c1\raw_runs\map_0551.log,C:\Users\vchat\Downloads\Vaishnavi_s_Thesis__2_\automation\results_behavior_windows\tonic_bursting\coupling_rl1_c1\plots\map_0551.png,,
552,ok,11000.0,1.2972789669802326e-08,C:\Users\vchat\Downloads\Vaishnavi_s_Thesis__2_\automation\results_behavior_windows\tonic_bursting\coupling_rl1_c1\raw_runs\map_0552.raw,C:\Users\vchat\Downloads\Vaishnavi_s_Thesis__2_\automation\results_behavior_windows\tonic_bursting\coupling_rl1_c1\raw_runs\map_0552.log,C:\Users\vchat\Downloads\Vaishnavi_s_Thesis__2_\automation\results_behavior_windows\tonic_bursting\coupling_rl1_c1\plots\map_0552.png,,
553,ok,11000.0,1.5207013760783413e-08,C:\Users\vchat\Downloads\Vaishnavi_s_Thesis__2_\automation\results_behavior_windows\tonic_bursting\coupling_rl1_c1\raw_runs\map_0553.raw,C:\Users\vchat\Downloads\Vaishnavi_s_Thesis__2_\automation\results_behavior_windows\tonic_bursting\coupling_rl1_c1\raw_runs\map_0553.log,C:\Users\vchat\Downloads\Vaishnavi_s_Thesis__2_\automation\results_behavior_windows\tonic_bursting\coupling_rl1_c1\plots\map_0553.png,,
554,ok,11000.0,1.7826024579660037e-08,C:\Users\vchat\Downloads\Vaishnavi_s_Thesis__2_\automation\results_behavior_windows\tonic_bursting\coupling_rl1_c1\raw_runs\map_0554.raw,C:\Users\vchat\Downloads\Vaishnavi_s_Thesis__2_\automation\results_behavior_windows\tonic_bursting\coupling_rl1_c1\raw_runs\map_0554.log,C:\Users\vchat\Downloads\Vaishnavi_s_Thesis__2_\automation\results_behavior_windows\tonic_bursting\coupling_rl1_c1\plots\map_0554.png,,
555,ok,11000.0,2.0896091587298827e-08,C:\Users\vchat\Downloads\Vaishnavi_s_Thesis__2_\automation\results_behavior_windows\tonic_bursting\coupling_rl1_c1\raw_runs\map_0555.raw,C:\Users\vchat\Downloads\Vaishnavi_s_Thesis__2_\automation\results_behavior_windows\tonic_bursting\coupling_rl1_c1\raw_runs\map_0555.log,C:\Users\vchat\Downloads\Vaishnavi_s_Thesis__2_\automation\results_behavior_windows\tonic_bursting\coupling_rl1_c1\plots\map_0555.png,,
556,ok,11000.0,2.4494897427831788e-08,C:\Users\vchat\Downloads\Vaishnavi_s_Thesis__2_\automation\results_behavior_windows\tonic_bursting\coupling_rl1_c1\raw_runs\map_0556.raw,C:\Users\vchat\Downloads\Vaishnavi_s_Thesis__2_\automation\results_behavior_windows\tonic_bursting\coupling_rl1_c1\raw_runs\map_0556.log,C:\Users\vchat\Downloads\Vaishnavi_s_Thesis__2_\automation\results_behavior_windows\tonic_bursting\coupling_rl1_c1\plots\map_0556.png,,
557,ok,11000.0,2.8713503551290684e-08,C:\Users\vchat\Downloads\Vaishnavi_s_Thesis__2_\automation\results_behavior_windows\tonic_bursting\coupling_rl1_c1\raw_runs\map_0557.raw,C:\Users\vchat\Downloads\Vaishnavi_s_Thesis__2_\automation\results_behavior_windows\tonic_bursting\coupling_rl1_c1\raw_runs\map_0557.log,C:\Users\vchat\Downloads\Vaishnavi_s_Thesis__2_\automation\results_behavior_windows\tonic_bursting\coupling_rl1_c1\plots\map_0557.png,,
558,ok,11000.0,3.3658654363385995e-08,C:\Users\vchat\Downloads\Vaishnavi_s_Thesis__2_\automation\results_behavior_windows\tonic_bursting\coupling_rl1_c1\raw_runs\map_0558.raw,C:\Users\vchat\Downloads\Vaishnavi_s_Thesis__2_\automation\results_behavior_windows\tonic_bursting\coupling_rl1_c1\raw_runs\map_0558.log,C:\Users\vchat\Downloads\Vaishnavi_s_Thesis__2_\automation\results_behavior_windows\tonic_bursting\coupling_rl1_c1\plots\map_0558.png,,
559,ok,11000.0,3.945547820488658e-08,C:\Users\vchat\Downloads\Vaishnavi_s_Thesis__2_\automation\results_behavior_windows\tonic_bursting\coupling_rl1_c1\raw_runs\map_0559.raw,C:\Users\vchat\Downloads\Vaishnavi_s_Thesis__2_\automation\results_behavior_windows\tonic_bursting\coupling_rl1_c1\raw_runs\map_0559.log,C:\Users\vchat\Downloads\Vaishnavi_s_Thesis__2_\automation\results_behavior_windows\tonic_bursting\coupling_rl1_c1\plots\map_0559.png,,
560,ok,11000.0,4.625065350413122e-08,C:\Users\vchat\Downloads\Vaishnavi_s_Thesis__2_\automation\results_behavior_windows\tonic_bursting\coupling_rl1_c1\raw_runs\map_0560.raw,C:\Users\vchat\Downloads\Vaishnavi_s_Thesis__2_\automation\results_behavior_windows\tonic_bursting\coupling_rl1_c1\raw_runs\map_0560.log,C:\Users\vchat\Downloads\Vaishnavi_s_Thesis__2_\automation\results_behavior_windows\tonic_bursting\coupling_rl1_c1\plots\map_0560.png,,
561,ok,11000.0,5.421612021659072e-08,C:\Users\vchat\Downloads\Vaishnavi_s_Thesis__2_\automation\results_behavior_windows\tonic_bursting\coupling_rl1_c1\raw_runs\map_0561.raw,C:\Users\vchat\Downloads\Vaishnavi_s_Thesis__2_\automation\results_behavior_windows\tonic_bursting\coupling_rl1_c1\raw_runs\map_0561.log,C:\Users\vchat\Downloads\Vaishnavi_s_Thesis__2_\automation\results_behavior_windows\tonic_bursting\coupling_rl1_c1\plots\map_0561.png,,
562,ok,11000.0,6.355343046292877e-08,C:\Users\vchat\Downloads\Vaishnavi_s_Thesis__2_\automation\results_behavior_windows\tonic_bursting\coupling_rl1_c1\raw_runs\map_0562.raw,C:\Users\vchat\Downloads\Vaishnavi_s_Thesis__2_\automation\results_behavior_windows\tonic_bursting\coupling_rl1_c1\raw_runs\map_0562.log,C:\Users\vchat\Downloads\Vaishnavi_s_Thesis__2_\automation\results_behavior_windows\tonic_bursting\coupling_rl1_c1\plots\map_0562.png,,
563,ok,11000.0,7.449884845080326e-08,C:\Users\vchat\Downloads\Vaishnavi_s_Thesis__2_\automation\results_behavior_windows\tonic_bursting\coupling_rl1_c1\raw_runs\map_0563.raw,C:\Users\vchat\Downloads\Vaishnavi_s_Thesis__2_\automation\results_behavior_windows\tonic_bursting\coupling_rl1_c1\raw_runs\map_0563.log,C:\Users\vchat\Downloads\Vaishnavi_s_Thesis__2_\automation\results_behavior_windows\tonic_bursting\coupling_rl1_c1\plots\map_0563.png,,
564,ok,11000.0,8.732932872495618e-08,C:\Users\vchat\Downloads\Vaishnavi_s_Thesis__2_\automation\results_behavior_windows\tonic_bursting\coupling_rl1_c1\raw_runs\map_0564.raw,C:\Users\vchat\Downloads\Vaishnavi_s_Thesis__2_\automation\results_behavior_windows\tonic_bursting\coupling_rl1_c1\raw_runs\map_0564.log,C:\Users\vchat\Downloads\Vaishnavi_s_Thesis__2_\automation\results_behavior_windows\tonic_bursting\coupling_rl1_c1\plots\map_0564.png,,
565,ok,11000.0,1.0236952401469272e-07,C:\Users\vchat\Downloads\Vaishnavi_s_Thesis__2_\automation\results_behavior_windows\tonic_bursting\coupling_rl1_c1\raw_runs\map_0565.raw,C:\Users\vchat\Downloads\Vaishnavi_s_Thesis__2_\automation\results_behavior_windows\tonic_bursting\coupling_rl1_c1\raw_runs\map_0565.log,C:\Users\vchat\Downloads\Vaishnavi_s_Thesis__2_\automation\results_behavior_windows\tonic_bursting\coupling_rl1_c1\plots\map_0565.png,,
566,ok,11000.0,1.2000000000000007e-07,C:\Users\vchat\Downloads\Vaishnavi_s_Thesis__2_\automation\results_behavior_windows\tonic_bursting\coupling_rl1_c1\raw_runs\map_0566.raw,C:\Users\vchat\Downloads\Vaishnavi_s_Thesis__2_\automation\results_behavior_windows\tonic_bursting\coupling_rl1_c1\raw_runs\map_0566.log,C:\Users\vchat\Downloads\Vaishnavi_s_Thesis__2_\automation\results_behavior_windows\tonic_bursting\coupling_rl1_c1\plots\map_0566.png,,
567,ok,11250.0,4.999999999999999e-09,C:\Users\vchat\Downloads\Vaishnavi_s_Thesis__2_\automation\results_behavior_windows\tonic_bursting\coupling_rl1_c1\raw_runs\map_0567.raw,C:\Users\vchat\Downloads\Vaishnavi_s_Thesis__2_\automation\results_behavior_windows\tonic_bursting\coupling_rl1_c1\raw_runs\map_0567.log,C:\Users\vchat\Downloads\Vaishnavi_s_Thesis__2_\automation\results_behavior_windows\tonic_bursting\coupling_rl1_c1\plots\map_0567.png,,
568,ok,11250.0,5.8611193690212385e-09,C:\Users\vchat\Downloads\Vaishnavi_s_Thesis__2_\automation\results_behavior_windows\tonic_bursting\coupling_rl1_c1\raw_runs\map_0568.raw,C:\Users\vchat\Downloads\Vaishnavi_s_Thesis__2_\automation\results_behavior_windows\tonic_bursting\coupling_rl1_c1\raw_runs\map_0568.log,C:\Users\vchat\Downloads\Vaishnavi_s_Thesis__2_\automation\results_behavior_windows\tonic_bursting\coupling_rl1_c1\plots\map_0568.png,,
569,ok,11250.0,6.870544051583186e-09,C:\Users\vchat\Downloads\Vaishnavi_s_Thesis__2_\automation\results_behavior_windows\tonic_bursting\coupling_rl1_c1\raw_runs\map_0569.raw,C:\Users\vchat\Downloads\Vaishnavi_s_Thesis__2_\automation\results_behavior_windows\tonic_bursting\coupling_rl1_c1\raw_runs\map_0569.log,C:\Users\vchat\Downloads\Vaishnavi_s_Thesis__2_\automation\results_behavior_windows\tonic_bursting\coupling_rl1_c1\plots\map_0569.png,,
570,ok,11250.0,8.053815763289574e-09,C:\Users\vchat\Downloads\Vaishnavi_s_Thesis__2_\automation\results_behavior_windows\tonic_bursting\coupling_rl1_c1\raw_runs\map_0570.raw,C:\Users\vchat\Downloads\Vaishnavi_s_Thesis__2_\automation\results_behavior_windows\tonic_bursting\coupling_rl1_c1\raw_runs\map_0570.log,C:\Users\vchat\Downloads\Vaishnavi_s_Thesis__2_\automation\results_behavior_windows\tonic_bursting\coupling_rl1_c1\plots\map_0570.png,,
571,ok,11250.0,9.44087511294902e-09,C:\Users\vchat\Downloads\Vaishnavi_s_Thesis__2_\automation\results_behavior_windows\tonic_bursting\coupling_rl1_c1\raw_runs\map_0571.raw,C:\Users\vchat\Downloads\Vaishnavi_s_Thesis__2_\automation\results_behavior_windows\tonic_bursting\coupling_rl1_c1\raw_runs\map_0571.log,C:\Users\vchat\Downloads\Vaishnavi_s_Thesis__2_\automation\results_behavior_windows\tonic_bursting\coupling_rl1_c1\plots\map_0571.png,,
572,ok,11250.0,1.1066819197003217e-08,C:\Users\vchat\Downloads\Vaishnavi_s_Thesis__2_\automation\results_behavior_windows\tonic_bursting\coupling_rl1_c1\raw_runs\map_0572.raw,C:\Users\vchat\Downloads\Vaishnavi_s_Thesis__2_\automation\results_behavior_windows\tonic_bursting\coupling_rl1_c1\raw_runs\map_0572.log,C:\Users\vchat\Downloads\Vaishnavi_s_Thesis__2_\automation\results_behavior_windows\tonic_bursting\coupling_rl1_c1\plots\map_0572.png,,
573,ok,11250.0,1.2972789669802326e-08,C:\Users\vchat\Downloads\Vaishnavi_s_Thesis__2_\automation\results_behavior_windows\tonic_bursting\coupling_rl1_c1\raw_runs\map_0573.raw,C:\Users\vchat\Downloads\Vaishnavi_s_Thesis__2_\automation\results_behavior_windows\tonic_bursting\coupling_rl1_c1\raw_runs\map_0573.log,C:\Users\vchat\Downloads\Vaishnavi_s_Thesis__2_\automation\results_behavior_windows\tonic_bursting\coupling_rl1_c1\plots\map_0573.png,,
574,ok,11250.0,1.5207013760783413e-08,C:\Users\vchat\Downloads\Vaishnavi_s_Thesis__2_\automation\results_behavior_windows\tonic_bursting\coupling_rl1_c1\raw_runs\map_0574.raw,C:\Users\vchat\Downloads\Vaishnavi_s_Thesis__2_\automation\results_behavior_windows\tonic_bursting\coupling_rl1_c1\raw_runs\map_0574.log,C:\Users\vchat\Downloads\Vaishnavi_s_Thesis__2_\automation\results_behavior_windows\tonic_bursting\coupling_rl1_c1\plots\map_0574.png,,
575,ok,11250.0,1.7826024579660037e-08,C:\Users\vchat\Downloads\Vaishnavi_s_Thesis__2_\automation\results_behavior_windows\tonic_bursting\coupling_rl1_c1\raw_runs\map_0575.raw,C:\Users\vchat\Downloads\Vaishnavi_s_Thesis__2_\automation\results_behavior_windows\tonic_bursting\coupling_rl1_c1\raw_runs\map_0575.log,C:\Users\vchat\Downloads\Vaishnavi_s_Thesis__2_\automation\results_behavior_windows\tonic_bursting\coupling_rl1_c1\plots\map_0575.png,,
576,ok,11250.0,2.0896091587298827e-08,C:\Users\vchat\Downloads\Vaishnavi_s_Thesis__2_\automation\results_behavior_windows\tonic_bursting\coupling_rl1_c1\raw_runs\map_0576.raw,C:\Users\vchat\Downloads\Vaishnavi_s_Thesis__2_\automation\results_behavior_windows\tonic_bursting\coupling_rl1_c1\raw_runs\map_0576.log,C:\Users\vchat\Downloads\Vaishnavi_s_Thesis__2_\automation\results_behavior_windows\tonic_bursting\coupling_rl1_c1\plots\map_0576.png,,
577,ok,11250.0,2.4494897427831788e-08,C:\Users\vchat\Downloads\Vaishnavi_s_Thesis__2_\automation\results_behavior_windows\tonic_bursting\coupling_rl1_c1\raw_runs\map_0577.raw,C:\Users\vchat\Downloads\Vaishnavi_s_Thesis__2_\automation\results_behavior_windows\tonic_bursting\coupling_rl1_c1\raw_runs\map_0577.log,C:\Users\vchat\Downloads\Vaishnavi_s_Thesis__2_\automation\results_behavior_windows\tonic_bursting\coupling_rl1_c1\plots\map_0577.png,,
578,ok,11250.0,2.8713503551290684e-08,C:\Users\vchat\Downloads\Vaishnavi_s_Thesis__2_\automation\results_behavior_windows\tonic_bursting\coupling_rl1_c1\raw_runs\map_0578.raw,C:\Users\vchat\Downloads\Vaishnavi_s_Thesis__2_\automation\results_behavior_windows\tonic_bursting\coupling_rl1_c1\raw_runs\map_0578.log,C:\Users\vchat\Downloads\Vaishnavi_s_Thesis__2_\automation\results_behavior_windows\tonic_bursting\coupling_rl1_c1\plots\map_0578.png,,
579,ok,11250.0,3.3658654363385995e-08,C:\Users\vchat\Downloads\Vaishnavi_s_Thesis__2_\automation\results_behavior_windows\tonic_bursting\coupling_rl1_c1\raw_runs\map_0579.raw,C:\Users\vchat\Downloads\Vaishnavi_s_Thesis__2_\automation\results_behavior_windows\tonic_bursting\coupling_rl1_c1\raw_runs\map_0579.log,C:\Users\vchat\Downloads\Vaishnavi_s_Thesis__2_\automation\results_behavior_windows\tonic_bursting\coupling_rl1_c1\plots\map_0579.png,,
580,ok,11250.0,3.945547820488658e-08,C:\Users\vchat\Downloads\Vaishnavi_s_Thesis__2_\automation\results_behavior_windows\tonic_bursting\coupling_rl1_c1\raw_runs\map_0580.raw,C:\Users\vchat\Downloads\Vaishnavi_s_Thesis__2_\automation\results_behavior_windows\tonic_bursting\coupling_rl1_c1\raw_runs\map_0580.log,C:\Users\vchat\Downloads\Vaishnavi_s_Thesis__2_\automation\results_behavior_windows\tonic_bursting\coupling_rl1_c1\plots\map_0580.png,,
581,ok,11250.0,4.625065350413122e-08,C:\Users\vchat\Downloads\Vaishnavi_s_Thesis__2_\automation\results_behavior_windows\tonic_bursting\coupling_rl1_c1\raw_runs\map_0581.raw,C:\Users\vchat\Downloads\Vaishnavi_s_Thesis__2_\automation\results_behavior_windows\tonic_bursting\coupling_rl1_c1\raw_runs\map_0581.log,C:\Users\vchat\Downloads\Vaishnavi_s_Thesis__2_\automation\results_behavior_windows\tonic_bursting\coupling_rl1_c1\plots\map_0581.png,,
582,ok,11250.0,5.421612021659072e-08,C:\Users\vchat\Downloads\Vaishnavi_s_Thesis__2_\automation\results_behavior_windows\tonic_bursting\coupling_rl1_c1\raw_runs\map_0582.raw,C:\Users\vchat\Downloads\Vaishnavi_s_Thesis__2_\automation\results_behavior_windows\tonic_bursting\coupling_rl1_c1\raw_runs\map_0582.log,C:\Users\vchat\Downloads\Vaishnavi_s_Thesis__2_\automation\results_behavior_windows\tonic_bursting\coupling_rl1_c1\plots\map_0582.png,,
583,ok,11250.0,6.355343046292877e-08,C:\Users\vchat\Downloads\Vaishnavi_s_Thesis__2_\automation\results_behavior_windows\tonic_bursting\coupling_rl1_c1\raw_runs\map_0583.raw,C:\Users\vchat\Downloads\Vaishnavi_s_Thesis__2_\automation\results_behavior_windows\tonic_bursting\coupling_rl1_c1\raw_runs\map_0583.log,C:\Users\vchat\Downloads\Vaishnavi_s_Thesis__2_\automation\results_behavior_windows\tonic_bursting\coupling_rl1_c1\plots\map_0583.png,,
584,ok,11250.0,7.449884845080326e-08,C:\Users\vchat\Downloads\Vaishnavi_s_Thesis__2_\automation\results_behavior_windows\tonic_bursting\coupling_rl1_c1\raw_runs\map_0584.raw,C:\Users\vchat\Downloads\Vaishnavi_s_Thesis__2_\automation\results_behavior_windows\tonic_bursting\coupling_rl1_c1\raw_runs\map_0584.log,C:\Users\vchat\Downloads\Vaishnavi_s_Thesis__2_\automation\results_behavior_windows\tonic_bursting\coupling_rl1_c1\plots\map_0584.png,,
585,ok,11250.0,8.732932872495618e-08,C:\Users\vchat\Downloads\Vaishnavi_s_Thesis__2_\automation\results_behavior_windows\tonic_bursting\coupling_rl1_c1\raw_runs\map_0585.raw,C:\Users\vchat\Downloads\Vaishnavi_s_Thesis__2_\automation\results_behavior_windows\tonic_bursting\coupling_rl1_c1\raw_runs\map_0585.log,C:\Users\vchat\Downloads\Vaishnavi_s_Thesis__2_\automation\results_behavior_windows\tonic_bursting\coupling_rl1_c1\plots\map_0585.png,,
586,ok,11250.0,1.0236952401469272e-07,C:\Users\vchat\Downloads\Vaishnavi_s_Thesis__2_\automation\results_behavior_windows\tonic_bursting\coupling_rl1_c1\raw_runs\map_0586.raw,C:\Users\vchat\Downloads\Vaishnavi_s_Thesis__2_\automation\results_behavior_windows\tonic_bursting\coupling_rl1_c1\raw_runs\map_0586.log,C:\Users\vchat\Downloads\Vaishnavi_s_Thesis__2_\automation\results_behavior_windows\tonic_bursting\coupling_rl1_c1\plots\map_0586.png,,
587,ok,11250.0,1.2000000000000007e-07,C:\Users\vchat\Downloads\Vaishnavi_s_Thesis__2_\automation\results_behavior_windows\tonic_bursting\coupling_rl1_c1\raw_runs\map_0587.raw,C:\Users\vchat\Downloads\Vaishnavi_s_Thesis__2_\automation\results_behavior_windows\tonic_bursting\coupling_rl1_c1\raw_runs\map_0587.log,C:\Users\vchat\Downloads\Vaishnavi_s_Thesis__2_\automation\results_behavior_windows\tonic_bursting\coupling_rl1_c1\plots\map_0587.png,,
588,ok,11500.0,4.999999999999999e-09,C:\Users\vchat\Downloads\Vaishnavi_s_Thesis__2_\automation\results_behavior_windows\tonic_bursting\coupling_rl1_c1\raw_runs\map_0588.raw,C:\Users\vchat\Downloads\Vaishnavi_s_Thesis__2_\automation\results_behavior_windows\tonic_bursting\coupling_rl1_c1\raw_runs\map_0588.log,C:\Users\vchat\Downloads\Vaishnavi_s_Thesis__2_\automation\results_behavior_windows\tonic_bursting\coupling_rl1_c1\plots\map_0588.png,,
589,ok,11500.0,5.8611193690212385e-09,C:\Users\vchat\Downloads\Vaishnavi_s_Thesis__2_\automation\results_behavior_windows\tonic_bursting\coupling_rl1_c1\raw_runs\map_0589.raw,C:\Users\vchat\Downloads\Vaishnavi_s_Thesis__2_\automation\results_behavior_windows\tonic_bursting\coupling_rl1_c1\raw_runs\map_0589.log,C:\Users\vchat\Downloads\Vaishnavi_s_Thesis__2_\automation\results_behavior_windows\tonic_bursting\coupling_rl1_c1\plots\map_0589.png,,
590,ok,11500.0,6.870544051583186e-09,C:\Users\vchat\Downloads\Vaishnavi_s_Thesis__2_\automation\results_behavior_windows\tonic_bursting\coupling_rl1_c1\raw_runs\map_0590.raw,C:\Users\vchat\Downloads\Vaishnavi_s_Thesis__2_\automation\results_behavior_windows\tonic_bursting\coupling_rl1_c1\raw_runs\map_0590.log,C:\Users\vchat\Downloads\Vaishnavi_s_Thesis__2_\automation\results_behavior_windows\tonic_bursting\coupling_rl1_c1\plots\map_0590.png,,
591,ok,11500.0,8.053815763289574e-09,C:\Users\vchat\Downloads\Vaishnavi_s_Thesis__2_\automation\results_behavior_windows\tonic_bursting\coupling_rl1_c1\raw_runs\map_0591.raw,C:\Users\vchat\Downloads\Vaishnavi_s_Thesis__2_\automation\results_behavior_windows\tonic_bursting\coupling_rl1_c1\raw_runs\map_0591.log,C:\Users\vchat\Downloads\Vaishnavi_s_Thesis__2_\automation\results_behavior_windows\tonic_bursting\coupling_rl1_c1\plots\map_0591.png,,
592,ok,11500.0,9.44087511294902e-09,C:\Users\vchat\Downloads\Vaishnavi_s_Thesis__2_\automation\results_behavior_windows\tonic_bursting\coupling_rl1_c1\raw_runs\map_0592.raw,C:\Users\vchat\Downloads\Vaishnavi_s_Thesis__2_\automation\results_behavior_windows\tonic_bursting\coupling_rl1_c1\raw_runs\map_0592.log,C:\Users\vchat\Downloads\Vaishnavi_s_Thesis__2_\automation\results_behavior_windows\tonic_bursting\coupling_rl1_c1\plots\map_0592.png,,
593,ok,11500.0,1.1066819197003217e-08,C:\Users\vchat\Downloads\Vaishnavi_s_Thesis__2_\automation\results_behavior_windows\tonic_bursting\coupling_rl1_c1\raw_runs\map_0593.raw,C:\Users\vchat\Downloads\Vaishnavi_s_Thesis__2_\automation\results_behavior_windows\tonic_bursting\coupling_rl1_c1\raw_runs\map_0593.log,C:\Users\vchat\Downloads\Vaishnavi_s_Thesis__2_\automation\results_behavior_windows\tonic_bursting\coupling_rl1_c1\plots\map_0593.png,,
594,ok,11500.0,1.2972789669802326e-08,C:\Users\vchat\Downloads\Vaishnavi_s_Thesis__2_\automation\results_behavior_windows\tonic_bursting\coupling_rl1_c1\raw_runs\map_0594.raw,C:\Users\vchat\Downloads\Vaishnavi_s_Thesis__2_\automation\results_behavior_windows\tonic_bursting\coupling_rl1_c1\raw_runs\map_0594.log,C:\Users\vchat\Downloads\Vaishnavi_s_Thesis__2_\automation\results_behavior_windows\tonic_bursting\coupling_rl1_c1\plots\map_0594.png,,
595,ok,11500.0,1.5207013760783413e-08,C:\Users\vchat\Downloads\Vaishnavi_s_Thesis__2_\automation\results_behavior_windows\tonic_bursting\coupling_rl1_c1\raw_runs\map_0595.raw,C:\Users\vchat\Downloads\Vaishnavi_s_Thesis__2_\automation\results_behavior_windows\tonic_bursting\coupling_rl1_c1\raw_runs\map_0595.log,C:\Users\vchat\Downloads\Vaishnavi_s_Thesis__2_\automation\results_behavior_windows\tonic_bursting\coupling_rl1_c1\plots\map_0595.png,,
596,ok,11500.0,1.7826024579660037e-08,C:\Users\vchat\Downloads\Vaishnavi_s_Thesis__2_\automation\results_behavior_windows\tonic_bursting\coupling_rl1_c1\raw_runs\map_0596.raw,C:\Users\vchat\Downloads\Vaishnavi_s_Thesis__2_\automation\results_behavior_windows\tonic_bursting\coupling_rl1_c1\raw_runs\map_0596.log,C:\Users\vchat\Downloads\Vaishnavi_s_Thesis__2_\automation\results_behavior_windows\tonic_bursting\coupling_rl1_c1\plots\map_0596.png,,
597,ok,11500.0,2.0896091587298827e-08,C:\Users\vchat\Downloads\Vaishnavi_s_Thesis__2_\automation\results_behavior_windows\tonic_bursting\coupling_rl1_c1\raw_runs\map_0597.raw,C:\Users\vchat\Downloads\Vaishnavi_s_Thesis__2_\automation\results_behavior_windows\tonic_bursting\coupling_rl1_c1\raw_runs\map_0597.log,C:\Users\vchat\Downloads\Vaishnavi_s_Thesis__2_\automation\results_behavior_windows\tonic_bursting\coupling_rl1_c1\plots\map_0597.png,,
598,ok,11500.0,2.4494897427831788e-08,C:\Users\vchat\Downloads\Vaishnavi_s_Thesis__2_\automation\results_behavior_windows\tonic_bursting\coupling_rl1_c1\raw_runs\map_0598.raw,C:\Users\vchat\Downloads\Vaishnavi_s_Thesis__2_\automation\results_behavior_windows\tonic_bursting\coupling_rl1_c1\raw_runs\map_0598.log,C:\Users\vchat\Downloads\Vaishnavi_s_Thesis__2_\automation\results_behavior_windows\tonic_bursting\coupling_rl1_c1\plots\map_0598.png,,
599,ok,11500.0,2.8713503551290684e-08,C:\Users\vchat\Downloads\Vaishnavi_s_Thesis__2_\automation\results_behavior_windows\tonic_bursting\coupling_rl1_c1\raw_runs\map_0599.raw,C:\Users\vchat\Downloads\Vaishnavi_s_Thesis__2_\automation\results_behavior_windows\tonic_bursting\coupling_rl1_c1\raw_runs\map_0599.log,C:\Users\vchat\Downloads\Vaishnavi_s_Thesis__2_\automation\results_behavior_windows\tonic_bursting\coupling_rl1_c1\plots\map_0599.png,,
600,ok,11500.0,3.3658654363385995e-08,C:\Users\vchat\Downloads\Vaishnavi_s_Thesis__2_\automation\results_behavior_windows\tonic_bursting\coupling_rl1_c1\raw_runs\map_0600.raw,C:\Users\vchat\Downloads\Vaishnavi_s_Thesis__2_\automation\results_behavior_windows\tonic_bursting\coupling_rl1_c1\raw_runs\map_0600.log,C:\Users\vchat\Downloads\Vaishnavi_s_Thesis__2_\automation\results_behavior_windows\tonic_bursting\coupling_rl1_c1\plots\map_0600.png,,
601,ok,11500.0,3.945547820488658e-08,C:\Users\vchat\Downloads\Vaishnavi_s_Thesis__2_\automation\results_behavior_windows\tonic_bursting\coupling_rl1_c1\raw_runs\map_0601.raw,C:\Users\vchat\Downloads\Vaishnavi_s_Thesis__2_\automation\results_behavior_windows\tonic_bursting\coupling_rl1_c1\raw_runs\map_0601.log,C:\Users\vchat\Downloads\Vaishnavi_s_Thesis__2_\automation\results_behavior_windows\tonic_bursting\coupling_rl1_c1\plots\map_0601.png,,
602,ok,11500.0,4.625065350413122e-08,C:\Users\vchat\Downloads\Vaishnavi_s_Thesis__2_\automation\results_behavior_windows\tonic_bursting\coupling_rl1_c1\raw_runs\map_0602.raw,C:\Users\vchat\Downloads\Vaishnavi_s_Thesis__2_\automation\results_behavior_windows\tonic_bursting\coupling_rl1_c1\raw_runs\map_0602.log,C:\Users\vchat\Downloads\Vaishnavi_s_Thesis__2_\automation\results_behavior_windows\tonic_bursting\coupling_rl1_c1\plots\map_0602.png,,
603,ok,11500.0,5.421612021659072e-08,C:\Users\vchat\Downloads\Vaishnavi_s_Thesis__2_\automation\results_behavior_windows\tonic_bursting\coupling_rl1_c1\raw_runs\map_0603.raw,C:\Users\vchat\Downloads\Vaishnavi_s_Thesis__2_\automation\results_behavior_windows\tonic_bursting\coupling_rl1_c1\raw_runs\map_0603.log,C:\Users\vchat\Downloads\Vaishnavi_s_Thesis__2_\automation\results_behavior_windows\tonic_bursting\coupling_rl1_c1\plots\map_0603.png,,
604,ok,11500.0,6.355343046292877e-08,C:\Users\vchat\Downloads\Vaishnavi_s_Thesis__2_\automation\results_behavior_windows\tonic_bursting\coupling_rl1_c1\raw_runs\map_0604.raw,C:\Users\vchat\Downloads\Vaishnavi_s_Thesis__2_\automation\results_behavior_windows\tonic_bursting\coupling_rl1_c1\raw_runs\map_0604.log,C:\Users\vchat\Downloads\Vaishnavi_s_Thesis__2_\automation\results_behavior_windows\tonic_bursting\coupling_rl1_c1\plots\map_0604.png,,
605,ok,11500.0,7.449884845080326e-08,C:\Users\vchat\Downloads\Vaishnavi_s_Thesis__2_\automation\results_behavior_windows\tonic_bursting\coupling_rl1_c1\raw_runs\map_0605.raw,C:\Users\vchat\Downloads\Vaishnavi_s_Thesis__2_\automation\results_behavior_windows\tonic_bursting\coupling_rl1_c1\raw_runs\map_0605.log,C:\Users\vchat\Downloads\Vaishnavi_s_Thesis__2_\automation\results_behavior_windows\tonic_bursting\coupling_rl1_c1\plots\map_0605.png,,
606,ok,11500.0,8.732932872495618e-08,C:\Users\vchat\Downloads\Vaishnavi_s_Thesis__2_\automation\results_behavior_windows\tonic_bursting\coupling_rl1_c1\raw_runs\map_0606.raw,C:\Users\vchat\Downloads\Vaishnavi_s_Thesis__2_\automation\results_behavior_windows\tonic_bursting\coupling_rl1_c1\raw_runs\map_0606.log,C:\Users\vchat\Downloads\Vaishnavi_s_Thesis__2_\automation\results_behavior_windows\tonic_bursting\coupling_rl1_c1\plots\map_0606.png,,
607,ok,11500.0,1.0236952401469272e-07,C:\Users\vchat\Downloads\Vaishnavi_s_Thesis__2_\automation\results_behavior_windows\tonic_bursting\coupling_rl1_c1\raw_runs\map_0607.raw,C:\Users\vchat\Downloads\Vaishnavi_s_Thesis__2_\automation\results_behavior_windows\tonic_bursting\coupling_rl1_c1\raw_runs\map_0607.log,C:\Users\vchat\Downloads\Vaishnavi_s_Thesis__2_\automation\results_behavior_windows\tonic_bursting\coupling_rl1_c1\plots\map_0607.png,,
608,ok,11500.0,1.2000000000000007e-07,C:\Users\vchat\Downloads\Vaishnavi_s_Thesis__2_\automation\results_behavior_windows\tonic_bursting\coupling_rl1_c1\raw_runs\map_0608.raw,C:\Users\vchat\Downloads\Vaishnavi_s_Thesis__2_\automation\results_behavior_windows\tonic_bursting\coupling_rl1_c1\raw_runs\map_0608.log,C:\Users\vchat\Downloads\Vaishnavi_s_Thesis__2_\automation\results_behavior_windows\tonic_bursting\coupling_rl1_c1\plots\map_0608.png,,
609,ok,11750.0,4.999999999999999e-09,C:\Users\vchat\Downloads\Vaishnavi_s_Thesis__2_\automation\results_behavior_windows\tonic_bursting\coupling_rl1_c1\raw_runs\map_0609.raw,C:\Users\vchat\Downloads\Vaishnavi_s_Thesis__2_\automation\results_behavior_windows\tonic_bursting\coupling_rl1_c1\raw_runs\map_0609.log,C:\Users\vchat\Downloads\Vaishnavi_s_Thesis__2_\automation\results_behavior_windows\tonic_bursting\coupling_rl1_c1\plots\map_0609.png,,
610,ok,11750.0,5.8611193690212385e-09,C:\Users\vchat\Downloads\Vaishnavi_s_Thesis__2_\automation\results_behavior_windows\tonic_bursting\coupling_rl1_c1\raw_runs\map_0610.raw,C:\Users\vchat\Downloads\Vaishnavi_s_Thesis__2_\automation\results_behavior_windows\tonic_bursting\coupling_rl1_c1\raw_runs\map_0610.log,C:\Users\vchat\Downloads\Vaishnavi_s_Thesis__2_\automation\results_behavior_windows\tonic_bursting\coupling_rl1_c1\plots\map_0610.png,,
611,ok,11750.0,6.870544051583186e-09,C:\Users\vchat\Downloads\Vaishnavi_s_Thesis__2_\automation\results_behavior_windows\tonic_bursting\coupling_rl1_c1\raw_runs\map_0611.raw,C:\Users\vchat\Downloads\Vaishnavi_s_Thesis__2_\automation\results_behavior_windows\tonic_bursting\coupling_rl1_c1\raw_runs\map_0611.log,C:\Users\vchat\Downloads\Vaishnavi_s_Thesis__2_\automation\results_behavior_windows\tonic_bursting\coupling_rl1_c1\plots\map_0611.png,,
612,ok,11750.0,8.053815763289574e-09,C:\Users\vchat\Downloads\Vaishnavi_s_Thesis__2_\automation\results_behavior_windows\tonic_bursting\coupling_rl1_c1\raw_runs\map_0612.raw,C:\Users\vchat\Downloads\Vaishnavi_s_Thesis__2_\automation\results_behavior_windows\tonic_bursting\coupling_rl1_c1\raw_runs\map_0612.log,C:\Users\vchat\Downloads\Vaishnavi_s_Thesis__2_\automation\results_behavior_windows\tonic_bursting\coupling_rl1_c1\plots\map_0612.png,,
613,ok,11750.0,9.44087511294902e-09,C:\Users\vchat\Downloads\Vaishnavi_s_Thesis__2_\automation\results_behavior_windows\tonic_bursting\coupling_rl1_c1\raw_runs\map_0613.raw,C:\Users\vchat\Downloads\Vaishnavi_s_Thesis__2_\automation\results_behavior_windows\tonic_bursting\coupling_rl1_c1\raw_runs\map_0613.log,C:\Users\vchat\Downloads\Vaishnavi_s_Thesis__2_\automation\results_behavior_windows\tonic_bursting\coupling_rl1_c1\plots\map_0613.png,,
614,ok,11750.0,1.1066819197003217e-08,C:\Users\vchat\Downloads\Vaishnavi_s_Thesis__2_\automation\results_behavior_windows\tonic_bursting\coupling_rl1_c1\raw_runs\map_0614.raw,C:\Users\vchat\Downloads\Vaishnavi_s_Thesis__2_\automation\results_behavior_windows\tonic_bursting\coupling_rl1_c1\raw_runs\map_0614.log,C:\Users\vchat\Downloads\Vaishnavi_s_Thesis__2_\automation\results_behavior_windows\tonic_bursting\coupling_rl1_c1\plots\map_0614.png,,
615,ok,11750.0,1.2972789669802326e-08,C:\Users\vchat\Downloads\Vaishnavi_s_Thesis__2_\automation\results_behavior_windows\tonic_bursting\coupling_rl1_c1\raw_runs\map_0615.raw,C:\Users\vchat\Downloads\Vaishnavi_s_Thesis__2_\automation\results_behavior_windows\tonic_bursting\coupling_rl1_c1\raw_runs\map_0615.log,C:\Users\vchat\Downloads\Vaishnavi_s_Thesis__2_\automation\results_behavior_windows\tonic_bursting\coupling_rl1_c1\plots\map_0615.png,,
616,ok,11750.0,1.5207013760783413e-08,C:\Users\vchat\Downloads\Vaishnavi_s_Thesis__2_\automation\results_behavior_windows\tonic_bursting\coupling_rl1_c1\raw_runs\map_0616.raw,C:\Users\vchat\Downloads\Vaishnavi_s_Thesis__2_\automation\results_behavior_windows\tonic_bursting\coupling_rl1_c1\raw_runs\map_0616.log,C:\Users\vchat\Downloads\Vaishnavi_s_Thesis__2_\automation\results_behavior_windows\tonic_bursting\coupling_rl1_c1\plots\map_0616.png,,
617,ok,11750.0,1.7826024579660037e-08,C:\Users\vchat\Downloads\Vaishnavi_s_Thesis__2_\automation\results_behavior_windows\tonic_bursting\coupling_rl1_c1\raw_runs\map_0617.raw,C:\Users\vchat\Downloads\Vaishnavi_s_Thesis__2_\automation\results_behavior_windows\tonic_bursting\coupling_rl1_c1\raw_runs\map_0617.log,C:\Users\vchat\Downloads\Vaishnavi_s_Thesis__2_\automation\results_behavior_windows\tonic_bursting\coupling_rl1_c1\plots\map_0617.png,,
618,ok,11750.0,2.0896091587298827e-08,C:\Users\vchat\Downloads\Vaishnavi_s_Thesis__2_\automation\results_behavior_windows\tonic_bursting\coupling_rl1_c1\raw_runs\map_0618.raw,C:\Users\vchat\Downloads\Vaishnavi_s_Thesis__2_\automation\results_behavior_windows\tonic_bursting\coupling_rl1_c1\raw_runs\map_0618.log,C:\Users\vchat\Downloads\Vaishnavi_s_Thesis__2_\automation\results_behavior_windows\tonic_bursting\coupling_rl1_c1\plots\map_0618.png,,
619,ok,11750.0,2.4494897427831788e-08,C:\Users\vchat\Downloads\Vaishnavi_s_Thesis__2_\automation\results_behavior_windows\tonic_bursting\coupling_rl1_c1\raw_runs\map_0619.raw,C:\Users\vchat\Downloads\Vaishnavi_s_Thesis__2_\automation\results_behavior_windows\tonic_bursting\coupling_rl1_c1\raw_runs\map_0619.log,C:\Users\vchat\Downloads\Vaishnavi_s_Thesis__2_\automation\results_behavior_windows\tonic_bursting\coupling_rl1_c1\plots\map_0619.png,,
620,ok,11750.0,2.8713503551290684e-08,C:\Users\vchat\Downloads\Vaishnavi_s_Thesis__2_\automation\results_behavior_windows\tonic_bursting\coupling_rl1_c1\raw_runs\map_0620.raw,C:\Users\vchat\Downloads\Vaishnavi_s_Thesis__2_\automation\results_behavior_windows\tonic_bursting\coupling_rl1_c1\raw_runs\map_0620.log,C:\Users\vchat\Downloads\Vaishnavi_s_Thesis__2_\automation\results_behavior_windows\tonic_bursting\coupling_rl1_c1\plots\map_0620.png,,
621,ok,11750.0,3.3658654363385995e-08,C:\Users\vchat\Downloads\Vaishnavi_s_Thesis__2_\automation\results_behavior_windows\tonic_bursting\coupling_rl1_c1\raw_runs\map_0621.raw,C:\Users\vchat\Downloads\Vaishnavi_s_Thesis__2_\automation\results_behavior_windows\tonic_bursting\coupling_rl1_c1\raw_runs\map_0621.log,C:\Users\vchat\Downloads\Vaishnavi_s_Thesis__2_\automation\results_behavior_windows\tonic_bursting\coupling_rl1_c1\plots\map_0621.png,,
622,ok,11750.0,3.945547820488658e-08,C:\Users\vchat\Downloads\Vaishnavi_s_Thesis__2_\automation\results_behavior_windows\tonic_bursting\coupling_rl1_c1\raw_runs\map_0622.raw,C:\Users\vchat\Downloads\Vaishnavi_s_Thesis__2_\automation\results_behavior_windows\tonic_bursting\coupling_rl1_c1\raw_runs\map_0622.log,C:\Users\vchat\Downloads\Vaishnavi_s_Thesis__2_\automation\results_behavior_windows\tonic_bursting\coupling_rl1_c1\plots\map_0622.png,,
623,ok,11750.0,4.625065350413122e-08,C:\Users\vchat\Downloads\Vaishnavi_s_Thesis__2_\automation\results_behavior_windows\tonic_bursting\coupling_rl1_c1\raw_runs\map_0623.raw,C:\Users\vchat\Downloads\Vaishnavi_s_Thesis__2_\automation\results_behavior_windows\tonic_bursting\coupling_rl1_c1\raw_runs\map_0623.log,C:\Users\vchat\Downloads\Vaishnavi_s_Thesis__2_\automation\results_behavior_windows\tonic_bursting\coupling_rl1_c1\plots\map_0623.png,,
624,ok,11750.0,5.421612021659072e-08,C:\Users\vchat\Downloads\Vaishnavi_s_Thesis__2_\automation\results_behavior_windows\tonic_bursting\coupling_rl1_c1\raw_runs\map_0624.raw,C:\Users\vchat\Downloads\Vaishnavi_s_Thesis__2_\automation\results_behavior_windows\tonic_bursting\coupling_rl1_c1\raw_runs\map_0624.log,C:\Users\vchat\Downloads\Vaishnavi_s_Thesis__2_\automation\results_behavior_windows\tonic_bursting\coupling_rl1_c1\plots\map_0624.png,,
625,ok,11750.0,6.355343046292877e-08,C:\Users\vchat\Downloads\Vaishnavi_s_Thesis__2_\automation\results_behavior_windows\tonic_bursting\coupling_rl1_c1\raw_runs\map_0625.raw,C:\Users\vchat\Downloads\Vaishnavi_s_Thesis__2_\automation\results_behavior_windows\tonic_bursting\coupling_rl1_c1\raw_runs\map_0625.log,C:\Users\vchat\Downloads\Vaishnavi_s_Thesis__2_\automation\results_behavior_windows\tonic_bursting\coupling_rl1_c1\plots\map_0625.png,,
626,ok,11750.0,7.449884845080326e-08,C:\Users\vchat\Downloads\Vaishnavi_s_Thesis__2_\automation\results_behavior_windows\tonic_bursting\coupling_rl1_c1\raw_runs\map_0626.raw,C:\Users\vchat\Downloads\Vaishnavi_s_Thesis__2_\automation\results_behavior_windows\tonic_bursting\coupling_rl1_c1\raw_runs\map_0626.log,C:\Users\vchat\Downloads\Vaishnavi_s_Thesis__2_\automation\results_behavior_windows\tonic_bursting\coupling_rl1_c1\plots\map_0626.png,,
627,ok,11750.0,8.732932872495618e-08,C:\Users\vchat\Downloads\Vaishnavi_s_Thesis__2_\automation\results_behavior_windows\tonic_bursting\coupling_rl1_c1\raw_runs\map_0627.raw,C:\Users\vchat\Downloads\Vaishnavi_s_Thesis__2_\automation\results_behavior_windows\tonic_bursting\coupling_rl1_c1\raw_runs\map_0627.log,C:\Users\vchat\Downloads\Vaishnavi_s_Thesis__2_\automation\results_behavior_windows\tonic_bursting\coupling_rl1_c1\plots\map_0627.png,,
628,ok,11750.0,1.0236952401469272e-07,C:\Users\vchat\Downloads\Vaishnavi_s_Thesis__2_\automation\results_behavior_windows\tonic_bursting\coupling_rl1_c1\raw_runs\map_0628.raw,C:\Users\vchat\Downloads\Vaishnavi_s_Thesis__2_\automation\results_behavior_windows\tonic_bursting\coupling_rl1_c1\raw_runs\map_0628.log,C:\Users\vchat\Downloads\Vaishnavi_s_Thesis__2_\automation\results_behavior_windows\tonic_bursting\coupling_rl1_c1\plots\map_0628.png,,
629,ok,11750.0,1.2000000000000007e-07,C:\Users\vchat\Downloads\Vaishnavi_s_Thesis__2_\automation\results_behavior_windows\tonic_bursting\coupling_rl1_c1\raw_runs\map_0629.raw,C:\Users\vchat\Downloads\Vaishnavi_s_Thesis__2_\automation\results_behavior_windows\tonic_bursting\coupling_rl1_c1\raw_runs\map_0629.log,C:\Users\vchat\Downloads\Vaishnavi_s_Thesis__2_\automation\results_behavior_windows\tonic_bursting\coupling_rl1_c1\plots\map_0629.png,,
630,ok,12000.0,4.999999999999999e-09,C:\Users\vchat\Downloads\Vaishnavi_s_Thesis__2_\automation\results_behavior_windows\tonic_bursting\coupling_rl1_c1\raw_runs\map_0630.raw,C:\Users\vchat\Downloads\Vaishnavi_s_Thesis__2_\automation\results_behavior_windows\tonic_bursting\coupling_rl1_c1\raw_runs\map_0630.log,C:\Users\vchat\Downloads\Vaishnavi_s_Thesis__2_\automation\results_behavior_windows\tonic_bursting\coupling_rl1_c1\plots\map_0630.png,,
631,ok,12000.0,5.8611193690212385e-09,C:\Users\vchat\Downloads\Vaishnavi_s_Thesis__2_\automation\results_behavior_windows\tonic_bursting\coupling_rl1_c1\raw_runs\map_0631.raw,C:\Users\vchat\Downloads\Vaishnavi_s_Thesis__2_\automation\results_behavior_windows\tonic_bursting\coupling_rl1_c1\raw_runs\map_0631.log,C:\Users\vchat\Downloads\Vaishnavi_s_Thesis__2_\automation\results_behavior_windows\tonic_bursting\coupling_rl1_c1\plots\map_0631.png,,
632,ok,12000.0,6.870544051583186e-09,C:\Users\vchat\Downloads\Vaishnavi_s_Thesis__2_\automation\results_behavior_windows\tonic_bursting\coupling_rl1_c1\raw_runs\map_0632.raw,C:\Users\vchat\Downloads\Vaishnavi_s_Thesis__2_\automation\results_behavior_windows\tonic_bursting\coupling_rl1_c1\raw_runs\map_0632.log,C:\Users\vchat\Downloads\Vaishnavi_s_Thesis__2_\automation\results_behavior_windows\tonic_bursting\coupling_rl1_c1\plots\map_0632.png,,
633,ok,12000.0,8.053815763289574e-09,C:\Users\vchat\Downloads\Vaishnavi_s_Thesis__2_\automation\results_behavior_windows\tonic_bursting\coupling_rl1_c1\raw_runs\map_0633.raw,C:\Users\vchat\Downloads\Vaishnavi_s_Thesis__2_\automation\results_behavior_windows\tonic_bursting\coupling_rl1_c1\raw_runs\map_0633.log,C:\Users\vchat\Downloads\Vaishnavi_s_Thesis__2_\automation\results_behavior_windows\tonic_bursting\coupling_rl1_c1\plots\map_0633.png,,
634,ok,12000.0,9.44087511294902e-09,C:\Users\vchat\Downloads\Vaishnavi_s_Thesis__2_\automation\results_behavior_windows\tonic_bursting\coupling_rl1_c1\raw_runs\map_0634.raw,C:\Users\vchat\Downloads\Vaishnavi_s_Thesis__2_\automation\results_behavior_windows\tonic_bursting\coupling_rl1_c1\raw_runs\map_0634.log,C:\Users\vchat\Downloads\Vaishnavi_s_Thesis__2_\automation\results_behavior_windows\tonic_bursting\coupling_rl1_c1\plots\map_0634.png,,
635,ok,12000.0,1.1066819197003217e-08,C:\Users\vchat\Downloads\Vaishnavi_s_Thesis__2_\automation\results_behavior_windows\tonic_bursting\coupling_rl1_c1\raw_runs\map_0635.raw,C:\Users\vchat\Downloads\Vaishnavi_s_Thesis__2_\automation\results_behavior_windows\tonic_bursting\coupling_rl1_c1\raw_runs\map_0635.log,C:\Users\vchat\Downloads\Vaishnavi_s_Thesis__2_\automation\results_behavior_windows\tonic_bursting\coupling_rl1_c1\plots\map_0635.png,,
636,ok,12000.0,1.2972789669802326e-08,C:\Users\vchat\Downloads\Vaishnavi_s_Thesis__2_\automation\results_behavior_windows\tonic_bursting\coupling_rl1_c1\raw_runs\map_0636.raw,C:\Users\vchat\Downloads\Vaishnavi_s_Thesis__2_\automation\results_behavior_windows\tonic_bursting\coupling_rl1_c1\raw_runs\map_0636.log,C:\Users\vchat\Downloads\Vaishnavi_s_Thesis__2_\automation\results_behavior_windows\tonic_bursting\coupling_rl1_c1\plots\map_0636.png,,
637,ok,12000.0,1.5207013760783413e-08,C:\Users\vchat\Downloads\Vaishnavi_s_Thesis__2_\automation\results_behavior_windows\tonic_bursting\coupling_rl1_c1\raw_runs\map_0637.raw,C:\Users\vchat\Downloads\Vaishnavi_s_Thesis__2_\automation\results_behavior_windows\tonic_bursting\coupling_rl1_c1\raw_runs\map_0637.log,C:\Users\vchat\Downloads\Vaishnavi_s_Thesis__2_\automation\results_behavior_windows\tonic_bursting\coupling_rl1_c1\plots\map_0637.png,,
638,ok,12000.0,1.7826024579660037e-08,C:\Users\vchat\Downloads\Vaishnavi_s_Thesis__2_\automation\results_behavior_windows\tonic_bursting\coupling_rl1_c1\raw_runs\map_0638.raw,C:\Users\vchat\Downloads\Vaishnavi_s_Thesis__2_\automation\results_behavior_windows\tonic_bursting\coupling_rl1_c1\raw_runs\map_0638.log,C:\Users\vchat\Downloads\Vaishnavi_s_Thesis__2_\automation\results_behavior_windows\tonic_bursting\coupling_rl1_c1\plots\map_0638.png,,
639,ok,12000.0,2.0896091587298827e-08,C:\Users\vchat\Downloads\Vaishnavi_s_Thesis__2_\automation\results_behavior_windows\tonic_bursting\coupling_rl1_c1\raw_runs\map_0639.raw,C:\Users\vchat\Downloads\Vaishnavi_s_Thesis__2_\automation\results_behavior_windows\tonic_bursting\coupling_rl1_c1\raw_runs\map_0639.log,C:\Users\vchat\Downloads\Vaishnavi_s_Thesis__2_\automation\results_behavior_windows\tonic_bursting\coupling_rl1_c1\plots\map_0639.png,,
640,ok,12000.0,2.4494897427831788e-08,C:\Users\vchat\Downloads\Vaishnavi_s_Thesis__2_\automation\results_behavior_windows\tonic_bursting\coupling_rl1_c1\raw_runs\map_0640.raw,C:\Users\vchat\Downloads\Vaishnavi_s_Thesis__2_\automation\results_behavior_windows\tonic_bursting\coupling_rl1_c1\raw_runs\map_0640.log,C:\Users\vchat\Downloads\Vaishnavi_s_Thesis__2_\automation\results_behavior_windows\tonic_bursting\coupling_rl1_c1\plots\map_0640.png,,
641,ok,12000.0,2.8713503551290684e-08,C:\Users\vchat\Downloads\Vaishnavi_s_Thesis__2_\automation\results_behavior_windows\tonic_bursting\coupling_rl1_c1\raw_runs\map_0641.raw,C:\Users\vchat\Downloads\Vaishnavi_s_Thesis__2_\automation\results_behavior_windows\tonic_bursting\coupling_rl1_c1\raw_runs\map_0641.log,C:\Users\vchat\Downloads\Vaishnavi_s_Thesis__2_\automation\results_behavior_windows\tonic_bursting\coupling_rl1_c1\plots\map_0641.png,,
642,ok,12000.0,3.3658654363385995e-08,C:\Users\vchat\Downloads\Vaishnavi_s_Thesis__2_\automation\results_behavior_windows\tonic_bursting\coupling_rl1_c1\raw_runs\map_0642.raw,C:\Users\vchat\Downloads\Vaishnavi_s_Thesis__2_\automation\results_behavior_windows\tonic_bursting\coupling_rl1_c1\raw_runs\map_0642.log,C:\Users\vchat\Downloads\Vaishnavi_s_Thesis__2_\automation\results_behavior_windows\tonic_bursting\coupling_rl1_c1\plots\map_0642.png,,
643,ok,12000.0,3.945547820488658e-08,C:\Users\vchat\Downloads\Vaishnavi_s_Thesis__2_\automation\results_behavior_windows\tonic_bursting\coupling_rl1_c1\raw_runs\map_0643.raw,C:\Users\vchat\Downloads\Vaishnavi_s_Thesis__2_\automation\results_behavior_windows\tonic_bursting\coupling_rl1_c1\raw_runs\map_0643.log,C:\Users\vchat\Downloads\Vaishnavi_s_Thesis__2_\automation\results_behavior_windows\tonic_bursting\coupling_rl1_c1\plots\map_0643.png,,
644,ok,12000.0,4.625065350413122e-08,C:\Users\vchat\Downloads\Vaishnavi_s_Thesis__2_\automation\results_behavior_windows\tonic_bursting\coupling_rl1_c1\raw_runs\map_0644.raw,C:\Users\vchat\Downloads\Vaishnavi_s_Thesis__2_\automation\results_behavior_windows\tonic_bursting\coupling_rl1_c1\raw_runs\map_0644.log,C:\Users\vchat\Downloads\Vaishnavi_s_Thesis__2_\automation\results_behavior_windows\tonic_bursting\coupling_rl1_c1\plots\map_0644.png,,
645,ok,12000.0,5.421612021659072e-08,C:\Users\vchat\Downloads\Vaishnavi_s_Thesis__2_\automation\results_behavior_windows\tonic_bursting\coupling_rl1_c1\raw_runs\map_0645.raw,C:\Users\vchat\Downloads\Vaishnavi_s_Thesis__2_\automation\results_behavior_windows\tonic_bursting\coupling_rl1_c1\raw_runs\map_0645.log,C:\Users\vchat\Downloads\Vaishnavi_s_Thesis__2_\automation\results_behavior_windows\tonic_bursting\coupling_rl1_c1\plots\map_0645.png,,
646,ok,12000.0,6.355343046292877e-08,C:\Users\vchat\Downloads\Vaishnavi_s_Thesis__2_\automation\results_behavior_windows\tonic_bursting\coupling_rl1_c1\raw_runs\map_0646.raw,C:\Users\vchat\Downloads\Vaishnavi_s_Thesis__2_\automation\results_behavior_windows\tonic_bursting\coupling_rl1_c1\raw_runs\map_0646.log,C:\Users\vchat\Downloads\Vaishnavi_s_Thesis__2_\automation\results_behavior_windows\tonic_bursting\coupling_rl1_c1\plots\map_0646.png,,
647,ok,12000.0,7.449884845080326e-08,C:\Users\vchat\Downloads\Vaishnavi_s_Thesis__2_\automation\results_behavior_windows\tonic_bursting\coupling_rl1_c1\raw_runs\map_0647.raw,C:\Users\vchat\Downloads\Vaishnavi_s_Thesis__2_\automation\results_behavior_windows\tonic_bursting\coupling_rl1_c1\raw_runs\map_0647.log,C:\Users\vchat\Downloads\Vaishnavi_s_Thesis__2_\automation\results_behavior_windows\tonic_bursting\coupling_rl1_c1\plots\map_0647.png,,
648,ok,12000.0,8.732932872495618e-08,C:\Users\vchat\Downloads\Vaishnavi_s_Thesis__2_\automation\results_behavior_windows\tonic_bursting\coupling_rl1_c1\raw_runs\map_0648.raw,C:\Users\vchat\Downloads\Vaishnavi_s_Thesis__2_\automation\results_behavior_windows\tonic_bursting\coupling_rl1_c1\raw_runs\map_0648.log,C:\Users\vchat\Downloads\Vaishnavi_s_Thesis__2_\automation\results_behavior_windows\tonic_bursting\coupling_rl1_c1\plots\map_0648.png,,
649,ok,12000.0,1.0236952401469272e-07,C:\Users\vchat\Downloads\Vaishnavi_s_Thesis__2_\automation\results_behavior_windows\tonic_bursting\coupling_rl1_c1\raw_runs\map_0649.raw,C:\Users\vchat\Downloads\Vaishnavi_s_Thesis__2_\automation\results_behavior_windows\tonic_bursting\coupling_rl1_c1\raw_runs\map_0649.log,C:\Users\vchat\Downloads\Vaishnavi_s_Thesis__2_\automation\results_behavior_windows\tonic_bursting\coupling_rl1_c1\plots\map_0649.png,,
650,ok,12000.0,1.2000000000000007e-07,C:\Users\vchat\Downloads\Vaishnavi_s_Thesis__2_\automation\results_behavior_windows\tonic_bursting\coupling_rl1_c1\raw_runs\map_0650.raw,C:\Users\vchat\Downloads\Vaishnavi_s_Thesis__2_\automation\results_behavior_windows\tonic_bursting\coupling_rl1_c1\raw_runs\map_0650.log,C:\Users\vchat\Downloads\Vaishnavi_s_Thesis__2_\automation\results_behavior_windows\tonic_bursting\coupling_rl1_c1\plots\map_0650.png,,
